query_index,query_path,query_pid,baseline_best_true_rank,baseline_rank1_correct,top100_bucket,recoverable_top50,recoverable_top100
2,D:\deep-person-reid\reid-data\dukemtmc-reid\DukeMTMC-reID/query\0005_c6_f0030883.jpg,5,1738,False,rank_gt_100,False,False
3,D:\deep-person-reid\reid-data\dukemtmc-reid\DukeMTMC-reID/query\0019_c1_f0051470.jpg,19,1657,False,rank_gt_100,False,False
7,D:\deep-person-reid\reid-data\dukemtmc-reid\DukeMTMC-reID/query\0021_c1_f0052336.jpg,21,322,False,rank_gt_100,False,False
14,D:\deep-person-reid\reid-data\dukemtmc-reid\DukeMTMC-reID/query\0023_c4_f0031504.jpg,23,21,False,rank_21_50,True,True
17,D:\deep-person-reid\reid-data\dukemtmc-reid\DukeMTMC-reID/query\0027_c1_f0054309.jpg,27,263,False,rank_gt_100,False,False
18,D:\deep-person-reid\reid-data\dukemtmc-reid\DukeMTMC-reID/query\0027_c2_f0054638.jpg,27,43,False,rank_21_50,True,True
19,D:\deep-person-reid\reid-data\dukemtmc-reid\DukeMTMC-reID/query\0027_c3_f0030042.jpg,27,65,False,rank_51_100,False,True
20,D:\deep-person-reid\reid-data\dukemtmc-reid\DukeMTMC-reID/query\0027_c4_f0023987.jpg,27,34,False,rank_21_50,True,True
29,D:\deep-person-reid\reid-data\dukemtmc-reid\DukeMTMC-reID/query\0033_c1_f0057706.jpg,33,188,False,rank_gt_100,False,False
33,D:\deep-person-reid\reid-data\dukemtmc-reid\DukeMTMC-reID/query\0034_c1_f0057636.jpg,34,293,False,rank_gt_100,False,False
34,D:\deep-person-reid\reid-data\dukemtmc-reid\DukeMTMC-reID/query\0034_c2_f0057453.jpg,34,113,False,rank_gt_100,False,False
36,D:\deep-person-reid\reid-data\dukemtmc-reid\DukeMTMC-reID/query\0035_c2_f0057892.jpg,35,294,False,rank_gt_100,False,False
37,D:\deep-person-reid\reid-data\dukemtmc-reid\DukeMTMC-reID/query\0039_c1_f0058725.jpg,39,899,False,rank_gt_100,False,False
39,D:\deep-person-reid\reid-data\dukemtmc-reid\DukeMTMC-reID/query\0039_c3_f0040399.jpg,39,48,False,rank_21_50,True,True
40,D:\deep-person-reid\reid-data\dukemtmc-reid\DukeMTMC-reID/query\0039_c4_f0037989.jpg,39,404,False,rank_gt_100,False,False
41,D:\deep-person-reid\reid-data\dukemtmc-reid\DukeMTMC-reID/query\0042_c1_f0059238.jpg,42,28,False,rank_21_50,True,True
45,D:\deep-person-reid\reid-data\dukemtmc-reid\DukeMTMC-reID/query\0043_c1_f0059677.jpg,43,1679,False,rank_gt_100,False,False
48,D:\deep-person-reid\reid-data\dukemtmc-reid\DukeMTMC-reID/query\0043_c8_f0015591.jpg,43,2828,False,rank_gt_100,False,False
49,D:\deep-person-reid\reid-data\dukemtmc-reid\DukeMTMC-reID/query\0044_c1_f0059515.jpg,44,762,False,rank_gt_100,False,False
51,D:\deep-person-reid\reid-data\dukemtmc-reid\DukeMTMC-reID/query\0044_c5_f0061197.jpg,44,31,False,rank_21_50,True,True
58,D:\deep-person-reid\reid-data\dukemtmc-reid\DukeMTMC-reID/query\0047_c2_f0063956.jpg,47,58,False,rank_51_100,False,True
59,D:\deep-person-reid\reid-data\dukemtmc-reid\DukeMTMC-reID/query\0047_c3_f0041514.jpg,47,253,False,rank_gt_100,False,False
60,D:\deep-person-reid\reid-data\dukemtmc-reid\DukeMTMC-reID/query\0047_c4_f0039318.jpg,47,1091,False,rank_gt_100,False,False
61,D:\deep-person-reid\reid-data\dukemtmc-reid\DukeMTMC-reID/query\0049_c1_f0060029.jpg,49,71,False,rank_51_100,False,True
63,D:\deep-person-reid\reid-data\dukemtmc-reid\DukeMTMC-reID/query\0050_c1_f0060180.jpg,50,130,False,rank_gt_100,False,False
64,D:\deep-person-reid\reid-data\dukemtmc-reid\DukeMTMC-reID/query\0050_c2_f0064798.jpg,50,72,False,rank_51_100,False,True
65,D:\deep-person-reid\reid-data\dukemtmc-reid\DukeMTMC-reID/query\0050_c3_f0041757.jpg,50,21,False,rank_21_50,True,True
67,D:\deep-person-reid\reid-data\dukemtmc-reid\DukeMTMC-reID/query\0051_c1_f0060060.jpg,51,2202,False,rank_gt_100,False,False
70,D:\deep-person-reid\reid-data\dukemtmc-reid\DukeMTMC-reID/query\0051_c4_f0030830.jpg,51,431,False,rank_gt_100,False,False
71,D:\deep-person-reid\reid-data\dukemtmc-reid\DukeMTMC-reID/query\0053_c1_f0060659.jpg,53,281,False,rank_gt_100,False,False
72,D:\deep-person-reid\reid-data\dukemtmc-reid\DukeMTMC-reID/query\0053_c2_f0063910.jpg,53,39,False,rank_21_50,True,True
75,D:\deep-person-reid\reid-data\dukemtmc-reid\DukeMTMC-reID/query\0061_c1_f0062281.jpg,61,499,False,rank_gt_100,False,False
76,D:\deep-person-reid\reid-data\dukemtmc-reid\DukeMTMC-reID/query\0061_c2_f0066945.jpg,61,294,False,rank_gt_100,False,False
81,D:\deep-person-reid\reid-data\dukemtmc-reid\DukeMTMC-reID/query\0068_c1_f0063910.jpg,68,216,False,rank_gt_100,False,False
83,D:\deep-person-reid\reid-data\dukemtmc-reid\DukeMTMC-reID/query\0068_c3_f0044983.jpg,68,86,False,rank_51_100,False,True
84,D:\deep-person-reid\reid-data\dukemtmc-reid\DukeMTMC-reID/query\0068_c4_f0042531.jpg,68,321,False,rank_gt_100,False,False
85,D:\deep-person-reid\reid-data\dukemtmc-reid\DukeMTMC-reID/query\0069_c1_f0063936.jpg,69,61,False,rank_51_100,False,True
88,D:\deep-person-reid\reid-data\dukemtmc-reid\DukeMTMC-reID/query\0072_c1_f0064374.jpg,72,349,False,rank_gt_100,False,False
89,D:\deep-person-reid\reid-data\dukemtmc-reid\DukeMTMC-reID/query\0072_c2_f0064014.jpg,72,68,False,rank_51_100,False,True
94,D:\deep-person-reid\reid-data\dukemtmc-reid\DukeMTMC-reID/query\0075_c3_f0046520.jpg,75,171,False,rank_gt_100,False,False
95,D:\deep-person-reid\reid-data\dukemtmc-reid\DukeMTMC-reID/query\0075_c4_f0043898.jpg,75,31,False,rank_21_50,True,True
106,D:\deep-person-reid\reid-data\dukemtmc-reid\DukeMTMC-reID/query\0078_c4_f0034045.jpg,78,341,False,rank_gt_100,False,False
110,D:\deep-person-reid\reid-data\dukemtmc-reid\DukeMTMC-reID/query\0080_c2_f0070131.jpg,80,26,False,rank_21_50,True,True
112,D:\deep-person-reid\reid-data\dukemtmc-reid\DukeMTMC-reID/query\0080_c4_f0044060.jpg,80,640,False,rank_gt_100,False,False
122,D:\deep-person-reid\reid-data\dukemtmc-reid\DukeMTMC-reID/query\0088_c2_f0072748.jpg,88,31,False,rank_21_50,True,True
124,D:\deep-person-reid\reid-data\dukemtmc-reid\DukeMTMC-reID/query\0088_c4_f0048648.jpg,88,259,False,rank_gt_100,False,False
125,D:\deep-person-reid\reid-data\dukemtmc-reid\DukeMTMC-reID/query\0089_c1_f0069226.jpg,89,752,False,rank_gt_100,False,False
127,D:\deep-person-reid\reid-data\dukemtmc-reid\DukeMTMC-reID/query\0090_c1_f0069115.jpg,90,48,False,rank_21_50,True,True
130,D:\deep-person-reid\reid-data\dukemtmc-reid\DukeMTMC-reID/query\0091_c2_f0073387.jpg,91,834,False,rank_gt_100,False,False
131,D:\deep-person-reid\reid-data\dukemtmc-reid\DukeMTMC-reID/query\0092_c1_f0069453.jpg,92,64,False,rank_51_100,False,True
133,D:\deep-person-reid\reid-data\dukemtmc-reid\DukeMTMC-reID/query\0095_c1_f0069660.jpg,95,24,False,rank_21_50,True,True
139,D:\deep-person-reid\reid-data\dukemtmc-reid\DukeMTMC-reID/query\0098_c1_f0069984.jpg,98,5502,False,rank_gt_100,False,False
143,D:\deep-person-reid\reid-data\dukemtmc-reid\DukeMTMC-reID/query\0099_c1_f0070437.jpg,99,134,False,rank_gt_100,False,False
144,D:\deep-person-reid\reid-data\dukemtmc-reid\DukeMTMC-reID/query\0099_c2_f0069951.jpg,99,242,False,rank_gt_100,False,False
145,D:\deep-person-reid\reid-data\dukemtmc-reid\DukeMTMC-reID/query\0099_c3_f0045400.jpg,99,62,False,rank_51_100,False,True
146,D:\deep-person-reid\reid-data\dukemtmc-reid\DukeMTMC-reID/query\0099_c4_f0039646.jpg,99,157,False,rank_gt_100,False,False
147,D:\deep-person-reid\reid-data\dukemtmc-reid\DukeMTMC-reID/query\0101_c1_f0070929.jpg,101,9026,False,rank_gt_100,False,False
148,D:\deep-person-reid\reid-data\dukemtmc-reid\DukeMTMC-reID/query\0101_c2_f0070591.jpg,101,108,False,rank_gt_100,False,False
149,D:\deep-person-reid\reid-data\dukemtmc-reid\DukeMTMC-reID/query\0103_c1_f0070571.jpg,103,2398,False,rank_gt_100,False,False
153,D:\deep-person-reid\reid-data\dukemtmc-reid\DukeMTMC-reID/query\0106_c1_f0071620.jpg,106,1487,False,rank_gt_100,False,False
154,D:\deep-person-reid\reid-data\dukemtmc-reid\DukeMTMC-reID/query\0106_c2_f0071469.jpg,106,209,False,rank_gt_100,False,False
155,D:\deep-person-reid\reid-data\dukemtmc-reid\DukeMTMC-reID/query\0106_c3_f0046940.jpg,106,67,False,rank_51_100,False,True
156,D:\deep-person-reid\reid-data\dukemtmc-reid\DukeMTMC-reID/query\0106_c4_f0041356.jpg,106,362,False,rank_gt_100,False,False
157,D:\deep-person-reid\reid-data\dukemtmc-reid\DukeMTMC-reID/query\0107_c1_f0071282.jpg,107,228,False,rank_gt_100,False,False
158,D:\deep-person-reid\reid-data\dukemtmc-reid\DukeMTMC-reID/query\0107_c2_f0071824.jpg,107,132,False,rank_gt_100,False,False
159,D:\deep-person-reid\reid-data\dukemtmc-reid\DukeMTMC-reID/query\0107_c3_f0046827.jpg,107,482,False,rank_gt_100,False,False
160,D:\deep-person-reid\reid-data\dukemtmc-reid\DukeMTMC-reID/query\0107_c4_f0041266.jpg,107,925,False,rank_gt_100,False,False
164,D:\deep-person-reid\reid-data\dukemtmc-reid\DukeMTMC-reID/query\0109_c6_f0059222.jpg,109,655,False,rank_gt_100,False,False
165,D:\deep-person-reid\reid-data\dukemtmc-reid\DukeMTMC-reID/query\0111_c1_f0071894.jpg,111,188,False,rank_gt_100,False,False
168,D:\deep-person-reid\reid-data\dukemtmc-reid\DukeMTMC-reID/query\0111_c8_f0028190.jpg,111,40,False,rank_21_50,True,True
178,D:\deep-person-reid\reid-data\dukemtmc-reid\DukeMTMC-reID/query\0115_c2_f0077031.jpg,115,705,False,rank_gt_100,False,False
187,D:\deep-person-reid\reid-data\dukemtmc-reid\DukeMTMC-reID/query\0119_c1_f0074020.jpg,119,865,False,rank_gt_100,False,False
192,D:\deep-person-reid\reid-data\dukemtmc-reid\DukeMTMC-reID/query\0122_c1_f0074953.jpg,122,1344,False,rank_gt_100,False,False
196,D:\deep-person-reid\reid-data\dukemtmc-reid\DukeMTMC-reID/query\0123_c3_f0050437.jpg,123,26,False,rank_21_50,True,True
197,D:\deep-person-reid\reid-data\dukemtmc-reid\DukeMTMC-reID/query\0123_c4_f0044820.jpg,123,103,False,rank_gt_100,False,False
198,D:\deep-person-reid\reid-data\dukemtmc-reid\DukeMTMC-reID/query\0125_c1_f0075694.jpg,125,123,False,rank_gt_100,False,False
199,D:\deep-person-reid\reid-data\dukemtmc-reid\DukeMTMC-reID/query\0125_c2_f0082051.jpg,125,31,False,rank_21_50,True,True
202,D:\deep-person-reid\reid-data\dukemtmc-reid\DukeMTMC-reID/query\0126_c3_f0059549.jpg,126,41,False,rank_21_50,True,True
205,D:\deep-person-reid\reid-data\dukemtmc-reid\DukeMTMC-reID/query\0127_c1_f0075956.jpg,127,63,False,rank_51_100,False,True
206,D:\deep-person-reid\reid-data\dukemtmc-reid\DukeMTMC-reID/query\0127_c2_f0075875.jpg,127,28,False,rank_21_50,True,True
207,D:\deep-person-reid\reid-data\dukemtmc-reid\DukeMTMC-reID/query\0128_c1_f0076112.jpg,128,862,False,rank_gt_100,False,False
208,D:\deep-person-reid\reid-data\dukemtmc-reid\DukeMTMC-reID/query\0128_c2_f0080602.jpg,128,1351,False,rank_gt_100,False,False
209,D:\deep-person-reid\reid-data\dukemtmc-reid\DukeMTMC-reID/query\0128_c3_f0057862.jpg,128,726,False,rank_gt_100,False,False
210,D:\deep-person-reid\reid-data\dukemtmc-reid\DukeMTMC-reID/query\0128_c4_f0055645.jpg,128,374,False,rank_gt_100,False,False
211,D:\deep-person-reid\reid-data\dukemtmc-reid\DukeMTMC-reID/query\0134_c1_f0077129.jpg,134,347,False,rank_gt_100,False,False
212,D:\deep-person-reid\reid-data\dukemtmc-reid\DukeMTMC-reID/query\0134_c2_f0080749.jpg,134,411,False,rank_gt_100,False,False
214,D:\deep-person-reid\reid-data\dukemtmc-reid\DukeMTMC-reID/query\0134_c6_f0065112.jpg,134,214,False,rank_gt_100,False,False
215,D:\deep-person-reid\reid-data\dukemtmc-reid\DukeMTMC-reID/query\0134_c7_f0067627.jpg,134,1916,False,rank_gt_100,False,False
219,D:\deep-person-reid\reid-data\dukemtmc-reid\DukeMTMC-reID/query\0135_c4_f0046746.jpg,135,191,False,rank_gt_100,False,False
222,D:\deep-person-reid\reid-data\dukemtmc-reid\DukeMTMC-reID/query\0136_c6_f0057115.jpg,136,36,False,rank_21_50,True,True
226,D:\deep-person-reid\reid-data\dukemtmc-reid\DukeMTMC-reID/query\0137_c6_f0066560.jpg,137,76,False,rank_51_100,False,True
227,D:\deep-person-reid\reid-data\dukemtmc-reid\DukeMTMC-reID/query\0137_c7_f0069000.jpg,137,76,False,rank_51_100,False,True
230,D:\deep-person-reid\reid-data\dukemtmc-reid\DukeMTMC-reID/query\0140_c8_f0141968.jpg,140,547,False,rank_gt_100,False,False
231,D:\deep-person-reid\reid-data\dukemtmc-reid\DukeMTMC-reID/query\0142_c1_f0079321.jpg,142,4530,False,rank_gt_100,False,False
232,D:\deep-person-reid\reid-data\dukemtmc-reid\DukeMTMC-reID/query\0142_c2_f0078414.jpg,142,62,False,rank_51_100,False,True
235,D:\deep-person-reid\reid-data\dukemtmc-reid\DukeMTMC-reID/query\0143_c3_f0055055.jpg,143,82,False,rank_51_100,False,True
236,D:\deep-person-reid\reid-data\dukemtmc-reid\DukeMTMC-reID/query\0143_c4_f0049743.jpg,143,67,False,rank_51_100,False,True
237,D:\deep-person-reid\reid-data\dukemtmc-reid\DukeMTMC-reID/query\0145_c1_f0080150.jpg,145,89,False,rank_51_100,False,True
238,D:\deep-person-reid\reid-data\dukemtmc-reid\DukeMTMC-reID/query\0145_c2_f0079839.jpg,145,6058,False,rank_gt_100,False,False
242,D:\deep-person-reid\reid-data\dukemtmc-reid\DukeMTMC-reID/query\0147_c4_f0049659.jpg,147,46,False,rank_21_50,True,True
244,D:\deep-person-reid\reid-data\dukemtmc-reid\DukeMTMC-reID/query\0149_c2_f0080441.jpg,149,55,False,rank_51_100,False,True
248,D:\deep-person-reid\reid-data\dukemtmc-reid\DukeMTMC-reID/query\0150_c4_f0051201.jpg,150,448,False,rank_gt_100,False,False
251,D:\deep-person-reid\reid-data\dukemtmc-reid\DukeMTMC-reID/query\0151_c3_f0057069.jpg,151,60,False,rank_51_100,False,True
252,D:\deep-person-reid\reid-data\dukemtmc-reid\DukeMTMC-reID/query\0151_c4_f0051330.jpg,151,735,False,rank_gt_100,False,False
253,D:\deep-person-reid\reid-data\dukemtmc-reid\DukeMTMC-reID/query\0158_c1_f0082789.jpg,158,1110,False,rank_gt_100,False,False
255,D:\deep-person-reid\reid-data\dukemtmc-reid\DukeMTMC-reID/query\0158_c3_f0064720.jpg,158,27,False,rank_21_50,True,True
261,D:\deep-person-reid\reid-data\dukemtmc-reid\DukeMTMC-reID/query\0162_c2_f0083708.jpg,162,142,False,rank_gt_100,False,False
263,D:\deep-person-reid\reid-data\dukemtmc-reid\DukeMTMC-reID/query\0162_c4_f0053991.jpg,162,81,False,rank_51_100,False,True
268,D:\deep-person-reid\reid-data\dukemtmc-reid\DukeMTMC-reID/query\0167_c1_f0084519.jpg,167,4187,False,rank_gt_100,False,False
269,D:\deep-person-reid\reid-data\dukemtmc-reid\DukeMTMC-reID/query\0167_c2_f0084455.jpg,167,397,False,rank_gt_100,False,False
270,D:\deep-person-reid\reid-data\dukemtmc-reid\DukeMTMC-reID/query\0169_c1_f0085186.jpg,169,28,False,rank_21_50,True,True
275,D:\deep-person-reid\reid-data\dukemtmc-reid\DukeMTMC-reID/query\0170_c4_f0064924.jpg,170,662,False,rank_gt_100,False,False
276,D:\deep-person-reid\reid-data\dukemtmc-reid\DukeMTMC-reID/query\0171_c1_f0085696.jpg,171,495,False,rank_gt_100,False,False
278,D:\deep-person-reid\reid-data\dukemtmc-reid\DukeMTMC-reID/query\0171_c3_f0068160.jpg,171,201,False,rank_gt_100,False,False
281,D:\deep-person-reid\reid-data\dukemtmc-reid\DukeMTMC-reID/query\0175_c1_f0085610.jpg,175,71,False,rank_51_100,False,True
287,D:\deep-person-reid\reid-data\dukemtmc-reid\DukeMTMC-reID/query\0181_c1_f0086457.jpg,181,2353,False,rank_gt_100,False,False
288,D:\deep-person-reid\reid-data\dukemtmc-reid\DukeMTMC-reID/query\0181_c2_f0091224.jpg,181,66,False,rank_51_100,False,True
289,D:\deep-person-reid\reid-data\dukemtmc-reid\DukeMTMC-reID/query\0183_c1_f0087290.jpg,183,6952,False,rank_gt_100,False,False
290,D:\deep-person-reid\reid-data\dukemtmc-reid\DukeMTMC-reID/query\0183_c7_f0069034.jpg,183,424,False,rank_gt_100,False,False
291,D:\deep-person-reid\reid-data\dukemtmc-reid\DukeMTMC-reID/query\0183_c8_f0042667.jpg,183,21,False,rank_21_50,True,True
294,D:\deep-person-reid\reid-data\dukemtmc-reid\DukeMTMC-reID/query\0184_c3_f0061789.jpg,184,22,False,rank_21_50,True,True
295,D:\deep-person-reid\reid-data\dukemtmc-reid\DukeMTMC-reID/query\0184_c4_f0056293.jpg,184,556,False,rank_gt_100,False,False
301,D:\deep-person-reid\reid-data\dukemtmc-reid\DukeMTMC-reID/query\0187_c2_f0092070.jpg,187,25,False,rank_21_50,True,True
302,D:\deep-person-reid\reid-data\dukemtmc-reid\DukeMTMC-reID/query\0187_c3_f0069305.jpg,187,488,False,rank_gt_100,False,False
303,D:\deep-person-reid\reid-data\dukemtmc-reid\DukeMTMC-reID/query\0187_c4_f0067179.jpg,187,511,False,rank_gt_100,False,False
304,D:\deep-person-reid\reid-data\dukemtmc-reid\DukeMTMC-reID/query\0188_c1_f0087974.jpg,188,468,False,rank_gt_100,False,False
306,D:\deep-person-reid\reid-data\dukemtmc-reid\DukeMTMC-reID/query\0188_c3_f0061909.jpg,188,3299,False,rank_gt_100,False,False
307,D:\deep-person-reid\reid-data\dukemtmc-reid\DukeMTMC-reID/query\0192_c1_f0088088.jpg,192,60,False,rank_51_100,False,True
308,D:\deep-person-reid\reid-data\dukemtmc-reid\DukeMTMC-reID/query\0192_c2_f0092522.jpg,192,74,False,rank_51_100,False,True
313,D:\deep-person-reid\reid-data\dukemtmc-reid\DukeMTMC-reID/query\0197_c6_f0074556.jpg,197,940,False,rank_gt_100,False,False
314,D:\deep-person-reid\reid-data\dukemtmc-reid\DukeMTMC-reID/query\0197_c7_f0078717.jpg,197,3441,False,rank_gt_100,False,False
321,D:\deep-person-reid\reid-data\dukemtmc-reid\DukeMTMC-reID/query\0200_c6_f0067346.jpg,200,35,False,rank_21_50,True,True
322,D:\deep-person-reid\reid-data\dukemtmc-reid\DukeMTMC-reID/query\0201_c1_f0089728.jpg,201,508,False,rank_gt_100,False,False
324,D:\deep-person-reid\reid-data\dukemtmc-reid\DukeMTMC-reID/query\0201_c5_f0091471.jpg,201,46,False,rank_21_50,True,True
326,D:\deep-person-reid\reid-data\dukemtmc-reid\DukeMTMC-reID/query\0204_c1_f0090510.jpg,204,704,False,rank_gt_100,False,False
327,D:\deep-person-reid\reid-data\dukemtmc-reid\DukeMTMC-reID/query\0204_c2_f0089070.jpg,204,26,False,rank_21_50,True,True
330,D:\deep-person-reid\reid-data\dukemtmc-reid\DukeMTMC-reID/query\0205_c5_f0092480.jpg,205,42,False,rank_21_50,True,True
331,D:\deep-person-reid\reid-data\dukemtmc-reid\DukeMTMC-reID/query\0205_c6_f0069343.jpg,205,383,False,rank_gt_100,False,False
332,D:\deep-person-reid\reid-data\dukemtmc-reid\DukeMTMC-reID/query\0206_c1_f0090326.jpg,206,441,False,rank_gt_100,False,False
335,D:\deep-person-reid\reid-data\dukemtmc-reid\DukeMTMC-reID/query\0206_c4_f0071226.jpg,206,715,False,rank_gt_100,False,False
336,D:\deep-person-reid\reid-data\dukemtmc-reid\DukeMTMC-reID/query\0207_c1_f0090094.jpg,207,83,False,rank_51_100,False,True
340,D:\deep-person-reid\reid-data\dukemtmc-reid\DukeMTMC-reID/query\0210_c1_f0090728.jpg,210,89,False,rank_51_100,False,True
346,D:\deep-person-reid\reid-data\dukemtmc-reid\DukeMTMC-reID/query\0212_c1_f0090490.jpg,212,30,False,rank_21_50,True,True
348,D:\deep-person-reid\reid-data\dukemtmc-reid\DukeMTMC-reID/query\0212_c5_f0092818.jpg,212,573,False,rank_gt_100,False,False
350,D:\deep-person-reid\reid-data\dukemtmc-reid\DukeMTMC-reID/query\0213_c1_f0091562.jpg,213,128,False,rank_gt_100,False,False
355,D:\deep-person-reid\reid-data\dukemtmc-reid\DukeMTMC-reID/query\0214_c4_f0061381.jpg,214,1636,False,rank_gt_100,False,False
356,D:\deep-person-reid\reid-data\dukemtmc-reid\DukeMTMC-reID/query\0215_c1_f0091488.jpg,215,4303,False,rank_gt_100,False,False
357,D:\deep-person-reid\reid-data\dukemtmc-reid\DukeMTMC-reID/query\0215_c2_f0096446.jpg,215,3157,False,rank_gt_100,False,False
360,D:\deep-person-reid\reid-data\dukemtmc-reid\DukeMTMC-reID/query\0218_c1_f0092641.jpg,218,901,False,rank_gt_100,False,False
362,D:\deep-person-reid\reid-data\dukemtmc-reid\DukeMTMC-reID/query\0219_c1_f0093113.jpg,219,408,False,rank_gt_100,False,False
363,D:\deep-person-reid\reid-data\dukemtmc-reid\DukeMTMC-reID/query\0219_c8_f0048588.jpg,219,36,False,rank_21_50,True,True
364,D:\deep-person-reid\reid-data\dukemtmc-reid\DukeMTMC-reID/query\0220_c1_f0092716.jpg,220,45,False,rank_21_50,True,True
367,D:\deep-person-reid\reid-data\dukemtmc-reid\DukeMTMC-reID/query\0220_c4_f0062939.jpg,220,167,False,rank_gt_100,False,False
370,D:\deep-person-reid\reid-data\dukemtmc-reid\DukeMTMC-reID/query\0221_c3_f0069090.jpg,221,101,False,rank_gt_100,False,False
372,D:\deep-person-reid\reid-data\dukemtmc-reid\DukeMTMC-reID/query\0223_c1_f0093840.jpg,223,927,False,rank_gt_100,False,False
377,D:\deep-person-reid\reid-data\dukemtmc-reid\DukeMTMC-reID/query\0229_c2_f0098289.jpg,229,879,False,rank_gt_100,False,False
379,D:\deep-person-reid\reid-data\dukemtmc-reid\DukeMTMC-reID/query\0230_c1_f0094160.jpg,230,695,False,rank_gt_100,False,False
380,D:\deep-person-reid\reid-data\dukemtmc-reid\DukeMTMC-reID/query\0230_c2_f0094102.jpg,230,88,False,rank_51_100,False,True
382,D:\deep-person-reid\reid-data\dukemtmc-reid\DukeMTMC-reID/query\0230_c6_f0072602.jpg,230,218,False,rank_gt_100,False,False
384,D:\deep-person-reid\reid-data\dukemtmc-reid\DukeMTMC-reID/query\0235_c6_f0055870.jpg,235,92,False,rank_51_100,False,True
387,D:\deep-person-reid\reid-data\dukemtmc-reid\DukeMTMC-reID/query\0237_c3_f0069501.jpg,237,2465,False,rank_gt_100,False,False
389,D:\deep-person-reid\reid-data\dukemtmc-reid\DukeMTMC-reID/query\0238_c1_f0094853.jpg,238,32,False,rank_21_50,True,True
390,D:\deep-person-reid\reid-data\dukemtmc-reid\DukeMTMC-reID/query\0238_c2_f0094676.jpg,238,456,False,rank_gt_100,False,False
391,D:\deep-person-reid\reid-data\dukemtmc-reid\DukeMTMC-reID/query\0239_c1_f0095533.jpg,239,3982,False,rank_gt_100,False,False
392,D:\deep-person-reid\reid-data\dukemtmc-reid\DukeMTMC-reID/query\0239_c8_f0051344.jpg,239,325,False,rank_gt_100,False,False
393,D:\deep-person-reid\reid-data\dukemtmc-reid\DukeMTMC-reID/query\0240_c1_f0095215.jpg,240,149,False,rank_gt_100,False,False
394,D:\deep-person-reid\reid-data\dukemtmc-reid\DukeMTMC-reID/query\0240_c2_f0095029.jpg,240,273,False,rank_gt_100,False,False
395,D:\deep-person-reid\reid-data\dukemtmc-reid\DukeMTMC-reID/query\0240_c3_f0070545.jpg,240,57,False,rank_51_100,False,True
396,D:\deep-person-reid\reid-data\dukemtmc-reid\DukeMTMC-reID/query\0240_c4_f0065130.jpg,240,1348,False,rank_gt_100,False,False
397,D:\deep-person-reid\reid-data\dukemtmc-reid\DukeMTMC-reID/query\0241_c1_f0095131.jpg,241,29,False,rank_21_50,True,True
398,D:\deep-person-reid\reid-data\dukemtmc-reid\DukeMTMC-reID/query\0241_c2_f0094825.jpg,241,23,False,rank_21_50,True,True
402,D:\deep-person-reid\reid-data\dukemtmc-reid\DukeMTMC-reID/query\0243_c1_f0095564.jpg,243,255,False,rank_gt_100,False,False
407,D:\deep-person-reid\reid-data\dukemtmc-reid\DukeMTMC-reID/query\0244_c6_f0073324.jpg,244,372,False,rank_gt_100,False,False
410,D:\deep-person-reid\reid-data\dukemtmc-reid\DukeMTMC-reID/query\0247_c1_f0095658.jpg,247,839,False,rank_gt_100,False,False
413,D:\deep-person-reid\reid-data\dukemtmc-reid\DukeMTMC-reID/query\0247_c4_f0074689.jpg,247,415,False,rank_gt_100,False,False
416,D:\deep-person-reid\reid-data\dukemtmc-reid\DukeMTMC-reID/query\0249_c3_f0071496.jpg,249,444,False,rank_gt_100,False,False
417,D:\deep-person-reid\reid-data\dukemtmc-reid\DukeMTMC-reID/query\0251_c1_f0096035.jpg,251,381,False,rank_gt_100,False,False
418,D:\deep-person-reid\reid-data\dukemtmc-reid\DukeMTMC-reID/query\0251_c2_f0096850.jpg,251,128,False,rank_gt_100,False,False
419,D:\deep-person-reid\reid-data\dukemtmc-reid\DukeMTMC-reID/query\0251_c3_f0071565.jpg,251,2074,False,rank_gt_100,False,False
420,D:\deep-person-reid\reid-data\dukemtmc-reid\DukeMTMC-reID/query\0251_c4_f0066325.jpg,251,2052,False,rank_gt_100,False,False
421,D:\deep-person-reid\reid-data\dukemtmc-reid\DukeMTMC-reID/query\0253_c2_f0096963.jpg,253,2021,False,rank_gt_100,False,False
422,D:\deep-person-reid\reid-data\dukemtmc-reid\DukeMTMC-reID/query\0253_c3_f0071714.jpg,253,4777,False,rank_gt_100,False,False
423,D:\deep-person-reid\reid-data\dukemtmc-reid\DukeMTMC-reID/query\0253_c4_f0066302.jpg,253,106,False,rank_gt_100,False,False
424,D:\deep-person-reid\reid-data\dukemtmc-reid\DukeMTMC-reID/query\0254_c1_f0096347.jpg,254,479,False,rank_gt_100,False,False
430,D:\deep-person-reid\reid-data\dukemtmc-reid\DukeMTMC-reID/query\0257_c1_f0096507.jpg,257,1581,False,rank_gt_100,False,False
432,D:\deep-person-reid\reid-data\dukemtmc-reid\DukeMTMC-reID/query\0257_c3_f0071976.jpg,257,3165,False,rank_gt_100,False,False
433,D:\deep-person-reid\reid-data\dukemtmc-reid\DukeMTMC-reID/query\0257_c4_f0066446.jpg,257,2112,False,rank_gt_100,False,False
434,D:\deep-person-reid\reid-data\dukemtmc-reid\DukeMTMC-reID/query\0261_c1_f0096859.jpg,261,3364,False,rank_gt_100,False,False
435,D:\deep-person-reid\reid-data\dukemtmc-reid\DukeMTMC-reID/query\0261_c5_f0098615.jpg,261,139,False,rank_gt_100,False,False
436,D:\deep-person-reid\reid-data\dukemtmc-reid\DukeMTMC-reID/query\0261_c6_f0074589.jpg,261,299,False,rank_gt_100,False,False
437,D:\deep-person-reid\reid-data\dukemtmc-reid\DukeMTMC-reID/query\0262_c1_f0097107.jpg,262,1622,False,rank_gt_100,False,False
438,D:\deep-person-reid\reid-data\dukemtmc-reid\DukeMTMC-reID/query\0262_c5_f0099052.jpg,262,61,False,rank_51_100,False,True
439,D:\deep-person-reid\reid-data\dukemtmc-reid\DukeMTMC-reID/query\0262_c6_f0075042.jpg,262,168,False,rank_gt_100,False,False
440,D:\deep-person-reid\reid-data\dukemtmc-reid\DukeMTMC-reID/query\0264_c1_f0096537.jpg,264,21,False,rank_21_50,True,True
443,D:\deep-person-reid\reid-data\dukemtmc-reid\DukeMTMC-reID/query\0264_c4_f0075469.jpg,264,114,False,rank_gt_100,False,False
444,D:\deep-person-reid\reid-data\dukemtmc-reid\DukeMTMC-reID/query\0266_c1_f0096613.jpg,266,234,False,rank_gt_100,False,False
445,D:\deep-person-reid\reid-data\dukemtmc-reid\DukeMTMC-reID/query\0266_c2_f0096386.jpg,266,34,False,rank_21_50,True,True
446,D:\deep-person-reid\reid-data\dukemtmc-reid\DukeMTMC-reID/query\0267_c1_f0097000.jpg,267,30,False,rank_21_50,True,True
447,D:\deep-person-reid\reid-data\dukemtmc-reid\DukeMTMC-reID/query\0267_c2_f0096513.jpg,267,464,False,rank_gt_100,False,False
452,D:\deep-person-reid\reid-data\dukemtmc-reid\DukeMTMC-reID/query\0269_c1_f0096901.jpg,269,1325,False,rank_gt_100,False,False
453,D:\deep-person-reid\reid-data\dukemtmc-reid\DukeMTMC-reID/query\0269_c2_f0101099.jpg,269,57,False,rank_51_100,False,True
454,D:\deep-person-reid\reid-data\dukemtmc-reid\DukeMTMC-reID/query\0270_c1_f0097056.jpg,270,56,False,rank_51_100,False,True
458,D:\deep-person-reid\reid-data\dukemtmc-reid\DukeMTMC-reID/query\0272_c1_f0097338.jpg,272,2058,False,rank_gt_100,False,False
460,D:\deep-person-reid\reid-data\dukemtmc-reid\DukeMTMC-reID/query\0272_c3_f0079165.jpg,272,29,False,rank_21_50,True,True
461,D:\deep-person-reid\reid-data\dukemtmc-reid\DukeMTMC-reID/query\0272_c4_f0077334.jpg,272,150,False,rank_gt_100,False,False
466,D:\deep-person-reid\reid-data\dukemtmc-reid\DukeMTMC-reID/query\0274_c3_f0079582.jpg,274,5946,False,rank_gt_100,False,False
468,D:\deep-person-reid\reid-data\dukemtmc-reid\DukeMTMC-reID/query\0275_c2_f0102018.jpg,275,25,False,rank_21_50,True,True
469,D:\deep-person-reid\reid-data\dukemtmc-reid\DukeMTMC-reID/query\0276_c1_f0098141.jpg,276,28,False,rank_21_50,True,True
470,D:\deep-person-reid\reid-data\dukemtmc-reid\DukeMTMC-reID/query\0276_c2_f0102199.jpg,276,975,False,rank_gt_100,False,False
471,D:\deep-person-reid\reid-data\dukemtmc-reid\DukeMTMC-reID/query\0277_c1_f0097700.jpg,277,137,False,rank_gt_100,False,False
476,D:\deep-person-reid\reid-data\dukemtmc-reid\DukeMTMC-reID/query\0279_c4_f0068009.jpg,279,117,False,rank_gt_100,False,False
477,D:\deep-person-reid\reid-data\dukemtmc-reid\DukeMTMC-reID/query\0285_c1_f0098981.jpg,285,43,False,rank_21_50,True,True
478,D:\deep-person-reid\reid-data\dukemtmc-reid\DukeMTMC-reID/query\0285_c2_f0103976.jpg,285,149,False,rank_gt_100,False,False
479,D:\deep-person-reid\reid-data\dukemtmc-reid\DukeMTMC-reID/query\0285_c3_f0080867.jpg,285,2327,False,rank_gt_100,False,False
480,D:\deep-person-reid\reid-data\dukemtmc-reid\DukeMTMC-reID/query\0285_c4_f0078951.jpg,285,572,False,rank_gt_100,False,False
481,D:\deep-person-reid\reid-data\dukemtmc-reid\DukeMTMC-reID/query\0287_c1_f0098841.jpg,287,263,False,rank_gt_100,False,False
482,D:\deep-person-reid\reid-data\dukemtmc-reid\DukeMTMC-reID/query\0287_c2_f0098655.jpg,287,121,False,rank_gt_100,False,False
483,D:\deep-person-reid\reid-data\dukemtmc-reid\DukeMTMC-reID/query\0287_c5_f0101162.jpg,287,35,False,rank_21_50,True,True
484,D:\deep-person-reid\reid-data\dukemtmc-reid\DukeMTMC-reID/query\0287_c6_f0077054.jpg,287,906,False,rank_gt_100,False,False
485,D:\deep-person-reid\reid-data\dukemtmc-reid\DukeMTMC-reID/query\0288_c1_f0098523.jpg,288,1097,False,rank_gt_100,False,False
486,D:\deep-person-reid\reid-data\dukemtmc-reid\DukeMTMC-reID/query\0288_c2_f0103740.jpg,288,32,False,rank_21_50,True,True
487,D:\deep-person-reid\reid-data\dukemtmc-reid\DukeMTMC-reID/query\0288_c3_f0081448.jpg,288,931,False,rank_gt_100,False,False
488,D:\deep-person-reid\reid-data\dukemtmc-reid\DukeMTMC-reID/query\0288_c4_f0078876.jpg,288,570,False,rank_gt_100,False,False
492,D:\deep-person-reid\reid-data\dukemtmc-reid\DukeMTMC-reID/query\0292_c6_f0087135.jpg,292,996,False,rank_gt_100,False,False
497,D:\deep-person-reid\reid-data\dukemtmc-reid\DukeMTMC-reID/query\0294_c1_f0099831.jpg,294,435,False,rank_gt_100,False,False
498,D:\deep-person-reid\reid-data\dukemtmc-reid\DukeMTMC-reID/query\0294_c2_f0099625.jpg,294,162,False,rank_gt_100,False,False
499,D:\deep-person-reid\reid-data\dukemtmc-reid\DukeMTMC-reID/query\0294_c3_f0074168.jpg,294,1021,False,rank_gt_100,False,False
500,D:\deep-person-reid\reid-data\dukemtmc-reid\DukeMTMC-reID/query\0294_c4_f0069252.jpg,294,504,False,rank_gt_100,False,False
501,D:\deep-person-reid\reid-data\dukemtmc-reid\DukeMTMC-reID/query\0295_c1_f0099259.jpg,295,21,False,rank_21_50,True,True
505,D:\deep-person-reid\reid-data\dukemtmc-reid\DukeMTMC-reID/query\0298_c1_f0100461.jpg,298,26,False,rank_21_50,True,True
507,D:\deep-person-reid\reid-data\dukemtmc-reid\DukeMTMC-reID/query\0299_c1_f0100255.jpg,299,1342,False,rank_gt_100,False,False
508,D:\deep-person-reid\reid-data\dukemtmc-reid\DukeMTMC-reID/query\0299_c8_f0056506.jpg,299,2027,False,rank_gt_100,False,False
509,D:\deep-person-reid\reid-data\dukemtmc-reid\DukeMTMC-reID/query\0300_c1_f0100380.jpg,300,65,False,rank_51_100,False,True
518,D:\deep-person-reid\reid-data\dukemtmc-reid\DukeMTMC-reID/query\0303_c1_f0100165.jpg,303,1455,False,rank_gt_100,False,False
521,D:\deep-person-reid\reid-data\dukemtmc-reid\DukeMTMC-reID/query\0303_c4_f0079885.jpg,303,77,False,rank_51_100,False,True
522,D:\deep-person-reid\reid-data\dukemtmc-reid\DukeMTMC-reID/query\0304_c1_f0100891.jpg,304,420,False,rank_gt_100,False,False
524,D:\deep-person-reid\reid-data\dukemtmc-reid\DukeMTMC-reID/query\0304_c3_f0075882.jpg,304,36,False,rank_21_50,True,True
525,D:\deep-person-reid\reid-data\dukemtmc-reid\DukeMTMC-reID/query\0304_c4_f0069917.jpg,304,56,False,rank_51_100,False,True
534,D:\deep-person-reid\reid-data\dukemtmc-reid\DukeMTMC-reID/query\0313_c1_f0102711.jpg,313,659,False,rank_gt_100,False,False
535,D:\deep-person-reid\reid-data\dukemtmc-reid\DukeMTMC-reID/query\0313_c2_f0107591.jpg,313,32,False,rank_21_50,True,True
537,D:\deep-person-reid\reid-data\dukemtmc-reid\DukeMTMC-reID/query\0314_c2_f0102624.jpg,314,125,False,rank_gt_100,False,False
539,D:\deep-person-reid\reid-data\dukemtmc-reid\DukeMTMC-reID/query\0314_c4_f0072449.jpg,314,1005,False,rank_gt_100,False,False
541,D:\deep-person-reid\reid-data\dukemtmc-reid\DukeMTMC-reID/query\0315_c2_f0107077.jpg,315,384,False,rank_gt_100,False,False
543,D:\deep-person-reid\reid-data\dukemtmc-reid\DukeMTMC-reID/query\0315_c7_f0093938.jpg,315,26,False,rank_21_50,True,True
544,D:\deep-person-reid\reid-data\dukemtmc-reid\DukeMTMC-reID/query\0316_c1_f0102986.jpg,316,988,False,rank_gt_100,False,False
547,D:\deep-person-reid\reid-data\dukemtmc-reid\DukeMTMC-reID/query\0316_c6_f0081597.jpg,316,68,False,rank_51_100,False,True
548,D:\deep-person-reid\reid-data\dukemtmc-reid\DukeMTMC-reID/query\0321_c1_f0104596.jpg,321,254,False,rank_gt_100,False,False
549,D:\deep-person-reid\reid-data\dukemtmc-reid\DukeMTMC-reID/query\0321_c2_f0104133.jpg,321,682,False,rank_gt_100,False,False
550,D:\deep-person-reid\reid-data\dukemtmc-reid\DukeMTMC-reID/query\0321_c3_f0079633.jpg,321,549,False,rank_gt_100,False,False
551,D:\deep-person-reid\reid-data\dukemtmc-reid\DukeMTMC-reID/query\0321_c4_f0073930.jpg,321,109,False,rank_gt_100,False,False
552,D:\deep-person-reid\reid-data\dukemtmc-reid\DukeMTMC-reID/query\0323_c1_f0105515.jpg,323,403,False,rank_gt_100,False,False
564,D:\deep-person-reid\reid-data\dukemtmc-reid\DukeMTMC-reID/query\0332_c1_f0105510.jpg,332,100,False,rank_51_100,False,True
565,D:\deep-person-reid\reid-data\dukemtmc-reid\DukeMTMC-reID/query\0332_c2_f0110000.jpg,332,81,False,rank_51_100,False,True
571,D:\deep-person-reid\reid-data\dukemtmc-reid\DukeMTMC-reID/query\0334_c7_f0101819.jpg,334,22,False,rank_21_50,True,True
572,D:\deep-person-reid\reid-data\dukemtmc-reid\DukeMTMC-reID/query\0337_c1_f0106499.jpg,337,503,False,rank_gt_100,False,False
574,D:\deep-person-reid\reid-data\dukemtmc-reid\DukeMTMC-reID/query\0340_c1_f0106839.jpg,340,4682,False,rank_gt_100,False,False
576,D:\deep-person-reid\reid-data\dukemtmc-reid\DukeMTMC-reID/query\0341_c1_f0106021.jpg,341,64,False,rank_51_100,False,True
579,D:\deep-person-reid\reid-data\dukemtmc-reid\DukeMTMC-reID/query\0341_c4_f0076026.jpg,341,130,False,rank_gt_100,False,False
580,D:\deep-person-reid\reid-data\dukemtmc-reid\DukeMTMC-reID/query\0342_c1_f0106637.jpg,342,4403,False,rank_gt_100,False,False
581,D:\deep-person-reid\reid-data\dukemtmc-reid\DukeMTMC-reID/query\0342_c2_f0106675.jpg,342,178,False,rank_gt_100,False,False
582,D:\deep-person-reid\reid-data\dukemtmc-reid\DukeMTMC-reID/query\0342_c3_f0081622.jpg,342,915,False,rank_gt_100,False,False
583,D:\deep-person-reid\reid-data\dukemtmc-reid\DukeMTMC-reID/query\0342_c4_f0076032.jpg,342,233,False,rank_gt_100,False,False
584,D:\deep-person-reid\reid-data\dukemtmc-reid\DukeMTMC-reID/query\0344_c1_f0107172.jpg,344,557,False,rank_gt_100,False,False
586,D:\deep-person-reid\reid-data\dukemtmc-reid\DukeMTMC-reID/query\0344_c5_f0107267.jpg,344,94,False,rank_51_100,False,True
588,D:\deep-person-reid\reid-data\dukemtmc-reid\DukeMTMC-reID/query\0346_c1_f0106889.jpg,346,2823,False,rank_gt_100,False,False
590,D:\deep-person-reid\reid-data\dukemtmc-reid\DukeMTMC-reID/query\0346_c7_f0088327.jpg,346,56,False,rank_51_100,False,True
593,D:\deep-person-reid\reid-data\dukemtmc-reid\DukeMTMC-reID/query\0350_c1_f0107514.jpg,350,6385,False,rank_gt_100,False,False
594,D:\deep-person-reid\reid-data\dukemtmc-reid\DukeMTMC-reID/query\0350_c8_f0063219.jpg,350,203,False,rank_gt_100,False,False
595,D:\deep-person-reid\reid-data\dukemtmc-reid\DukeMTMC-reID/query\0351_c1_f0107171.jpg,351,1639,False,rank_gt_100,False,False
596,D:\deep-person-reid\reid-data\dukemtmc-reid\DukeMTMC-reID/query\0351_c8_f0067780.jpg,351,2089,False,rank_gt_100,False,False
597,D:\deep-person-reid\reid-data\dukemtmc-reid\DukeMTMC-reID/query\0352_c1_f0106937.jpg,352,526,False,rank_gt_100,False,False
598,D:\deep-person-reid\reid-data\dukemtmc-reid\DukeMTMC-reID/query\0352_c8_f0063355.jpg,352,33,False,rank_21_50,True,True
601,D:\deep-person-reid\reid-data\dukemtmc-reid\DukeMTMC-reID/query\0354_c1_f0107194.jpg,354,291,False,rank_gt_100,False,False
606,D:\deep-person-reid\reid-data\dukemtmc-reid\DukeMTMC-reID/query\0355_c1_f0107560.jpg,355,118,False,rank_gt_100,False,False
607,D:\deep-person-reid\reid-data\dukemtmc-reid\DukeMTMC-reID/query\0355_c2_f0106676.jpg,355,26,False,rank_21_50,True,True
608,D:\deep-person-reid\reid-data\dukemtmc-reid\DukeMTMC-reID/query\0355_c3_f0081368.jpg,355,33,False,rank_21_50,True,True
609,D:\deep-person-reid\reid-data\dukemtmc-reid\DukeMTMC-reID/query\0355_c4_f0075697.jpg,355,2321,False,rank_gt_100,False,False
610,D:\deep-person-reid\reid-data\dukemtmc-reid\DukeMTMC-reID/query\0356_c1_f0107353.jpg,356,400,False,rank_gt_100,False,False
611,D:\deep-person-reid\reid-data\dukemtmc-reid\DukeMTMC-reID/query\0356_c2_f0107912.jpg,356,75,False,rank_51_100,False,True
613,D:\deep-person-reid\reid-data\dukemtmc-reid\DukeMTMC-reID/query\0356_c4_f0077087.jpg,356,103,False,rank_gt_100,False,False
614,D:\deep-person-reid\reid-data\dukemtmc-reid\DukeMTMC-reID/query\0358_c1_f0107737.jpg,358,1290,False,rank_gt_100,False,False
615,D:\deep-person-reid\reid-data\dukemtmc-reid\DukeMTMC-reID/query\0358_c2_f0111905.jpg,358,151,False,rank_gt_100,False,False
616,D:\deep-person-reid\reid-data\dukemtmc-reid\DukeMTMC-reID/query\0358_c3_f0089507.jpg,358,125,False,rank_gt_100,False,False
617,D:\deep-person-reid\reid-data\dukemtmc-reid\DukeMTMC-reID/query\0358_c4_f0087432.jpg,358,260,False,rank_gt_100,False,False
621,D:\deep-person-reid\reid-data\dukemtmc-reid\DukeMTMC-reID/query\0359_c6_f0085905.jpg,359,35,False,rank_21_50,True,True
625,D:\deep-person-reid\reid-data\dukemtmc-reid\DukeMTMC-reID/query\0360_c6_f0086405.jpg,360,816,False,rank_gt_100,False,False
626,D:\deep-person-reid\reid-data\dukemtmc-reid\DukeMTMC-reID/query\0361_c1_f0108879.jpg,361,64,False,rank_51_100,False,True
629,D:\deep-person-reid\reid-data\dukemtmc-reid\DukeMTMC-reID/query\0361_c6_f0086861.jpg,361,1003,False,rank_gt_100,False,False
632,D:\deep-person-reid\reid-data\dukemtmc-reid\DukeMTMC-reID/query\0363_c3_f0090302.jpg,363,44,False,rank_21_50,True,True
633,D:\deep-person-reid\reid-data\dukemtmc-reid\DukeMTMC-reID/query\0363_c4_f0087731.jpg,363,331,False,rank_gt_100,False,False
634,D:\deep-person-reid\reid-data\dukemtmc-reid\DukeMTMC-reID/query\0364_c1_f0109014.jpg,364,1790,False,rank_gt_100,False,False
635,D:\deep-person-reid\reid-data\dukemtmc-reid\DukeMTMC-reID/query\0364_c8_f0070718.jpg,364,26,False,rank_21_50,True,True
636,D:\deep-person-reid\reid-data\dukemtmc-reid\DukeMTMC-reID/query\0367_c1_f0109491.jpg,367,59,False,rank_51_100,False,True
638,D:\deep-person-reid\reid-data\dukemtmc-reid\DukeMTMC-reID/query\0367_c3_f0084233.jpg,367,124,False,rank_gt_100,False,False
639,D:\deep-person-reid\reid-data\dukemtmc-reid\DukeMTMC-reID/query\0367_c4_f0077579.jpg,367,60,False,rank_51_100,False,True
640,D:\deep-person-reid\reid-data\dukemtmc-reid\DukeMTMC-reID/query\0369_c1_f0110100.jpg,369,485,False,rank_gt_100,False,False
643,D:\deep-person-reid\reid-data\dukemtmc-reid\DukeMTMC-reID/query\0369_c6_f0088020.jpg,369,83,False,rank_51_100,False,True
644,D:\deep-person-reid\reid-data\dukemtmc-reid\DukeMTMC-reID/query\0371_c1_f0110190.jpg,371,29,False,rank_21_50,True,True
646,D:\deep-person-reid\reid-data\dukemtmc-reid\DukeMTMC-reID/query\0371_c3_f0091408.jpg,371,1332,False,rank_gt_100,False,False
648,D:\deep-person-reid\reid-data\dukemtmc-reid\DukeMTMC-reID/query\0372_c1_f0110818.jpg,372,1729,False,rank_gt_100,False,False
653,D:\deep-person-reid\reid-data\dukemtmc-reid\DukeMTMC-reID/query\0375_c6_f0088184.jpg,375,71,False,rank_51_100,False,True
654,D:\deep-person-reid\reid-data\dukemtmc-reid\DukeMTMC-reID/query\0376_c1_f0110401.jpg,376,586,False,rank_gt_100,False,False
655,D:\deep-person-reid\reid-data\dukemtmc-reid\DukeMTMC-reID/query\0376_c2_f0114155.jpg,376,698,False,rank_gt_100,False,False
656,D:\deep-person-reid\reid-data\dukemtmc-reid\DukeMTMC-reID/query\0376_c3_f0091701.jpg,376,1912,False,rank_gt_100,False,False
657,D:\deep-person-reid\reid-data\dukemtmc-reid\DukeMTMC-reID/query\0376_c4_f0089675.jpg,376,3458,False,rank_gt_100,False,False
658,D:\deep-person-reid\reid-data\dukemtmc-reid\DukeMTMC-reID/query\0377_c1_f0110464.jpg,377,859,False,rank_gt_100,False,False
659,D:\deep-person-reid\reid-data\dukemtmc-reid\DukeMTMC-reID/query\0377_c2_f0114573.jpg,377,25,False,rank_21_50,True,True
664,D:\deep-person-reid\reid-data\dukemtmc-reid\DukeMTMC-reID/query\0379_c5_f0112683.jpg,379,28,False,rank_21_50,True,True
666,D:\deep-person-reid\reid-data\dukemtmc-reid\DukeMTMC-reID/query\0380_c1_f0110981.jpg,380,422,False,rank_gt_100,False,False
670,D:\deep-person-reid\reid-data\dukemtmc-reid\DukeMTMC-reID/query\0381_c1_f0110980.jpg,381,361,False,rank_gt_100,False,False
671,D:\deep-person-reid\reid-data\dukemtmc-reid\DukeMTMC-reID/query\0381_c2_f0114863.jpg,381,184,False,rank_gt_100,False,False
672,D:\deep-person-reid\reid-data\dukemtmc-reid\DukeMTMC-reID/query\0381_c3_f0092660.jpg,381,1194,False,rank_gt_100,False,False
673,D:\deep-person-reid\reid-data\dukemtmc-reid\DukeMTMC-reID/query\0381_c4_f0090550.jpg,381,140,False,rank_gt_100,False,False
679,D:\deep-person-reid\reid-data\dukemtmc-reid\DukeMTMC-reID/query\0390_c2_f0111948.jpg,390,64,False,rank_51_100,False,True
682,D:\deep-person-reid\reid-data\dukemtmc-reid\DukeMTMC-reID/query\0394_c1_f0112052.jpg,394,1868,False,rank_gt_100,False,False
686,D:\deep-person-reid\reid-data\dukemtmc-reid\DukeMTMC-reID/query\0395_c1_f0112678.jpg,395,229,False,rank_gt_100,False,False
690,D:\deep-person-reid\reid-data\dukemtmc-reid\DukeMTMC-reID/query\0400_c1_f0113071.jpg,400,3094,False,rank_gt_100,False,False
693,D:\deep-person-reid\reid-data\dukemtmc-reid\DukeMTMC-reID/query\0405_c2_f0119076.jpg,405,180,False,rank_gt_100,False,False
697,D:\deep-person-reid\reid-data\dukemtmc-reid\DukeMTMC-reID/query\0409_c1_f0115442.jpg,409,498,False,rank_gt_100,False,False
700,D:\deep-person-reid\reid-data\dukemtmc-reid\DukeMTMC-reID/query\0409_c6_f0091935.jpg,409,33,False,rank_21_50,True,True
701,D:\deep-person-reid\reid-data\dukemtmc-reid\DukeMTMC-reID/query\0410_c1_f0115296.jpg,410,126,False,rank_gt_100,False,False
705,D:\deep-person-reid\reid-data\dukemtmc-reid\DukeMTMC-reID/query\0412_c1_f0116132.jpg,412,126,False,rank_gt_100,False,False
706,D:\deep-person-reid\reid-data\dukemtmc-reid\DukeMTMC-reID/query\0412_c2_f0119920.jpg,412,195,False,rank_gt_100,False,False
707,D:\deep-person-reid\reid-data\dukemtmc-reid\DukeMTMC-reID/query\0412_c3_f0097658.jpg,412,180,False,rank_gt_100,False,False
708,D:\deep-person-reid\reid-data\dukemtmc-reid\DukeMTMC-reID/query\0412_c4_f0095591.jpg,412,302,False,rank_gt_100,False,False
709,D:\deep-person-reid\reid-data\dukemtmc-reid\DukeMTMC-reID/query\0414_c1_f0116411.jpg,414,1202,False,rank_gt_100,False,False
711,D:\deep-person-reid\reid-data\dukemtmc-reid\DukeMTMC-reID/query\0414_c3_f0098340.jpg,414,136,False,rank_gt_100,False,False
712,D:\deep-person-reid\reid-data\dukemtmc-reid\DukeMTMC-reID/query\0414_c4_f0096182.jpg,414,1110,False,rank_gt_100,False,False
714,D:\deep-person-reid\reid-data\dukemtmc-reid\DukeMTMC-reID/query\0415_c2_f0120423.jpg,415,344,False,rank_gt_100,False,False
717,D:\deep-person-reid\reid-data\dukemtmc-reid\DukeMTMC-reID/query\0416_c1_f0118345.jpg,416,28,False,rank_21_50,True,True
719,D:\deep-person-reid\reid-data\dukemtmc-reid\DukeMTMC-reID/query\0416_c3_f0103591.jpg,416,151,False,rank_gt_100,False,False
720,D:\deep-person-reid\reid-data\dukemtmc-reid\DukeMTMC-reID/query\0418_c1_f0117510.jpg,418,888,False,rank_gt_100,False,False
721,D:\deep-person-reid\reid-data\dukemtmc-reid\DukeMTMC-reID/query\0418_c2_f0117973.jpg,418,79,False,rank_51_100,False,True
722,D:\deep-person-reid\reid-data\dukemtmc-reid\DukeMTMC-reID/query\0420_c1_f0118434.jpg,420,301,False,rank_gt_100,False,False
723,D:\deep-person-reid\reid-data\dukemtmc-reid\DukeMTMC-reID/query\0420_c8_f0074468.jpg,420,78,False,rank_51_100,False,True
724,D:\deep-person-reid\reid-data\dukemtmc-reid\DukeMTMC-reID/query\0426_c1_f0118977.jpg,426,710,False,rank_gt_100,False,False
728,D:\deep-person-reid\reid-data\dukemtmc-reid\DukeMTMC-reID/query\0427_c1_f0118777.jpg,427,826,False,rank_gt_100,False,False
729,D:\deep-person-reid\reid-data\dukemtmc-reid\DukeMTMC-reID/query\0427_c2_f0122643.jpg,427,65,False,rank_51_100,False,True
730,D:\deep-person-reid\reid-data\dukemtmc-reid\DukeMTMC-reID/query\0427_c3_f0100220.jpg,427,27,False,rank_21_50,True,True
731,D:\deep-person-reid\reid-data\dukemtmc-reid\DukeMTMC-reID/query\0427_c4_f0097859.jpg,427,145,False,rank_gt_100,False,False
732,D:\deep-person-reid\reid-data\dukemtmc-reid\DukeMTMC-reID/query\0428_c1_f0118787.jpg,428,41,False,rank_21_50,True,True
733,D:\deep-person-reid\reid-data\dukemtmc-reid\DukeMTMC-reID/query\0428_c8_f0075073.jpg,428,297,False,rank_gt_100,False,False
734,D:\deep-person-reid\reid-data\dukemtmc-reid\DukeMTMC-reID/query\0429_c1_f0119147.jpg,429,391,False,rank_gt_100,False,False
735,D:\deep-person-reid\reid-data\dukemtmc-reid\DukeMTMC-reID/query\0429_c2_f0119181.jpg,429,88,False,rank_51_100,False,True
736,D:\deep-person-reid\reid-data\dukemtmc-reid\DukeMTMC-reID/query\0431_c1_f0119486.jpg,431,1986,False,rank_gt_100,False,False
737,D:\deep-person-reid\reid-data\dukemtmc-reid\DukeMTMC-reID/query\0431_c8_f0075714.jpg,431,168,False,rank_gt_100,False,False
738,D:\deep-person-reid\reid-data\dukemtmc-reid\DukeMTMC-reID/query\0433_c1_f0119694.jpg,433,72,False,rank_51_100,False,True
744,D:\deep-person-reid\reid-data\dukemtmc-reid\DukeMTMC-reID/query\0434_c3_f0094843.jpg,434,1668,False,rank_gt_100,False,False
746,D:\deep-person-reid\reid-data\dukemtmc-reid\DukeMTMC-reID/query\0442_c1_f0120419.jpg,442,102,False,rank_gt_100,False,False
748,D:\deep-person-reid\reid-data\dukemtmc-reid\DukeMTMC-reID/query\0442_c3_f0102329.jpg,442,24,False,rank_21_50,True,True
749,D:\deep-person-reid\reid-data\dukemtmc-reid\DukeMTMC-reID/query\0442_c4_f0100317.jpg,442,1205,False,rank_gt_100,False,False
750,D:\deep-person-reid\reid-data\dukemtmc-reid\DukeMTMC-reID/query\0444_c1_f0121197.jpg,444,564,False,rank_gt_100,False,False
756,D:\deep-person-reid\reid-data\dukemtmc-reid\DukeMTMC-reID/query\0451_c1_f0122280.jpg,451,119,False,rank_gt_100,False,False
758,D:\deep-person-reid\reid-data\dukemtmc-reid\DukeMTMC-reID/query\0453_c1_f0123255.jpg,453,49,False,rank_21_50,True,True
759,D:\deep-person-reid\reid-data\dukemtmc-reid\DukeMTMC-reID/query\0453_c2_f0127340.jpg,453,145,False,rank_gt_100,False,False
762,D:\deep-person-reid\reid-data\dukemtmc-reid\DukeMTMC-reID/query\0455_c3_f0098978.jpg,455,26,False,rank_21_50,True,True
764,D:\deep-person-reid\reid-data\dukemtmc-reid\DukeMTMC-reID/query\0457_c8_f0080969.jpg,457,110,False,rank_gt_100,False,False
770,D:\deep-person-reid\reid-data\dukemtmc-reid\DukeMTMC-reID/query\0461_c1_f0124823.jpg,461,1208,False,rank_gt_100,False,False
772,D:\deep-person-reid\reid-data\dukemtmc-reid\DukeMTMC-reID/query\0461_c3_f0099292.jpg,461,7511,False,rank_gt_100,False,False
773,D:\deep-person-reid\reid-data\dukemtmc-reid\DukeMTMC-reID/query\0462_c1_f0124357.jpg,462,6409,False,rank_gt_100,False,False
775,D:\deep-person-reid\reid-data\dukemtmc-reid\DukeMTMC-reID/query\0466_c1_f0125225.jpg,466,1496,False,rank_gt_100,False,False
776,D:\deep-person-reid\reid-data\dukemtmc-reid\DukeMTMC-reID/query\0466_c2_f0129039.jpg,466,1507,False,rank_gt_100,False,False
777,D:\deep-person-reid\reid-data\dukemtmc-reid\DukeMTMC-reID/query\0466_c3_f0106725.jpg,466,1028,False,rank_gt_100,False,False
779,D:\deep-person-reid\reid-data\dukemtmc-reid\DukeMTMC-reID/query\0467_c1_f0125435.jpg,467,21,False,rank_21_50,True,True
780,D:\deep-person-reid\reid-data\dukemtmc-reid\DukeMTMC-reID/query\0467_c2_f0129511.jpg,467,96,False,rank_51_100,False,True
781,D:\deep-person-reid\reid-data\dukemtmc-reid\DukeMTMC-reID/query\0468_c1_f0125465.jpg,468,409,False,rank_gt_100,False,False
782,D:\deep-person-reid\reid-data\dukemtmc-reid\DukeMTMC-reID/query\0468_c2_f0125559.jpg,468,27,False,rank_21_50,True,True
784,D:\deep-person-reid\reid-data\dukemtmc-reid\DukeMTMC-reID/query\0468_c6_f0104083.jpg,468,111,False,rank_gt_100,False,False
785,D:\deep-person-reid\reid-data\dukemtmc-reid\DukeMTMC-reID/query\0469_c1_f0125156.jpg,469,133,False,rank_gt_100,False,False
790,D:\deep-person-reid\reid-data\dukemtmc-reid\DukeMTMC-reID/query\0470_c6_f0103164.jpg,470,1162,False,rank_gt_100,False,False
791,D:\deep-person-reid\reid-data\dukemtmc-reid\DukeMTMC-reID/query\0471_c1_f0125828.jpg,471,954,False,rank_gt_100,False,False
792,D:\deep-person-reid\reid-data\dukemtmc-reid\DukeMTMC-reID/query\0471_c2_f0125520.jpg,471,122,False,rank_gt_100,False,False
793,D:\deep-person-reid\reid-data\dukemtmc-reid\DukeMTMC-reID/query\0471_c3_f0099004.jpg,471,3310,False,rank_gt_100,False,False
799,D:\deep-person-reid\reid-data\dukemtmc-reid\DukeMTMC-reID/query\0482_c1_f0127523.jpg,482,1090,False,rank_gt_100,False,False
801,D:\deep-person-reid\reid-data\dukemtmc-reid\DukeMTMC-reID/query\0484_c1_f0127270.jpg,484,169,False,rank_gt_100,False,False
802,D:\deep-person-reid\reid-data\dukemtmc-reid\DukeMTMC-reID/query\0484_c2_f0130842.jpg,484,283,False,rank_gt_100,False,False
811,D:\deep-person-reid\reid-data\dukemtmc-reid\DukeMTMC-reID/query\0492_c1_f0128761.jpg,492,52,False,rank_51_100,False,True
813,D:\deep-person-reid\reid-data\dukemtmc-reid\DukeMTMC-reID/query\0492_c3_f0109808.jpg,492,988,False,rank_gt_100,False,False
814,D:\deep-person-reid\reid-data\dukemtmc-reid\DukeMTMC-reID/query\0492_c4_f0107470.jpg,492,423,False,rank_gt_100,False,False
815,D:\deep-person-reid\reid-data\dukemtmc-reid\DukeMTMC-reID/query\0494_c1_f0128933.jpg,494,39,False,rank_21_50,True,True
818,D:\deep-person-reid\reid-data\dukemtmc-reid\DukeMTMC-reID/query\0494_c6_f0116931.jpg,494,564,False,rank_gt_100,False,False
819,D:\deep-person-reid\reid-data\dukemtmc-reid\DukeMTMC-reID/query\0495_c1_f0128679.jpg,495,258,False,rank_gt_100,False,False
820,D:\deep-person-reid\reid-data\dukemtmc-reid\DukeMTMC-reID/query\0495_c2_f0132992.jpg,495,91,False,rank_51_100,False,True
827,D:\deep-person-reid\reid-data\dukemtmc-reid\DukeMTMC-reID/query\0500_c1_f0129754.jpg,500,118,False,rank_gt_100,False,False
830,D:\deep-person-reid\reid-data\dukemtmc-reid\DukeMTMC-reID/query\0500_c6_f0118591.jpg,500,27,False,rank_21_50,True,True
831,D:\deep-person-reid\reid-data\dukemtmc-reid\DukeMTMC-reID/query\0501_c1_f0129872.jpg,501,132,False,rank_gt_100,False,False
838,D:\deep-person-reid\reid-data\dukemtmc-reid\DukeMTMC-reID/query\0506_c8_f0087155.jpg,506,28,False,rank_21_50,True,True
839,D:\deep-person-reid\reid-data\dukemtmc-reid\DukeMTMC-reID/query\0508_c1_f0131093.jpg,508,370,False,rank_gt_100,False,False
840,D:\deep-person-reid\reid-data\dukemtmc-reid\DukeMTMC-reID/query\0508_c2_f0135107.jpg,508,69,False,rank_51_100,False,True
841,D:\deep-person-reid\reid-data\dukemtmc-reid\DukeMTMC-reID/query\0508_c3_f0112499.jpg,508,940,False,rank_gt_100,False,False
842,D:\deep-person-reid\reid-data\dukemtmc-reid\DukeMTMC-reID/query\0508_c4_f0109923.jpg,508,729,False,rank_gt_100,False,False
852,D:\deep-person-reid\reid-data\dukemtmc-reid\DukeMTMC-reID/query\0515_c8_f0051972.jpg,515,93,False,rank_51_100,False,True
856,D:\deep-person-reid\reid-data\dukemtmc-reid\DukeMTMC-reID/query\0516_c4_f0111971.jpg,516,98,False,rank_51_100,False,True
857,D:\deep-person-reid\reid-data\dukemtmc-reid\DukeMTMC-reID/query\0517_c1_f0132261.jpg,517,55,False,rank_51_100,False,True
860,D:\deep-person-reid\reid-data\dukemtmc-reid\DukeMTMC-reID/query\0517_c6_f0110303.jpg,517,80,False,rank_51_100,False,True
861,D:\deep-person-reid\reid-data\dukemtmc-reid\DukeMTMC-reID/query\0523_c1_f0132959.jpg,523,66,False,rank_51_100,False,True
865,D:\deep-person-reid\reid-data\dukemtmc-reid\DukeMTMC-reID/query\0525_c1_f0096064.jpg,525,716,False,rank_gt_100,False,False
866,D:\deep-person-reid\reid-data\dukemtmc-reid\DukeMTMC-reID/query\0525_c2_f0096733.jpg,525,331,False,rank_gt_100,False,False
867,D:\deep-person-reid\reid-data\dukemtmc-reid\DukeMTMC-reID/query\0525_c4_f0065769.jpg,525,10498,False,rank_gt_100,False,False
870,D:\deep-person-reid\reid-data\dukemtmc-reid\DukeMTMC-reID/query\0527_c3_f0110213.jpg,527,188,False,rank_gt_100,False,False
874,D:\deep-person-reid\reid-data\dukemtmc-reid\DukeMTMC-reID/query\0533_c1_f0135947.jpg,533,195,False,rank_gt_100,False,False
875,D:\deep-person-reid\reid-data\dukemtmc-reid\DukeMTMC-reID/query\0533_c2_f0136055.jpg,533,522,False,rank_gt_100,False,False
876,D:\deep-person-reid\reid-data\dukemtmc-reid\DukeMTMC-reID/query\0535_c1_f0137964.jpg,535,2332,False,rank_gt_100,False,False
882,D:\deep-person-reid\reid-data\dukemtmc-reid\DukeMTMC-reID/query\0538_c1_f0138795.jpg,538,424,False,rank_gt_100,False,False
887,D:\deep-person-reid\reid-data\dukemtmc-reid\DukeMTMC-reID/query\0539_c8_f0095655.jpg,539,4749,False,rank_gt_100,False,False
888,D:\deep-person-reid\reid-data\dukemtmc-reid\DukeMTMC-reID/query\0540_c1_f0139455.jpg,540,1332,False,rank_gt_100,False,False
890,D:\deep-person-reid\reid-data\dukemtmc-reid\DukeMTMC-reID/query\0540_c3_f0121574.jpg,540,4356,False,rank_gt_100,False,False
891,D:\deep-person-reid\reid-data\dukemtmc-reid\DukeMTMC-reID/query\0540_c4_f0119318.jpg,540,61,False,rank_51_100,False,True
892,D:\deep-person-reid\reid-data\dukemtmc-reid\DukeMTMC-reID/query\0541_c1_f0139612.jpg,541,472,False,rank_gt_100,False,False
896,D:\deep-person-reid\reid-data\dukemtmc-reid\DukeMTMC-reID/query\0542_c1_f0140907.jpg,542,212,False,rank_gt_100,False,False
901,D:\deep-person-reid\reid-data\dukemtmc-reid\DukeMTMC-reID/query\0543_c1_f0141101.jpg,543,2877,False,rank_gt_100,False,False
904,D:\deep-person-reid\reid-data\dukemtmc-reid\DukeMTMC-reID/query\0543_c6_f0120056.jpg,543,25,False,rank_21_50,True,True
905,D:\deep-person-reid\reid-data\dukemtmc-reid\DukeMTMC-reID/query\0549_c1_f0142066.jpg,549,1453,False,rank_gt_100,False,False
906,D:\deep-person-reid\reid-data\dukemtmc-reid\DukeMTMC-reID/query\0549_c8_f0098146.jpg,549,29,False,rank_21_50,True,True
914,D:\deep-person-reid\reid-data\dukemtmc-reid\DukeMTMC-reID/query\0553_c1_f0146128.jpg,553,563,False,rank_gt_100,False,False
918,D:\deep-person-reid\reid-data\dukemtmc-reid\DukeMTMC-reID/query\0554_c1_f0146988.jpg,554,73,False,rank_51_100,False,True
924,D:\deep-person-reid\reid-data\dukemtmc-reid\DukeMTMC-reID/query\0560_c1_f0148789.jpg,560,252,False,rank_gt_100,False,False
926,D:\deep-person-reid\reid-data\dukemtmc-reid\DukeMTMC-reID/query\0565_c1_f0150268.jpg,565,462,False,rank_gt_100,False,False
930,D:\deep-person-reid\reid-data\dukemtmc-reid\DukeMTMC-reID/query\0567_c1_f0151055.jpg,567,185,False,rank_gt_100,False,False
931,D:\deep-person-reid\reid-data\dukemtmc-reid\DukeMTMC-reID/query\0567_c2_f0154913.jpg,567,507,False,rank_gt_100,False,False
932,D:\deep-person-reid\reid-data\dukemtmc-reid\DukeMTMC-reID/query\0570_c1_f0150879.jpg,570,403,False,rank_gt_100,False,False
934,D:\deep-person-reid\reid-data\dukemtmc-reid\DukeMTMC-reID/query\0570_c3_f0133827.jpg,570,24,False,rank_21_50,True,True
935,D:\deep-person-reid\reid-data\dukemtmc-reid\DukeMTMC-reID/query\0570_c4_f0131361.jpg,570,250,False,rank_gt_100,False,False
936,D:\deep-person-reid\reid-data\dukemtmc-reid\DukeMTMC-reID/query\0571_c1_f0151441.jpg,571,41,False,rank_21_50,True,True
939,D:\deep-person-reid\reid-data\dukemtmc-reid\DukeMTMC-reID/query\0571_c6_f0139936.jpg,571,996,False,rank_gt_100,False,False
940,D:\deep-person-reid\reid-data\dukemtmc-reid\DukeMTMC-reID/query\0576_c1_f0152684.jpg,576,629,False,rank_gt_100,False,False
941,D:\deep-person-reid\reid-data\dukemtmc-reid\DukeMTMC-reID/query\0576_c2_f0156917.jpg,576,186,False,rank_gt_100,False,False
942,D:\deep-person-reid\reid-data\dukemtmc-reid\DukeMTMC-reID/query\0576_c3_f0134509.jpg,576,346,False,rank_gt_100,False,False
943,D:\deep-person-reid\reid-data\dukemtmc-reid\DukeMTMC-reID/query\0576_c4_f0132135.jpg,576,2341,False,rank_gt_100,False,False
944,D:\deep-person-reid\reid-data\dukemtmc-reid\DukeMTMC-reID/query\0577_c1_f0152623.jpg,577,1083,False,rank_gt_100,False,False
945,D:\deep-person-reid\reid-data\dukemtmc-reid\DukeMTMC-reID/query\0577_c2_f0157240.jpg,577,158,False,rank_gt_100,False,False
946,D:\deep-person-reid\reid-data\dukemtmc-reid\DukeMTMC-reID/query\0580_c1_f0153407.jpg,580,284,False,rank_gt_100,False,False
948,D:\deep-person-reid\reid-data\dukemtmc-reid\DukeMTMC-reID/query\0580_c3_f0135641.jpg,580,381,False,rank_gt_100,False,False
949,D:\deep-person-reid\reid-data\dukemtmc-reid\DukeMTMC-reID/query\0580_c4_f0134680.jpg,580,368,False,rank_gt_100,False,False
950,D:\deep-person-reid\reid-data\dukemtmc-reid\DukeMTMC-reID/query\0581_c1_f0153952.jpg,581,61,False,rank_51_100,False,True
951,D:\deep-person-reid\reid-data\dukemtmc-reid\DukeMTMC-reID/query\0581_c2_f0157655.jpg,581,56,False,rank_51_100,False,True
952,D:\deep-person-reid\reid-data\dukemtmc-reid\DukeMTMC-reID/query\0581_c3_f0134935.jpg,581,38,False,rank_21_50,True,True
953,D:\deep-person-reid\reid-data\dukemtmc-reid\DukeMTMC-reID/query\0581_c4_f0132958.jpg,581,89,False,rank_51_100,False,True
954,D:\deep-person-reid\reid-data\dukemtmc-reid\DukeMTMC-reID/query\0583_c1_f0154292.jpg,583,408,False,rank_gt_100,False,False
958,D:\deep-person-reid\reid-data\dukemtmc-reid\DukeMTMC-reID/query\0584_c1_f0153814.jpg,584,186,False,rank_gt_100,False,False
961,D:\deep-person-reid\reid-data\dukemtmc-reid\DukeMTMC-reID/query\0584_c6_f0143183.jpg,584,420,False,rank_gt_100,False,False
964,D:\deep-person-reid\reid-data\dukemtmc-reid\DukeMTMC-reID/query\0586_c3_f0144264.jpg,586,487,False,rank_gt_100,False,False
966,D:\deep-person-reid\reid-data\dukemtmc-reid\DukeMTMC-reID/query\0586_c6_f0151826.jpg,586,47,False,rank_21_50,True,True
967,D:\deep-person-reid\reid-data\dukemtmc-reid\DukeMTMC-reID/query\0587_c1_f0154326.jpg,587,48,False,rank_21_50,True,True
968,D:\deep-person-reid\reid-data\dukemtmc-reid\DukeMTMC-reID/query\0587_c2_f0158413.jpg,587,809,False,rank_gt_100,False,False
969,D:\deep-person-reid\reid-data\dukemtmc-reid\DukeMTMC-reID/query\0587_c3_f0135815.jpg,587,133,False,rank_gt_100,False,False
970,D:\deep-person-reid\reid-data\dukemtmc-reid\DukeMTMC-reID/query\0587_c4_f0133429.jpg,587,136,False,rank_gt_100,False,False
975,D:\deep-person-reid\reid-data\dukemtmc-reid\DukeMTMC-reID/query\0591_c1_f0154606.jpg,591,489,False,rank_gt_100,False,False
979,D:\deep-person-reid\reid-data\dukemtmc-reid\DukeMTMC-reID/query\0592_c1_f0155107.jpg,592,543,False,rank_gt_100,False,False
980,D:\deep-person-reid\reid-data\dukemtmc-reid\DukeMTMC-reID/query\0592_c2_f0155313.jpg,592,29,False,rank_21_50,True,True
983,D:\deep-person-reid\reid-data\dukemtmc-reid\DukeMTMC-reID/query\0593_c1_f0155421.jpg,593,1045,False,rank_gt_100,False,False
984,D:\deep-person-reid\reid-data\dukemtmc-reid\DukeMTMC-reID/query\0593_c8_f0110608.jpg,593,3011,False,rank_gt_100,False,False
986,D:\deep-person-reid\reid-data\dukemtmc-reid\DukeMTMC-reID/query\0594_c2_f0160182.jpg,594,58,False,rank_51_100,False,True
991,D:\deep-person-reid\reid-data\dukemtmc-reid\DukeMTMC-reID/query\0597_c8_f0113262.jpg,597,23,False,rank_21_50,True,True
992,D:\deep-person-reid\reid-data\dukemtmc-reid\DukeMTMC-reID/query\0599_c1_f0156731.jpg,599,314,False,rank_gt_100,False,False
993,D:\deep-person-reid\reid-data\dukemtmc-reid\DukeMTMC-reID/query\0599_c2_f0161466.jpg,599,48,False,rank_21_50,True,True
994,D:\deep-person-reid\reid-data\dukemtmc-reid\DukeMTMC-reID/query\0601_c1_f0156867.jpg,601,372,False,rank_gt_100,False,False
996,D:\deep-person-reid\reid-data\dukemtmc-reid\DukeMTMC-reID/query\0601_c3_f0138880.jpg,601,105,False,rank_gt_100,False,False
997,D:\deep-person-reid\reid-data\dukemtmc-reid\DukeMTMC-reID/query\0601_c4_f0137323.jpg,601,67,False,rank_51_100,False,True
998,D:\deep-person-reid\reid-data\dukemtmc-reid\DukeMTMC-reID/query\0603_c1_f0157189.jpg,603,129,False,rank_gt_100,False,False
1000,D:\deep-person-reid\reid-data\dukemtmc-reid\DukeMTMC-reID/query\0603_c3_f0138939.jpg,603,361,False,rank_gt_100,False,False
1001,D:\deep-person-reid\reid-data\dukemtmc-reid\DukeMTMC-reID/query\0603_c4_f0136027.jpg,603,183,False,rank_gt_100,False,False
1005,D:\deep-person-reid\reid-data\dukemtmc-reid\DukeMTMC-reID/query\0605_c6_f0146840.jpg,605,22,False,rank_21_50,True,True
1006,D:\deep-person-reid\reid-data\dukemtmc-reid\DukeMTMC-reID/query\0608_c1_f0157906.jpg,608,1198,False,rank_gt_100,False,False
1007,D:\deep-person-reid\reid-data\dukemtmc-reid\DukeMTMC-reID/query\0608_c2_f0161637.jpg,608,1132,False,rank_gt_100,False,False
1011,D:\deep-person-reid\reid-data\dukemtmc-reid\DukeMTMC-reID/query\0612_c2_f0163295.jpg,612,1416,False,rank_gt_100,False,False
1014,D:\deep-person-reid\reid-data\dukemtmc-reid\DukeMTMC-reID/query\0620_c1_f0159323.jpg,620,5403,False,rank_gt_100,False,False
1016,D:\deep-person-reid\reid-data\dukemtmc-reid\DukeMTMC-reID/query\0620_c3_f0141203.jpg,620,1070,False,rank_gt_100,False,False
1017,D:\deep-person-reid\reid-data\dukemtmc-reid\DukeMTMC-reID/query\0620_c4_f0139339.jpg,620,46,False,rank_21_50,True,True
1018,D:\deep-person-reid\reid-data\dukemtmc-reid\DukeMTMC-reID/query\0621_c1_f0159814.jpg,621,63,False,rank_51_100,False,True
1023,D:\deep-person-reid\reid-data\dukemtmc-reid\DukeMTMC-reID/query\0625_c5_f0168382.jpg,625,51,False,rank_51_100,False,True
1024,D:\deep-person-reid\reid-data\dukemtmc-reid\DukeMTMC-reID/query\0625_c6_f0146947.jpg,625,959,False,rank_gt_100,False,False
1029,D:\deep-person-reid\reid-data\dukemtmc-reid\DukeMTMC-reID/query\0627_c1_f0159814.jpg,627,98,False,rank_51_100,False,True
1030,D:\deep-person-reid\reid-data\dukemtmc-reid\DukeMTMC-reID/query\0627_c2_f0164879.jpg,627,37,False,rank_21_50,True,True
1036,D:\deep-person-reid\reid-data\dukemtmc-reid\DukeMTMC-reID/query\0632_c1_f0160919.jpg,632,102,False,rank_gt_100,False,False
1039,D:\deep-person-reid\reid-data\dukemtmc-reid\DukeMTMC-reID/query\0632_c6_f0148723.jpg,632,376,False,rank_gt_100,False,False
1044,D:\deep-person-reid\reid-data\dukemtmc-reid\DukeMTMC-reID/query\0641_c1_f0163191.jpg,641,31,False,rank_21_50,True,True
1047,D:\deep-person-reid\reid-data\dukemtmc-reid\DukeMTMC-reID/query\0641_c6_f0141658.jpg,641,564,False,rank_gt_100,False,False
1052,D:\deep-person-reid\reid-data\dukemtmc-reid\DukeMTMC-reID/query\0644_c2_f0168266.jpg,644,22,False,rank_21_50,True,True
1055,D:\deep-person-reid\reid-data\dukemtmc-reid\DukeMTMC-reID/query\0646_c1_f0163774.jpg,646,116,False,rank_gt_100,False,False
1058,D:\deep-person-reid\reid-data\dukemtmc-reid\DukeMTMC-reID/query\0646_c4_f0133387.jpg,646,35,False,rank_21_50,True,True
1059,D:\deep-person-reid\reid-data\dukemtmc-reid\DukeMTMC-reID/query\0647_c1_f0164609.jpg,647,3991,False,rank_gt_100,False,False
1061,D:\deep-person-reid\reid-data\dukemtmc-reid\DukeMTMC-reID/query\0647_c6_f0142313.jpg,647,27,False,rank_21_50,True,True
1067,D:\deep-person-reid\reid-data\dukemtmc-reid\DukeMTMC-reID/query\0651_c1_f0164753.jpg,651,406,False,rank_gt_100,False,False
1070,D:\deep-person-reid\reid-data\dukemtmc-reid\DukeMTMC-reID/query\0651_c4_f0144647.jpg,651,37,False,rank_21_50,True,True
1074,D:\deep-person-reid\reid-data\dukemtmc-reid\DukeMTMC-reID/query\0652_c4_f0145000.jpg,652,199,False,rank_gt_100,False,False
1075,D:\deep-person-reid\reid-data\dukemtmc-reid\DukeMTMC-reID/query\0654_c1_f0165081.jpg,654,1240,False,rank_gt_100,False,False
1076,D:\deep-person-reid\reid-data\dukemtmc-reid\DukeMTMC-reID/query\0654_c2_f0170023.jpg,654,72,False,rank_51_100,False,True
1082,D:\deep-person-reid\reid-data\dukemtmc-reid\DukeMTMC-reID/query\0661_c1_f0167273.jpg,661,5911,False,rank_gt_100,False,False
1083,D:\deep-person-reid\reid-data\dukemtmc-reid\DukeMTMC-reID/query\0661_c5_f0169114.jpg,661,279,False,rank_gt_100,False,False
1084,D:\deep-person-reid\reid-data\dukemtmc-reid\DukeMTMC-reID/query\0661_c7_f0149108.jpg,661,487,False,rank_gt_100,False,False
1098,D:\deep-person-reid\reid-data\dukemtmc-reid\DukeMTMC-reID/query\0676_c4_f0139942.jpg,676,85,False,rank_51_100,False,True
1099,D:\deep-person-reid\reid-data\dukemtmc-reid\DukeMTMC-reID/query\0678_c1_f0170334.jpg,678,119,False,rank_gt_100,False,False
1100,D:\deep-person-reid\reid-data\dukemtmc-reid\DukeMTMC-reID/query\0678_c8_f0132921.jpg,678,1209,False,rank_gt_100,False,False
1106,D:\deep-person-reid\reid-data\dukemtmc-reid\DukeMTMC-reID/query\0683_c5_f0173266.jpg,683,587,False,rank_gt_100,False,False
1108,D:\deep-person-reid\reid-data\dukemtmc-reid\DukeMTMC-reID/query\0685_c1_f0170894.jpg,685,111,False,rank_gt_100,False,False
1112,D:\deep-person-reid\reid-data\dukemtmc-reid\DukeMTMC-reID/query\0686_c1_f0171644.jpg,686,160,False,rank_gt_100,False,False
1118,D:\deep-person-reid\reid-data\dukemtmc-reid\DukeMTMC-reID/query\0690_c1_f0172474.jpg,690,97,False,rank_51_100,False,True
1122,D:\deep-person-reid\reid-data\dukemtmc-reid\DukeMTMC-reID/query\0691_c1_f0172071.jpg,691,1018,False,rank_gt_100,False,False
1126,D:\deep-person-reid\reid-data\dukemtmc-reid\DukeMTMC-reID/query\0693_c1_f0173023.jpg,693,541,False,rank_gt_100,False,False
1133,D:\deep-person-reid\reid-data\dukemtmc-reid\DukeMTMC-reID/query\0694_c6_f0150578.jpg,694,155,False,rank_gt_100,False,False
1134,D:\deep-person-reid\reid-data\dukemtmc-reid\DukeMTMC-reID/query\0695_c1_f0172669.jpg,695,898,False,rank_gt_100,False,False
1135,D:\deep-person-reid\reid-data\dukemtmc-reid\DukeMTMC-reID/query\0695_c8_f0127749.jpg,695,2865,False,rank_gt_100,False,False
1136,D:\deep-person-reid\reid-data\dukemtmc-reid\DukeMTMC-reID/query\0698_c1_f0173689.jpg,698,1171,False,rank_gt_100,False,False
1138,D:\deep-person-reid\reid-data\dukemtmc-reid\DukeMTMC-reID/query\0698_c3_f0148278.jpg,698,3159,False,rank_gt_100,False,False
1139,D:\deep-person-reid\reid-data\dukemtmc-reid\DukeMTMC-reID/query\0698_c4_f0143198.jpg,698,78,False,rank_51_100,False,True
1142,D:\deep-person-reid\reid-data\dukemtmc-reid\DukeMTMC-reID/query\0699_c3_f0154568.jpg,699,163,False,rank_gt_100,False,False
1144,D:\deep-person-reid\reid-data\dukemtmc-reid\DukeMTMC-reID/query\0700_c1_f0173718.jpg,700,413,False,rank_gt_100,False,False
1145,D:\deep-person-reid\reid-data\dukemtmc-reid\DukeMTMC-reID/query\0700_c2_f0173928.jpg,700,629,False,rank_gt_100,False,False
1146,D:\deep-person-reid\reid-data\dukemtmc-reid\DukeMTMC-reID/query\0700_c3_f0149681.jpg,700,661,False,rank_gt_100,False,False
1147,D:\deep-person-reid\reid-data\dukemtmc-reid\DukeMTMC-reID/query\0701_c1_f0174088.jpg,701,225,False,rank_gt_100,False,False
1148,D:\deep-person-reid\reid-data\dukemtmc-reid\DukeMTMC-reID/query\0701_c2_f0178449.jpg,701,637,False,rank_gt_100,False,False
1149,D:\deep-person-reid\reid-data\dukemtmc-reid\DukeMTMC-reID/query\0702_c1_f0174643.jpg,702,326,False,rank_gt_100,False,False
1154,D:\deep-person-reid\reid-data\dukemtmc-reid\DukeMTMC-reID/query\0705_c1_f0175748.jpg,705,130,False,rank_gt_100,False,False
1155,D:\deep-person-reid\reid-data\dukemtmc-reid\DukeMTMC-reID/query\0705_c2_f0179576.jpg,705,30,False,rank_21_50,True,True
1158,D:\deep-person-reid\reid-data\dukemtmc-reid\DukeMTMC-reID/query\0706_c1_f0176472.jpg,706,2424,False,rank_gt_100,False,False
1164,D:\deep-person-reid\reid-data\dukemtmc-reid\DukeMTMC-reID/query\0707_c6_f0164065.jpg,707,1176,False,rank_gt_100,False,False
1165,D:\deep-person-reid\reid-data\dukemtmc-reid\DukeMTMC-reID/query\0709_c1_f0177555.jpg,709,617,False,rank_gt_100,False,False
1168,D:\deep-person-reid\reid-data\dukemtmc-reid\DukeMTMC-reID/query\0709_c6_f0165842.jpg,709,24,False,rank_21_50,True,True
1169,D:\deep-person-reid\reid-data\dukemtmc-reid\DukeMTMC-reID/query\0711_c1_f0176985.jpg,711,710,False,rank_gt_100,False,False
1172,D:\deep-person-reid\reid-data\dukemtmc-reid\DukeMTMC-reID/query\0711_c6_f0166122.jpg,711,101,False,rank_gt_100,False,False
1173,D:\deep-person-reid\reid-data\dukemtmc-reid\DukeMTMC-reID/query\0712_c1_f0177251.jpg,712,320,False,rank_gt_100,False,False
1176,D:\deep-person-reid\reid-data\dukemtmc-reid\DukeMTMC-reID/query\0712_c6_f0165928.jpg,712,79,False,rank_51_100,False,True
1177,D:\deep-person-reid\reid-data\dukemtmc-reid\DukeMTMC-reID/query\0717_c1_f0180377.jpg,717,24,False,rank_21_50,True,True
1179,D:\deep-person-reid\reid-data\dukemtmc-reid\DukeMTMC-reID/query\0717_c6_f0167712.jpg,717,331,False,rank_gt_100,False,False
1180,D:\deep-person-reid\reid-data\dukemtmc-reid\DukeMTMC-reID/query\0718_c1_f0181440.jpg,718,759,False,rank_gt_100,False,False
1181,D:\deep-person-reid\reid-data\dukemtmc-reid\DukeMTMC-reID/query\0718_c2_f0181635.jpg,718,50,False,rank_21_50,True,True
1182,D:\deep-person-reid\reid-data\dukemtmc-reid\DukeMTMC-reID/query\0718_c3_f0156807.jpg,718,53,False,rank_51_100,False,True
1183,D:\deep-person-reid\reid-data\dukemtmc-reid\DukeMTMC-reID/query\0718_c4_f0151390.jpg,718,137,False,rank_gt_100,False,False
1184,D:\deep-person-reid\reid-data\dukemtmc-reid\DukeMTMC-reID/query\0722_c1_f0182039.jpg,722,219,False,rank_gt_100,False,False
1188,D:\deep-person-reid\reid-data\dukemtmc-reid\DukeMTMC-reID/query\0726_c1_f0182271.jpg,726,52,False,rank_51_100,False,True
1191,D:\deep-person-reid\reid-data\dukemtmc-reid\DukeMTMC-reID/query\0726_c4_f0152264.jpg,726,129,False,rank_gt_100,False,False
1192,D:\deep-person-reid\reid-data\dukemtmc-reid\DukeMTMC-reID/query\0729_c1_f0183229.jpg,729,52,False,rank_51_100,False,True
1196,D:\deep-person-reid\reid-data\dukemtmc-reid\DukeMTMC-reID/query\0733_c1_f0184116.jpg,733,60,False,rank_51_100,False,True
1201,D:\deep-person-reid\reid-data\dukemtmc-reid\DukeMTMC-reID/query\0734_c1_f0185042.jpg,734,49,False,rank_21_50,True,True
1202,D:\deep-person-reid\reid-data\dukemtmc-reid\DukeMTMC-reID/query\0734_c2_f0185107.jpg,734,71,False,rank_51_100,False,True
1205,D:\deep-person-reid\reid-data\dukemtmc-reid\DukeMTMC-reID/query\0738_c1_f0185790.jpg,738,200,False,rank_gt_100,False,False
1207,D:\deep-person-reid\reid-data\dukemtmc-reid\DukeMTMC-reID/query\0738_c5_f0180062.jpg,738,497,False,rank_gt_100,False,False
1217,D:\deep-person-reid\reid-data\dukemtmc-reid\DukeMTMC-reID/query\0743_c5_f0189133.jpg,743,26,False,rank_21_50,True,True
1228,D:\deep-person-reid\reid-data\dukemtmc-reid\DukeMTMC-reID/query\0749_c6_f0179171.jpg,749,963,False,rank_gt_100,False,False
1229,D:\deep-person-reid\reid-data\dukemtmc-reid\DukeMTMC-reID/query\0750_c1_f0188299.jpg,750,361,False,rank_gt_100,False,False
1233,D:\deep-person-reid\reid-data\dukemtmc-reid\DukeMTMC-reID/query\0752_c1_f0188413.jpg,752,852,False,rank_gt_100,False,False
1234,D:\deep-person-reid\reid-data\dukemtmc-reid\DukeMTMC-reID/query\0752_c2_f0192518.jpg,752,406,False,rank_gt_100,False,False
1235,D:\deep-person-reid\reid-data\dukemtmc-reid\DukeMTMC-reID/query\0752_c3_f0169378.jpg,752,924,False,rank_gt_100,False,False
1236,D:\deep-person-reid\reid-data\dukemtmc-reid\DukeMTMC-reID/query\0752_c4_f0166331.jpg,752,1381,False,rank_gt_100,False,False
1241,D:\deep-person-reid\reid-data\dukemtmc-reid\DukeMTMC-reID/query\0756_c1_f0189583.jpg,756,2408,False,rank_gt_100,False,False
1242,D:\deep-person-reid\reid-data\dukemtmc-reid\DukeMTMC-reID/query\0756_c2_f0188508.jpg,756,337,False,rank_gt_100,False,False
1247,D:\deep-person-reid\reid-data\dukemtmc-reid\DukeMTMC-reID/query\0757_c7_f0178858.jpg,757,78,False,rank_51_100,False,True
1249,D:\deep-person-reid\reid-data\dukemtmc-reid\DukeMTMC-reID/query\0758_c7_f0173346.jpg,758,70,False,rank_51_100,False,True
1250,D:\deep-person-reid\reid-data\dukemtmc-reid\DukeMTMC-reID/query\0760_c1_f0190445.jpg,760,1844,False,rank_gt_100,False,False
1251,D:\deep-person-reid\reid-data\dukemtmc-reid\DukeMTMC-reID/query\0760_c8_f0145895.jpg,760,3183,False,rank_gt_100,False,False
1252,D:\deep-person-reid\reid-data\dukemtmc-reid\DukeMTMC-reID/query\0763_c1_f0191379.jpg,763,1143,False,rank_gt_100,False,False
1260,D:\deep-person-reid\reid-data\dukemtmc-reid\DukeMTMC-reID/query\0766_c5_f0198391.jpg,766,66,False,rank_51_100,False,True
1261,D:\deep-person-reid\reid-data\dukemtmc-reid\DukeMTMC-reID/query\0766_c6_f0176828.jpg,766,46,False,rank_21_50,True,True
1262,D:\deep-person-reid\reid-data\dukemtmc-reid\DukeMTMC-reID/query\0766_c7_f0179860.jpg,766,70,False,rank_51_100,False,True
1263,D:\deep-person-reid\reid-data\dukemtmc-reid\DukeMTMC-reID/query\0769_c1_f0192691.jpg,769,585,False,rank_gt_100,False,False
1268,D:\deep-person-reid\reid-data\dukemtmc-reid\DukeMTMC-reID/query\0772_c2_f0193199.jpg,772,2472,False,rank_gt_100,False,False
1269,D:\deep-person-reid\reid-data\dukemtmc-reid\DukeMTMC-reID/query\0773_c1_f0193290.jpg,773,187,False,rank_gt_100,False,False
1270,D:\deep-person-reid\reid-data\dukemtmc-reid\DukeMTMC-reID/query\0773_c2_f0198704.jpg,773,27,False,rank_21_50,True,True
1273,D:\deep-person-reid\reid-data\dukemtmc-reid\DukeMTMC-reID/query\0775_c3_f0175874.jpg,775,388,False,rank_gt_100,False,False
1274,D:\deep-person-reid\reid-data\dukemtmc-reid\DukeMTMC-reID/query\0775_c4_f0173821.jpg,775,21,False,rank_21_50,True,True
1278,D:\deep-person-reid\reid-data\dukemtmc-reid\DukeMTMC-reID/query\0777_c4_f0174618.jpg,777,36,False,rank_21_50,True,True
1283,D:\deep-person-reid\reid-data\dukemtmc-reid\DukeMTMC-reID/query\0786_c1_f0199087.jpg,786,80,False,rank_51_100,False,True
1286,D:\deep-person-reid\reid-data\dukemtmc-reid\DukeMTMC-reID/query\0786_c8_f0156589.jpg,786,755,False,rank_gt_100,False,False
1288,D:\deep-person-reid\reid-data\dukemtmc-reid\DukeMTMC-reID/query\0787_c8_f0155739.jpg,787,302,False,rank_gt_100,False,False
1290,D:\deep-person-reid\reid-data\dukemtmc-reid\DukeMTMC-reID/query\0788_c2_f0200573.jpg,788,73,False,rank_51_100,False,True
1291,D:\deep-person-reid\reid-data\dukemtmc-reid\DukeMTMC-reID/query\0788_c3_f0175923.jpg,788,150,False,rank_gt_100,False,False
1292,D:\deep-person-reid\reid-data\dukemtmc-reid\DukeMTMC-reID/query\0788_c4_f0170496.jpg,788,430,False,rank_gt_100,False,False
1293,D:\deep-person-reid\reid-data\dukemtmc-reid\DukeMTMC-reID/query\0790_c1_f0200112.jpg,790,49,False,rank_21_50,True,True
1297,D:\deep-person-reid\reid-data\dukemtmc-reid\DukeMTMC-reID/query\0791_c1_f0200160.jpg,791,272,False,rank_gt_100,False,False
1298,D:\deep-person-reid\reid-data\dukemtmc-reid\DukeMTMC-reID/query\0791_c6_f0177898.jpg,791,166,False,rank_gt_100,False,False
1300,D:\deep-person-reid\reid-data\dukemtmc-reid\DukeMTMC-reID/query\0791_c8_f0156066.jpg,791,1831,False,rank_gt_100,False,False
1303,D:\deep-person-reid\reid-data\dukemtmc-reid\DukeMTMC-reID/query\0794_c1_f0200202.jpg,794,835,False,rank_gt_100,False,False
1307,D:\deep-person-reid\reid-data\dukemtmc-reid\DukeMTMC-reID/query\0804_c1_f0204340.jpg,804,124,False,rank_gt_100,False,False
1309,D:\deep-person-reid\reid-data\dukemtmc-reid\DukeMTMC-reID/query\0804_c3_f0187070.jpg,804,244,False,rank_gt_100,False,False
1310,D:\deep-person-reid\reid-data\dukemtmc-reid\DukeMTMC-reID/query\0806_c1_f0204615.jpg,806,41,False,rank_21_50,True,True
1311,D:\deep-person-reid\reid-data\dukemtmc-reid\DukeMTMC-reID/query\0806_c2_f0207320.jpg,806,32,False,rank_21_50,True,True
1312,D:\deep-person-reid\reid-data\dukemtmc-reid\DukeMTMC-reID/query\0806_c3_f0184124.jpg,806,2213,False,rank_gt_100,False,False
1313,D:\deep-person-reid\reid-data\dukemtmc-reid\DukeMTMC-reID/query\0806_c4_f0180979.jpg,806,214,False,rank_gt_100,False,False
1314,D:\deep-person-reid\reid-data\dukemtmc-reid\DukeMTMC-reID/query\0807_c1_f0101261.jpg,807,1175,False,rank_gt_100,False,False
1315,D:\deep-person-reid\reid-data\dukemtmc-reid\DukeMTMC-reID/query\0807_c8_f0058266.jpg,807,1394,False,rank_gt_100,False,False
1318,D:\deep-person-reid\reid-data\dukemtmc-reid\DukeMTMC-reID/query\0810_c1_f0205508.jpg,810,86,False,rank_51_100,False,True
1319,D:\deep-person-reid\reid-data\dukemtmc-reid\DukeMTMC-reID/query\0810_c2_f0208641.jpg,810,2850,False,rank_gt_100,False,False
1320,D:\deep-person-reid\reid-data\dukemtmc-reid\DukeMTMC-reID/query\0810_c3_f0185898.jpg,810,3436,False,rank_gt_100,False,False
1321,D:\deep-person-reid\reid-data\dukemtmc-reid\DukeMTMC-reID/query\0812_c1_f0205728.jpg,812,141,False,rank_gt_100,False,False
1325,D:\deep-person-reid\reid-data\dukemtmc-reid\DukeMTMC-reID/query\0816_c1_f0206925.jpg,816,274,False,rank_gt_100,False,False
1327,D:\deep-person-reid\reid-data\dukemtmc-reid\DukeMTMC-reID/query\0816_c3_f0182166.jpg,816,193,False,rank_gt_100,False,False
1328,D:\deep-person-reid\reid-data\dukemtmc-reid\DukeMTMC-reID/query\0816_c4_f0177057.jpg,816,457,False,rank_gt_100,False,False
1345,D:\deep-person-reid\reid-data\dukemtmc-reid\DukeMTMC-reID/query\0828_c1_f0211484.jpg,828,183,False,rank_gt_100,False,False
1347,D:\deep-person-reid\reid-data\dukemtmc-reid\DukeMTMC-reID/query\0828_c5_f0213344.jpg,828,31,False,rank_21_50,True,True
1348,D:\deep-person-reid\reid-data\dukemtmc-reid\DukeMTMC-reID/query\0828_c6_f0189070.jpg,828,26,False,rank_21_50,True,True
1354,D:\deep-person-reid\reid-data\dukemtmc-reid\DukeMTMC-reID/query\0832_c3_f0188118.jpg,832,1065,False,rank_gt_100,False,False
1355,D:\deep-person-reid\reid-data\dukemtmc-reid\DukeMTMC-reID/query\0834_c1_f0215372.jpg,834,537,False,rank_gt_100,False,False
1356,D:\deep-person-reid\reid-data\dukemtmc-reid\DukeMTMC-reID/query\0834_c2_f0215495.jpg,834,35,False,rank_21_50,True,True
1357,D:\deep-person-reid\reid-data\dukemtmc-reid\DukeMTMC-reID/query\0834_c3_f0190667.jpg,834,215,False,rank_gt_100,False,False
1358,D:\deep-person-reid\reid-data\dukemtmc-reid\DukeMTMC-reID/query\0834_c4_f0184330.jpg,834,686,False,rank_gt_100,False,False
1359,D:\deep-person-reid\reid-data\dukemtmc-reid\DukeMTMC-reID/query\0838_c1_f0217646.jpg,838,179,False,rank_gt_100,False,False
1360,D:\deep-person-reid\reid-data\dukemtmc-reid\DukeMTMC-reID/query\0838_c2_f0221264.jpg,838,106,False,rank_gt_100,False,False
1361,D:\deep-person-reid\reid-data\dukemtmc-reid\DukeMTMC-reID/query\0840_c1_f0217473.jpg,840,1913,False,rank_gt_100,False,False
1364,D:\deep-person-reid\reid-data\dukemtmc-reid\DukeMTMC-reID/query\0845_c1_f0218122.jpg,845,100,False,rank_51_100,False,True
1365,D:\deep-person-reid\reid-data\dukemtmc-reid\DukeMTMC-reID/query\0845_c2_f0223248.jpg,845,22,False,rank_21_50,True,True
1366,D:\deep-person-reid\reid-data\dukemtmc-reid\DukeMTMC-reID/query\0846_c1_f0218221.jpg,846,2689,False,rank_gt_100,False,False
1367,D:\deep-person-reid\reid-data\dukemtmc-reid\DukeMTMC-reID/query\0846_c8_f0180744.jpg,846,108,False,rank_gt_100,False,False
1370,D:\deep-person-reid\reid-data\dukemtmc-reid\DukeMTMC-reID/query\0849_c1_f0219362.jpg,849,1065,False,rank_gt_100,False,False
1375,D:\deep-person-reid\reid-data\dukemtmc-reid\DukeMTMC-reID/query\1104_c1_f0204686.jpg,1104,966,False,rank_gt_100,False,False
1394,D:\deep-person-reid\reid-data\dukemtmc-reid\DukeMTMC-reID/query\1228_c3_f0190848.jpg,1228,22,False,rank_21_50,True,True
1399,D:\deep-person-reid\reid-data\dukemtmc-reid\DukeMTMC-reID/query\1290_c2_f0066585.jpg,1290,36,False,rank_21_50,True,True
1402,D:\deep-person-reid\reid-data\dukemtmc-reid\DukeMTMC-reID/query\1297_c3_f0046161.jpg,1297,35,False,rank_21_50,True,True
1407,D:\deep-person-reid\reid-data\dukemtmc-reid\DukeMTMC-reID/query\1314_c3_f0048543.jpg,1314,327,False,rank_gt_100,False,False
1408,D:\deep-person-reid\reid-data\dukemtmc-reid\DukeMTMC-reID/query\1314_c4_f0045630.jpg,1314,169,False,rank_gt_100,False,False
1409,D:\deep-person-reid\reid-data\dukemtmc-reid\DukeMTMC-reID/query\1314_c5_f0075016.jpg,1314,56,False,rank_51_100,False,True
1417,D:\deep-person-reid\reid-data\dukemtmc-reid\DukeMTMC-reID/query\1386_c2_f0087221.jpg,1386,45,False,rank_21_50,True,True
1419,D:\deep-person-reid\reid-data\dukemtmc-reid\DukeMTMC-reID/query\1386_c4_f0062288.jpg,1386,130,False,rank_gt_100,False,False
1420,D:\deep-person-reid\reid-data\dukemtmc-reid\DukeMTMC-reID/query\1398_c2_f0089175.jpg,1398,34,False,rank_21_50,True,True
1421,D:\deep-person-reid\reid-data\dukemtmc-reid\DukeMTMC-reID/query\1398_c8_f0048745.jpg,1398,76,False,rank_51_100,False,True
1427,D:\deep-person-reid\reid-data\dukemtmc-reid\DukeMTMC-reID/query\1421_c3_f0069829.jpg,1421,46,False,rank_21_50,True,True
1431,D:\deep-person-reid\reid-data\dukemtmc-reid\DukeMTMC-reID/query\1440_c4_f0064347.jpg,1440,3983,False,rank_gt_100,False,False
1442,D:\deep-person-reid\reid-data\dukemtmc-reid\DukeMTMC-reID/query\1486_c2_f0099926.jpg,1486,77,False,rank_51_100,False,True
1443,D:\deep-person-reid\reid-data\dukemtmc-reid\DukeMTMC-reID/query\1486_c3_f0074486.jpg,1486,194,False,rank_gt_100,False,False
1445,D:\deep-person-reid\reid-data\dukemtmc-reid\DukeMTMC-reID/query\1487_c2_f0099808.jpg,1487,50,False,rank_21_50,True,True
1446,D:\deep-person-reid\reid-data\dukemtmc-reid\DukeMTMC-reID/query\1487_c3_f0075077.jpg,1487,554,False,rank_gt_100,False,False
1447,D:\deep-person-reid\reid-data\dukemtmc-reid\DukeMTMC-reID/query\1487_c4_f0068564.jpg,1487,412,False,rank_gt_100,False,False
1451,D:\deep-person-reid\reid-data\dukemtmc-reid\DukeMTMC-reID/query\1490_c3_f0074655.jpg,1490,86,False,rank_51_100,False,True
1453,D:\deep-person-reid\reid-data\dukemtmc-reid\DukeMTMC-reID/query\1518_c3_f0077661.jpg,1518,60,False,rank_51_100,False,True
1454,D:\deep-person-reid\reid-data\dukemtmc-reid\DukeMTMC-reID/query\1518_c4_f0072264.jpg,1518,202,False,rank_gt_100,False,False
1456,D:\deep-person-reid\reid-data\dukemtmc-reid\DukeMTMC-reID/query\1555_c2_f0108163.jpg,1555,28,False,rank_21_50,True,True
1458,D:\deep-person-reid\reid-data\dukemtmc-reid\DukeMTMC-reID/query\1555_c4_f0083410.jpg,1555,25,False,rank_21_50,True,True
1466,D:\deep-person-reid\reid-data\dukemtmc-reid\DukeMTMC-reID/query\1598_c2_f0114536.jpg,1598,1521,False,rank_gt_100,False,False
1467,D:\deep-person-reid\reid-data\dukemtmc-reid\DukeMTMC-reID/query\1598_c3_f0089953.jpg,1598,923,False,rank_gt_100,False,False
1468,D:\deep-person-reid\reid-data\dukemtmc-reid\DukeMTMC-reID/query\1626_c2_f0120806.jpg,1626,179,False,rank_gt_100,False,False
1470,D:\deep-person-reid\reid-data\dukemtmc-reid\DukeMTMC-reID/query\1626_c4_f0095658.jpg,1626,25,False,rank_21_50,True,True
1472,D:\deep-person-reid\reid-data\dukemtmc-reid\DukeMTMC-reID/query\1635_c3_f0096207.jpg,1635,32,False,rank_21_50,True,True
1473,D:\deep-person-reid\reid-data\dukemtmc-reid\DukeMTMC-reID/query\1635_c4_f0091041.jpg,1635,301,False,rank_gt_100,False,False
1476,D:\deep-person-reid\reid-data\dukemtmc-reid\DukeMTMC-reID/query\1642_c3_f0101242.jpg,1642,259,False,rank_gt_100,False,False
1480,D:\deep-person-reid\reid-data\dukemtmc-reid\DukeMTMC-reID/query\1699_c3_f0109277.jpg,1699,109,False,rank_gt_100,False,False
1488,D:\deep-person-reid\reid-data\dukemtmc-reid\DukeMTMC-reID/query\1724_c4_f0105859.jpg,1724,2060,False,rank_gt_100,False,False
1489,D:\deep-person-reid\reid-data\dukemtmc-reid\DukeMTMC-reID/query\1725_c2_f0135814.jpg,1725,30,False,rank_21_50,True,True
1496,D:\deep-person-reid\reid-data\dukemtmc-reid\DukeMTMC-reID/query\1749_c2_f0142828.jpg,1749,827,False,rank_gt_100,False,False
1497,D:\deep-person-reid\reid-data\dukemtmc-reid\DukeMTMC-reID/query\1749_c3_f0120561.jpg,1749,292,False,rank_gt_100,False,False
1498,D:\deep-person-reid\reid-data\dukemtmc-reid\DukeMTMC-reID/query\1749_c4_f0118286.jpg,1749,163,False,rank_gt_100,False,False
1500,D:\deep-person-reid\reid-data\dukemtmc-reid\DukeMTMC-reID/query\1750_c2_f0143315.jpg,1750,372,False,rank_gt_100,False,False
1501,D:\deep-person-reid\reid-data\dukemtmc-reid\DukeMTMC-reID/query\1750_c3_f0118508.jpg,1750,372,False,rank_gt_100,False,False
1502,D:\deep-person-reid\reid-data\dukemtmc-reid\DukeMTMC-reID/query\1750_c4_f0113868.jpg,1750,621,False,rank_gt_100,False,False
1503,D:\deep-person-reid\reid-data\dukemtmc-reid\DukeMTMC-reID/query\1758_c2_f0148110.jpg,1758,4872,False,rank_gt_100,False,False
1504,D:\deep-person-reid\reid-data\dukemtmc-reid\DukeMTMC-reID/query\1758_c3_f0125662.jpg,1758,114,False,rank_gt_100,False,False
1505,D:\deep-person-reid\reid-data\dukemtmc-reid\DukeMTMC-reID/query\1758_c4_f0123065.jpg,1758,171,False,rank_gt_100,False,False
1513,D:\deep-person-reid\reid-data\dukemtmc-reid\DukeMTMC-reID/query\1775_c6_f0132667.jpg,1775,140,False,rank_gt_100,False,False
1514,D:\deep-person-reid\reid-data\dukemtmc-reid\DukeMTMC-reID/query\1782_c2_f0155617.jpg,1782,201,False,rank_gt_100,False,False
1515,D:\deep-person-reid\reid-data\dukemtmc-reid\DukeMTMC-reID/query\1782_c8_f0111215.jpg,1782,926,False,rank_gt_100,False,False
1517,D:\deep-person-reid\reid-data\dukemtmc-reid\DukeMTMC-reID/query\1784_c3_f0131286.jpg,1784,527,False,rank_gt_100,False,False
1524,D:\deep-person-reid\reid-data\dukemtmc-reid\DukeMTMC-reID/query\1788_c3_f0131192.jpg,1788,49,False,rank_21_50,True,True
1528,D:\deep-person-reid\reid-data\dukemtmc-reid\DukeMTMC-reID/query\1790_c4_f0133614.jpg,1790,110,False,rank_gt_100,False,False
1530,D:\deep-person-reid\reid-data\dukemtmc-reid\DukeMTMC-reID/query\1811_c2_f0160032.jpg,1811,3316,False,rank_gt_100,False,False
1542,D:\deep-person-reid\reid-data\dukemtmc-reid\DukeMTMC-reID/query\1901_c2_f0174281.jpg,1901,133,False,rank_gt_100,False,False
1543,D:\deep-person-reid\reid-data\dukemtmc-reid\DukeMTMC-reID/query\1901_c3_f0149823.jpg,1901,157,False,rank_gt_100,False,False
1544,D:\deep-person-reid\reid-data\dukemtmc-reid\DukeMTMC-reID/query\1901_c4_f0145200.jpg,1901,63,False,rank_51_100,False,True
1546,D:\deep-person-reid\reid-data\dukemtmc-reid\DukeMTMC-reID/query\2001_c3_f0183632.jpg,2001,364,False,rank_gt_100,False,False
1549,D:\deep-person-reid\reid-data\dukemtmc-reid\DukeMTMC-reID/query\2012_c3_f0185988.jpg,2012,1236,False,rank_gt_100,False,False
1550,D:\deep-person-reid\reid-data\dukemtmc-reid\DukeMTMC-reID/query\2012_c4_f0183415.jpg,2012,354,False,rank_gt_100,False,False
1554,D:\deep-person-reid\reid-data\dukemtmc-reid\DukeMTMC-reID/query\2053_c3_f0197416.jpg,2053,173,False,rank_gt_100,False,False
1556,D:\deep-person-reid\reid-data\dukemtmc-reid\DukeMTMC-reID/query\2407_c3_f0031171.jpg,2407,156,False,rank_gt_100,False,False
1557,D:\deep-person-reid\reid-data\dukemtmc-reid\DukeMTMC-reID/query\2407_c4_f0029021.jpg,2407,74,False,rank_51_100,False,True
1559,D:\deep-person-reid\reid-data\dukemtmc-reid\DukeMTMC-reID/query\2407_c7_f0037552.jpg,2407,149,False,rank_gt_100,False,False
1560,D:\deep-person-reid\reid-data\dukemtmc-reid\DukeMTMC-reID/query\2407_c8_f0008261.jpg,2407,84,False,rank_51_100,False,True
1568,D:\deep-person-reid\reid-data\dukemtmc-reid\DukeMTMC-reID/query\2470_c4_f0055665.jpg,2470,31,False,rank_21_50,True,True
1571,D:\deep-person-reid\reid-data\dukemtmc-reid\DukeMTMC-reID/query\2471_c3_f0061483.jpg,2471,221,False,rank_gt_100,False,False
1572,D:\deep-person-reid\reid-data\dukemtmc-reid\DukeMTMC-reID/query\2471_c4_f0055513.jpg,2471,74,False,rank_51_100,False,True
1573,D:\deep-person-reid\reid-data\dukemtmc-reid\DukeMTMC-reID/query\2471_c5_f0089520.jpg,2471,29,False,rank_21_50,True,True
1574,D:\deep-person-reid\reid-data\dukemtmc-reid\DukeMTMC-reID/query\2471_c6_f0069410.jpg,2471,148,False,rank_gt_100,False,False
1575,D:\deep-person-reid\reid-data\dukemtmc-reid\DukeMTMC-reID/query\2479_c3_f0064080.jpg,2479,22,False,rank_21_50,True,True
1576,D:\deep-person-reid\reid-data\dukemtmc-reid\DukeMTMC-reID/query\2479_c4_f0058547.jpg,2479,2055,False,rank_gt_100,False,False
1577,D:\deep-person-reid\reid-data\dukemtmc-reid\DukeMTMC-reID/query\2479_c5_f0091504.jpg,2479,235,False,rank_gt_100,False,False
1578,D:\deep-person-reid\reid-data\dukemtmc-reid\DukeMTMC-reID/query\2479_c7_f0073760.jpg,2479,113,False,rank_gt_100,False,False
1580,D:\deep-person-reid\reid-data\dukemtmc-reid\DukeMTMC-reID/query\2488_c4_f0064455.jpg,2488,51,False,rank_51_100,False,True
1581,D:\deep-person-reid\reid-data\dukemtmc-reid\DukeMTMC-reID/query\2488_c5_f0093142.jpg,2488,70,False,rank_51_100,False,True
1584,D:\deep-person-reid\reid-data\dukemtmc-reid\DukeMTMC-reID/query\2495_c6_f0075518.jpg,2495,4003,False,rank_gt_100,False,False
1588,D:\deep-person-reid\reid-data\dukemtmc-reid\DukeMTMC-reID/query\2556_c3_f0079445.jpg,2556,40,False,rank_21_50,True,True
1590,D:\deep-person-reid\reid-data\dukemtmc-reid\DukeMTMC-reID/query\2556_c7_f0084670.jpg,2556,66,False,rank_51_100,False,True
1591,D:\deep-person-reid\reid-data\dukemtmc-reid\DukeMTMC-reID/query\2557_c3_f0079758.jpg,2557,38,False,rank_21_50,True,True
1597,D:\deep-person-reid\reid-data\dukemtmc-reid\DukeMTMC-reID/query\2599_c3_f0094872.jpg,2599,34,False,rank_21_50,True,True
1598,D:\deep-person-reid\reid-data\dukemtmc-reid\DukeMTMC-reID/query\2599_c5_f0123801.jpg,2599,416,False,rank_gt_100,False,False
1599,D:\deep-person-reid\reid-data\dukemtmc-reid\DukeMTMC-reID/query\2599_c6_f0103275.jpg,2599,25,False,rank_21_50,True,True
1602,D:\deep-person-reid\reid-data\dukemtmc-reid\DukeMTMC-reID/query\2724_c8_f0127496.jpg,2724,41,False,rank_21_50,True,True
1603,D:\deep-person-reid\reid-data\dukemtmc-reid\DukeMTMC-reID/query\2736_c3_f0157657.jpg,2736,22,False,rank_21_50,True,True
1604,D:\deep-person-reid\reid-data\dukemtmc-reid\DukeMTMC-reID/query\2736_c5_f0183581.jpg,2736,758,False,rank_gt_100,False,False
1606,D:\deep-person-reid\reid-data\dukemtmc-reid\DukeMTMC-reID/query\2754_c4_f0167000.jpg,2754,783,False,rank_gt_100,False,False
1609,D:\deep-person-reid\reid-data\dukemtmc-reid\DukeMTMC-reID/query\2754_c7_f0176289.jpg,2754,292,False,rank_gt_100,False,False
1610,D:\deep-person-reid\reid-data\dukemtmc-reid\DukeMTMC-reID/query\2768_c3_f0178153.jpg,2768,969,False,rank_gt_100,False,False
1612,D:\deep-person-reid\reid-data\dukemtmc-reid\DukeMTMC-reID/query\2768_c5_f0222678.jpg,2768,436,False,rank_gt_100,False,False
1614,D:\deep-person-reid\reid-data\dukemtmc-reid\DukeMTMC-reID/query\2772_c4_f0171329.jpg,2772,126,False,rank_gt_100,False,False
1616,D:\deep-person-reid\reid-data\dukemtmc-reid\DukeMTMC-reID/query\2777_c3_f0181565.jpg,2777,33,False,rank_21_50,True,True
1619,D:\deep-person-reid\reid-data\dukemtmc-reid\DukeMTMC-reID/query\2942_c4_f0029506.jpg,2942,49,False,rank_21_50,True,True
1625,D:\deep-person-reid\reid-data\dukemtmc-reid\DukeMTMC-reID/query\3201_c4_f0146067.jpg,3201,1939,False,rank_gt_100,False,False
1626,D:\deep-person-reid\reid-data\dukemtmc-reid\DukeMTMC-reID/query\3201_c5_f0179605.jpg,3201,1146,False,rank_gt_100,False,False
1628,D:\deep-person-reid\reid-data\dukemtmc-reid\DukeMTMC-reID/query\3202_c5_f0179749.jpg,3202,2389,False,rank_gt_100,False,False
1629,D:\deep-person-reid\reid-data\dukemtmc-reid\DukeMTMC-reID/query\3259_c4_f0193760.jpg,3259,361,False,rank_gt_100,False,False
1630,D:\deep-person-reid\reid-data\dukemtmc-reid\DukeMTMC-reID/query\3259_c5_f0226876.jpg,3259,308,False,rank_gt_100,False,False
1634,D:\deep-person-reid\reid-data\dukemtmc-reid\DukeMTMC-reID/query\3353_c6_f0043942.jpg,3353,46,False,rank_21_50,True,True
1641,D:\deep-person-reid\reid-data\dukemtmc-reid\DukeMTMC-reID/query\3410_c6_f0064274.jpg,3410,328,False,rank_gt_100,False,False
1642,D:\deep-person-reid\reid-data\dukemtmc-reid\DukeMTMC-reID/query\3410_c8_f0035897.jpg,3410,1720,False,rank_gt_100,False,False
1646,D:\deep-person-reid\reid-data\dukemtmc-reid\DukeMTMC-reID/query\3495_c5_f0107184.jpg,3495,66,False,rank_51_100,False,True
1647,D:\deep-person-reid\reid-data\dukemtmc-reid\DukeMTMC-reID/query\3495_c6_f0085748.jpg,3495,329,False,rank_gt_100,False,False
1651,D:\deep-person-reid\reid-data\dukemtmc-reid\DukeMTMC-reID/query\3561_c6_f0100189.jpg,3561,105,False,rank_gt_100,False,False
1653,D:\deep-person-reid\reid-data\dukemtmc-reid\DukeMTMC-reID/query\3609_c6_f0119994.jpg,3609,73,False,rank_51_100,False,True
1654,D:\deep-person-reid\reid-data\dukemtmc-reid\DukeMTMC-reID/query\3609_c8_f0098273.jpg,3609,3766,False,rank_gt_100,False,False
1657,D:\deep-person-reid\reid-data\dukemtmc-reid\DukeMTMC-reID/query\3638_c5_f0159594.jpg,3638,217,False,rank_gt_100,False,False
1664,D:\deep-person-reid\reid-data\dukemtmc-reid\DukeMTMC-reID/query\3664_c6_f0144061.jpg,3664,153,False,rank_gt_100,False,False
1672,D:\deep-person-reid\reid-data\dukemtmc-reid\DukeMTMC-reID/query\3763_c5_f0208701.jpg,3763,175,False,rank_gt_100,False,False
1673,D:\deep-person-reid\reid-data\dukemtmc-reid\DukeMTMC-reID/query\3763_c7_f0187845.jpg,3763,114,False,rank_gt_100,False,False
1682,D:\deep-person-reid\reid-data\dukemtmc-reid\DukeMTMC-reID/query\4059_c8_f0007513.jpg,4059,89,False,rank_51_100,False,True
1688,D:\deep-person-reid\reid-data\dukemtmc-reid\DukeMTMC-reID/query\4062_c8_f0014414.jpg,4062,32,False,rank_21_50,True,True
1690,D:\deep-person-reid\reid-data\dukemtmc-reid\DukeMTMC-reID/query\4065_c7_f0041770.jpg,4065,666,False,rank_gt_100,False,False
1694,D:\deep-person-reid\reid-data\dukemtmc-reid\DukeMTMC-reID/query\4066_c8_f0015559.jpg,4066,588,False,rank_gt_100,False,False
1695,D:\deep-person-reid\reid-data\dukemtmc-reid\DukeMTMC-reID/query\4070_c6_f0038021.jpg,4070,30,False,rank_21_50,True,True
1705,D:\deep-person-reid\reid-data\dukemtmc-reid\DukeMTMC-reID/query\4075_c7_f0041274.jpg,4075,24,False,rank_21_50,True,True
1706,D:\deep-person-reid\reid-data\dukemtmc-reid\DukeMTMC-reID/query\4075_c8_f0011197.jpg,4075,149,False,rank_gt_100,False,False
1710,D:\deep-person-reid\reid-data\dukemtmc-reid\DukeMTMC-reID/query\4082_c7_f0045226.jpg,4082,62,False,rank_51_100,False,True
1711,D:\deep-person-reid\reid-data\dukemtmc-reid\DukeMTMC-reID/query\4082_c8_f0019685.jpg,4082,95,False,rank_51_100,False,True
1717,D:\deep-person-reid\reid-data\dukemtmc-reid\DukeMTMC-reID/query\4100_c8_f0022895.jpg,4100,70,False,rank_51_100,False,True
1719,D:\deep-person-reid\reid-data\dukemtmc-reid\DukeMTMC-reID/query\4102_c7_f0049224.jpg,4102,549,False,rank_gt_100,False,False
1720,D:\deep-person-reid\reid-data\dukemtmc-reid\DukeMTMC-reID/query\4102_c8_f0023266.jpg,4102,78,False,rank_51_100,False,True
1726,D:\deep-person-reid\reid-data\dukemtmc-reid\DukeMTMC-reID/query\4110_c8_f0025143.jpg,4110,389,False,rank_gt_100,False,False
1729,D:\deep-person-reid\reid-data\dukemtmc-reid\DukeMTMC-reID/query\4113_c8_f0023695.jpg,4113,475,False,rank_gt_100,False,False
1730,D:\deep-person-reid\reid-data\dukemtmc-reid\DukeMTMC-reID/query\4114_c6_f0046212.jpg,4114,45,False,rank_21_50,True,True
1734,D:\deep-person-reid\reid-data\dukemtmc-reid\DukeMTMC-reID/query\4116_c7_f0050638.jpg,4116,26,False,rank_21_50,True,True
1736,D:\deep-person-reid\reid-data\dukemtmc-reid\DukeMTMC-reID/query\4117_c6_f0046413.jpg,4117,28,False,rank_21_50,True,True
1738,D:\deep-person-reid\reid-data\dukemtmc-reid\DukeMTMC-reID/query\4117_c8_f0019475.jpg,4117,22,False,rank_21_50,True,True
1747,D:\deep-person-reid\reid-data\dukemtmc-reid\DukeMTMC-reID/query\4121_c8_f0026195.jpg,4121,46,False,rank_21_50,True,True
1753,D:\deep-person-reid\reid-data\dukemtmc-reid\DukeMTMC-reID/query\4134_c8_f0028135.jpg,4134,1114,False,rank_gt_100,False,False
1755,D:\deep-person-reid\reid-data\dukemtmc-reid\DukeMTMC-reID/query\4141_c7_f0052589.jpg,4141,3235,False,rank_gt_100,False,False
1759,D:\deep-person-reid\reid-data\dukemtmc-reid\DukeMTMC-reID/query\4143_c8_f0023992.jpg,4143,99,False,rank_51_100,False,True
1768,D:\deep-person-reid\reid-data\dukemtmc-reid\DukeMTMC-reID/query\4147_c8_f0029684.jpg,4147,461,False,rank_gt_100,False,False
1781,D:\deep-person-reid\reid-data\dukemtmc-reid\DukeMTMC-reID/query\4163_c6_f0056485.jpg,4163,83,False,rank_51_100,False,True
1789,D:\deep-person-reid\reid-data\dukemtmc-reid\DukeMTMC-reID/query\4170_c8_f0035692.jpg,4170,153,False,rank_gt_100,False,False
1791,D:\deep-person-reid\reid-data\dukemtmc-reid\DukeMTMC-reID/query\4174_c7_f0061981.jpg,4174,46,False,rank_21_50,True,True
1792,D:\deep-person-reid\reid-data\dukemtmc-reid\DukeMTMC-reID/query\4174_c8_f0035753.jpg,4174,395,False,rank_gt_100,False,False
1794,D:\deep-person-reid\reid-data\dukemtmc-reid\DukeMTMC-reID/query\4176_c7_f0059691.jpg,4176,131,False,rank_gt_100,False,False
1795,D:\deep-person-reid\reid-data\dukemtmc-reid\DukeMTMC-reID/query\4176_c8_f0029782.jpg,4176,142,False,rank_gt_100,False,False
1798,D:\deep-person-reid\reid-data\dukemtmc-reid\DukeMTMC-reID/query\4177_c8_f0029788.jpg,4177,28,False,rank_21_50,True,True
1804,D:\deep-person-reid\reid-data\dukemtmc-reid\DukeMTMC-reID/query\4185_c8_f0031708.jpg,4185,33,False,rank_21_50,True,True
1809,D:\deep-person-reid\reid-data\dukemtmc-reid\DukeMTMC-reID/query\4197_c7_f0063237.jpg,4197,193,False,rank_gt_100,False,False
1818,D:\deep-person-reid\reid-data\dukemtmc-reid\DukeMTMC-reID/query\4207_c7_f0064669.jpg,4207,332,False,rank_gt_100,False,False
1819,D:\deep-person-reid\reid-data\dukemtmc-reid\DukeMTMC-reID/query\4207_c8_f0035625.jpg,4207,58,False,rank_51_100,False,True
1822,D:\deep-person-reid\reid-data\dukemtmc-reid\DukeMTMC-reID/query\4210_c8_f0035539.jpg,4210,108,False,rank_gt_100,False,False
1825,D:\deep-person-reid\reid-data\dukemtmc-reid\DukeMTMC-reID/query\4219_c8_f0036644.jpg,4219,229,False,rank_gt_100,False,False
1829,D:\deep-person-reid\reid-data\dukemtmc-reid\DukeMTMC-reID/query\4226_c6_f0065884.jpg,4226,403,False,rank_gt_100,False,False
1837,D:\deep-person-reid\reid-data\dukemtmc-reid\DukeMTMC-reID/query\4228_c8_f0038211.jpg,4228,22,False,rank_21_50,True,True
1839,D:\deep-person-reid\reid-data\dukemtmc-reid\DukeMTMC-reID/query\4230_c7_f0070872.jpg,4230,30,False,rank_21_50,True,True
1841,D:\deep-person-reid\reid-data\dukemtmc-reid\DukeMTMC-reID/query\4239_c6_f0067853.jpg,4239,81,False,rank_51_100,False,True
1846,D:\deep-person-reid\reid-data\dukemtmc-reid\DukeMTMC-reID/query\4245_c8_f0047974.jpg,4245,3603,False,rank_gt_100,False,False
1849,D:\deep-person-reid\reid-data\dukemtmc-reid\DukeMTMC-reID/query\4246_c8_f0047892.jpg,4246,637,False,rank_gt_100,False,False
1858,D:\deep-person-reid\reid-data\dukemtmc-reid\DukeMTMC-reID/query\4254_c8_f0048148.jpg,4254,52,False,rank_51_100,False,True
1859,D:\deep-person-reid\reid-data\dukemtmc-reid\DukeMTMC-reID/query\4255_c6_f0070070.jpg,4255,104,False,rank_gt_100,False,False
1861,D:\deep-person-reid\reid-data\dukemtmc-reid\DukeMTMC-reID/query\4255_c8_f0047999.jpg,4255,64,False,rank_51_100,False,True
1864,D:\deep-person-reid\reid-data\dukemtmc-reid\DukeMTMC-reID/query\4271_c6_f0072399.jpg,4271,28,False,rank_21_50,True,True
1874,D:\deep-person-reid\reid-data\dukemtmc-reid\DukeMTMC-reID/query\4284_c6_f0073657.jpg,4284,1427,False,rank_gt_100,False,False
1876,D:\deep-person-reid\reid-data\dukemtmc-reid\DukeMTMC-reID/query\4284_c8_f0052276.jpg,4284,54,False,rank_51_100,False,True
1879,D:\deep-person-reid\reid-data\dukemtmc-reid\DukeMTMC-reID/query\4285_c8_f0047010.jpg,4285,975,False,rank_gt_100,False,False
1882,D:\deep-person-reid\reid-data\dukemtmc-reid\DukeMTMC-reID/query\4310_c8_f0054247.jpg,4310,24,False,rank_21_50,True,True
1883,D:\deep-person-reid\reid-data\dukemtmc-reid\DukeMTMC-reID/query\4315_c6_f0076814.jpg,4315,1899,False,rank_gt_100,False,False
1887,D:\deep-person-reid\reid-data\dukemtmc-reid\DukeMTMC-reID/query\4321_c7_f0081702.jpg,4321,1027,False,rank_gt_100,False,False
1888,D:\deep-person-reid\reid-data\dukemtmc-reid\DukeMTMC-reID/query\4321_c8_f0055595.jpg,4321,5893,False,rank_gt_100,False,False
1891,D:\deep-person-reid\reid-data\dukemtmc-reid\DukeMTMC-reID/query\4324_c8_f0051765.jpg,4324,784,False,rank_gt_100,False,False
1894,D:\deep-person-reid\reid-data\dukemtmc-reid\DukeMTMC-reID/query\4326_c8_f0051422.jpg,4326,30,False,rank_21_50,True,True
1895,D:\deep-person-reid\reid-data\dukemtmc-reid\DukeMTMC-reID/query\4329_c6_f0078777.jpg,4329,61,False,rank_51_100,False,True
1896,D:\deep-person-reid\reid-data\dukemtmc-reid\DukeMTMC-reID/query\4329_c7_f0083303.jpg,4329,51,False,rank_51_100,False,True
1897,D:\deep-person-reid\reid-data\dukemtmc-reid\DukeMTMC-reID/query\4329_c8_f0056818.jpg,4329,7188,False,rank_gt_100,False,False
1900,D:\deep-person-reid\reid-data\dukemtmc-reid\DukeMTMC-reID/query\4331_c8_f0051594.jpg,4331,658,False,rank_gt_100,False,False
1901,D:\deep-person-reid\reid-data\dukemtmc-reid\DukeMTMC-reID/query\4332_c6_f0079921.jpg,4332,217,False,rank_gt_100,False,False
1902,D:\deep-person-reid\reid-data\dukemtmc-reid\DukeMTMC-reID/query\4332_c7_f0084451.jpg,4332,344,False,rank_gt_100,False,False
1917,D:\deep-person-reid\reid-data\dukemtmc-reid\DukeMTMC-reID/query\4349_c7_f0087163.jpg,4349,160,False,rank_gt_100,False,False
1918,D:\deep-person-reid\reid-data\dukemtmc-reid\DukeMTMC-reID/query\4349_c8_f0061399.jpg,4349,36,False,rank_21_50,True,True
1919,D:\deep-person-reid\reid-data\dukemtmc-reid\DukeMTMC-reID/query\4356_c6_f0083678.jpg,4356,33,False,rank_21_50,True,True
1926,D:\deep-person-reid\reid-data\dukemtmc-reid\DukeMTMC-reID/query\4366_c7_f0087170.jpg,4366,85,False,rank_51_100,False,True
1928,D:\deep-person-reid\reid-data\dukemtmc-reid\DukeMTMC-reID/query\4372_c6_f0085925.jpg,4372,73,False,rank_51_100,False,True
1930,D:\deep-person-reid\reid-data\dukemtmc-reid\DukeMTMC-reID/query\4372_c8_f0059174.jpg,4372,954,False,rank_gt_100,False,False
1931,D:\deep-person-reid\reid-data\dukemtmc-reid\DukeMTMC-reID/query\4373_c6_f0086371.jpg,4373,36,False,rank_21_50,True,True
1933,D:\deep-person-reid\reid-data\dukemtmc-reid\DukeMTMC-reID/query\4373_c8_f0059359.jpg,4373,836,False,rank_gt_100,False,False
1942,D:\deep-person-reid\reid-data\dukemtmc-reid\DukeMTMC-reID/query\4386_c8_f0060390.jpg,4386,1512,False,rank_gt_100,False,False
1944,D:\deep-person-reid\reid-data\dukemtmc-reid\DukeMTMC-reID/query\4392_c7_f0094695.jpg,4392,807,False,rank_gt_100,False,False
1945,D:\deep-person-reid\reid-data\dukemtmc-reid\DukeMTMC-reID/query\4392_c8_f0082292.jpg,4392,3285,False,rank_gt_100,False,False
1964,D:\deep-person-reid\reid-data\dukemtmc-reid\DukeMTMC-reID/query\4428_c6_f0095815.jpg,4428,52,False,rank_51_100,False,True
1965,D:\deep-person-reid\reid-data\dukemtmc-reid\DukeMTMC-reID/query\4428_c7_f0097764.jpg,4428,605,False,rank_gt_100,False,False
1966,D:\deep-person-reid\reid-data\dukemtmc-reid\DukeMTMC-reID/query\4428_c8_f0068557.jpg,4428,595,False,rank_gt_100,False,False
1972,D:\deep-person-reid\reid-data\dukemtmc-reid\DukeMTMC-reID/query\4443_c8_f0071084.jpg,4443,1885,False,rank_gt_100,False,False
1973,D:\deep-person-reid\reid-data\dukemtmc-reid\DukeMTMC-reID/query\4447_c6_f0098362.jpg,4447,113,False,rank_gt_100,False,False
1974,D:\deep-person-reid\reid-data\dukemtmc-reid\DukeMTMC-reID/query\4447_c7_f0101279.jpg,4447,47,False,rank_21_50,True,True
1975,D:\deep-person-reid\reid-data\dukemtmc-reid\DukeMTMC-reID/query\4447_c8_f0071581.jpg,4447,97,False,rank_51_100,False,True
1977,D:\deep-person-reid\reid-data\dukemtmc-reid\DukeMTMC-reID/query\4449_c7_f0101054.jpg,4449,31,False,rank_21_50,True,True
1980,D:\deep-person-reid\reid-data\dukemtmc-reid\DukeMTMC-reID/query\4459_c7_f0106181.jpg,4459,35,False,rank_21_50,True,True
1981,D:\deep-person-reid\reid-data\dukemtmc-reid\DukeMTMC-reID/query\4459_c8_f0079508.jpg,4459,29,False,rank_21_50,True,True
1991,D:\deep-person-reid\reid-data\dukemtmc-reid\DukeMTMC-reID/query\4480_c6_f0104683.jpg,4480,351,False,rank_gt_100,False,False
1999,D:\deep-person-reid\reid-data\dukemtmc-reid\DukeMTMC-reID/query\4489_c8_f0084876.jpg,4489,43,False,rank_21_50,True,True
2002,D:\deep-person-reid\reid-data\dukemtmc-reid\DukeMTMC-reID/query\4494_c8_f0081225.jpg,4494,80,False,rank_51_100,False,True
2003,D:\deep-person-reid\reid-data\dukemtmc-reid\DukeMTMC-reID/query\4500_c6_f0109869.jpg,4500,307,False,rank_gt_100,False,False
2004,D:\deep-person-reid\reid-data\dukemtmc-reid\DukeMTMC-reID/query\4500_c7_f0111171.jpg,4500,24,False,rank_21_50,True,True
2005,D:\deep-person-reid\reid-data\dukemtmc-reid\DukeMTMC-reID/query\4500_c8_f0081052.jpg,4500,1152,False,rank_gt_100,False,False
2006,D:\deep-person-reid\reid-data\dukemtmc-reid\DukeMTMC-reID/query\4503_c6_f0109212.jpg,4503,117,False,rank_gt_100,False,False
2009,D:\deep-person-reid\reid-data\dukemtmc-reid\DukeMTMC-reID/query\4504_c6_f0109412.jpg,4504,6339,False,rank_gt_100,False,False
2010,D:\deep-person-reid\reid-data\dukemtmc-reid\DukeMTMC-reID/query\4504_c7_f0111393.jpg,4504,57,False,rank_51_100,False,True
2011,D:\deep-person-reid\reid-data\dukemtmc-reid\DukeMTMC-reID/query\4504_c8_f0081886.jpg,4504,86,False,rank_51_100,False,True
2016,D:\deep-person-reid\reid-data\dukemtmc-reid\DukeMTMC-reID/query\4510_c7_f0116190.jpg,4510,23,False,rank_21_50,True,True
2017,D:\deep-person-reid\reid-data\dukemtmc-reid\DukeMTMC-reID/query\4510_c8_f0089683.jpg,4510,280,False,rank_gt_100,False,False
2020,D:\deep-person-reid\reid-data\dukemtmc-reid\DukeMTMC-reID/query\4511_c8_f0084635.jpg,4511,129,False,rank_gt_100,False,False
2021,D:\deep-person-reid\reid-data\dukemtmc-reid\DukeMTMC-reID/query\4514_c6_f0113058.jpg,4514,53,False,rank_51_100,False,True
2023,D:\deep-person-reid\reid-data\dukemtmc-reid\DukeMTMC-reID/query\4514_c8_f0086403.jpg,4514,574,False,rank_gt_100,False,False
2026,D:\deep-person-reid\reid-data\dukemtmc-reid\DukeMTMC-reID/query\4519_c8_f0088643.jpg,4519,39,False,rank_21_50,True,True
2033,D:\deep-person-reid\reid-data\dukemtmc-reid\DukeMTMC-reID/query\4541_c6_f0121186.jpg,4541,3966,False,rank_gt_100,False,False
2035,D:\deep-person-reid\reid-data\dukemtmc-reid\DukeMTMC-reID/query\4541_c8_f0099545.jpg,4541,789,False,rank_gt_100,False,False
2041,D:\deep-person-reid\reid-data\dukemtmc-reid\DukeMTMC-reID/query\4550_c8_f0096776.jpg,4550,46,False,rank_21_50,True,True
2047,D:\deep-person-reid\reid-data\dukemtmc-reid\DukeMTMC-reID/query\4560_c8_f0101842.jpg,4560,38,False,rank_21_50,True,True
2058,D:\deep-person-reid\reid-data\dukemtmc-reid\DukeMTMC-reID/query\4573_c7_f0134670.jpg,4573,514,False,rank_gt_100,False,False
2059,D:\deep-person-reid\reid-data\dukemtmc-reid\DukeMTMC-reID/query\4573_c8_f0104885.jpg,4573,27,False,rank_21_50,True,True
2065,D:\deep-person-reid\reid-data\dukemtmc-reid\DukeMTMC-reID/query\4582_c8_f0108287.jpg,4582,27,False,rank_21_50,True,True
2066,D:\deep-person-reid\reid-data\dukemtmc-reid\DukeMTMC-reID/query\4587_c6_f0136640.jpg,4587,28,False,rank_21_50,True,True
2071,D:\deep-person-reid\reid-data\dukemtmc-reid\DukeMTMC-reID/query\4594_c8_f0112853.jpg,4594,367,False,rank_gt_100,False,False
2077,D:\deep-person-reid\reid-data\dukemtmc-reid\DukeMTMC-reID/query\4605_c8_f0114352.jpg,4605,26,False,rank_21_50,True,True
2086,D:\deep-person-reid\reid-data\dukemtmc-reid\DukeMTMC-reID/query\4632_c8_f0124592.jpg,4632,47,False,rank_21_50,True,True
2089,D:\deep-person-reid\reid-data\dukemtmc-reid\DukeMTMC-reID/query\4633_c8_f0119378.jpg,4633,38,False,rank_21_50,True,True
2092,D:\deep-person-reid\reid-data\dukemtmc-reid\DukeMTMC-reID/query\4634_c8_f0119214.jpg,4634,39,False,rank_21_50,True,True
2095,D:\deep-person-reid\reid-data\dukemtmc-reid\DukeMTMC-reID/query\4639_c8_f0119767.jpg,4639,3773,False,rank_gt_100,False,False
2096,D:\deep-person-reid\reid-data\dukemtmc-reid\DukeMTMC-reID/query\4640_c6_f0146557.jpg,4640,36,False,rank_21_50,True,True
2098,D:\deep-person-reid\reid-data\dukemtmc-reid\DukeMTMC-reID/query\4640_c8_f0119838.jpg,4640,136,False,rank_gt_100,False,False
2099,D:\deep-person-reid\reid-data\dukemtmc-reid\DukeMTMC-reID/query\4646_c6_f0148110.jpg,4646,78,False,rank_51_100,False,True
2103,D:\deep-person-reid\reid-data\dukemtmc-reid\DukeMTMC-reID/query\4654_c6_f0150814.jpg,4654,38,False,rank_21_50,True,True
2107,D:\deep-person-reid\reid-data\dukemtmc-reid\DukeMTMC-reID/query\4672_c8_f0127633.jpg,4672,357,False,rank_gt_100,False,False
2110,D:\deep-person-reid\reid-data\dukemtmc-reid\DukeMTMC-reID/query\4681_c8_f0128981.jpg,4681,1230,False,rank_gt_100,False,False
2112,D:\deep-person-reid\reid-data\dukemtmc-reid\DukeMTMC-reID/query\4693_c7_f0162772.jpg,4693,24,False,rank_21_50,True,True
2113,D:\deep-person-reid\reid-data\dukemtmc-reid\DukeMTMC-reID/query\4693_c8_f0136356.jpg,4693,157,False,rank_gt_100,False,False
2116,D:\deep-person-reid\reid-data\dukemtmc-reid\DukeMTMC-reID/query\4695_c8_f0131626.jpg,4695,668,False,rank_gt_100,False,False
2120,D:\deep-person-reid\reid-data\dukemtmc-reid\DukeMTMC-reID/query\4708_c6_f0165682.jpg,4708,186,False,rank_gt_100,False,False
2122,D:\deep-person-reid\reid-data\dukemtmc-reid\DukeMTMC-reID/query\4708_c8_f0138965.jpg,4708,1089,False,rank_gt_100,False,False
2125,D:\deep-person-reid\reid-data\dukemtmc-reid\DukeMTMC-reID/query\4713_c8_f0144266.jpg,4713,1983,False,rank_gt_100,False,False
2130,D:\deep-person-reid\reid-data\dukemtmc-reid\DukeMTMC-reID/query\4719_c7_f0171037.jpg,4719,240,False,rank_gt_100,False,False
2131,D:\deep-person-reid\reid-data\dukemtmc-reid\DukeMTMC-reID/query\4719_c8_f0142081.jpg,4719,3151,False,rank_gt_100,False,False
2139,D:\deep-person-reid\reid-data\dukemtmc-reid\DukeMTMC-reID/query\4727_c6_f0170514.jpg,4727,49,False,rank_21_50,True,True
2141,D:\deep-person-reid\reid-data\dukemtmc-reid\DukeMTMC-reID/query\4727_c8_f0143608.jpg,4727,6051,False,rank_gt_100,False,False
2142,D:\deep-person-reid\reid-data\dukemtmc-reid\DukeMTMC-reID/query\4729_c6_f0170302.jpg,4729,42,False,rank_21_50,True,True
2144,D:\deep-person-reid\reid-data\dukemtmc-reid\DukeMTMC-reID/query\4729_c8_f0143446.jpg,4729,185,False,rank_gt_100,False,False
2145,D:\deep-person-reid\reid-data\dukemtmc-reid\DukeMTMC-reID/query\4736_c6_f0171361.jpg,4736,22,False,rank_21_50,True,True
2146,D:\deep-person-reid\reid-data\dukemtmc-reid\DukeMTMC-reID/query\4736_c7_f0175837.jpg,4736,240,False,rank_gt_100,False,False
2147,D:\deep-person-reid\reid-data\dukemtmc-reid\DukeMTMC-reID/query\4736_c8_f0150187.jpg,4736,120,False,rank_gt_100,False,False
2150,D:\deep-person-reid\reid-data\dukemtmc-reid\DukeMTMC-reID/query\4739_c8_f0146387.jpg,4739,84,False,rank_51_100,False,True
2153,D:\deep-person-reid\reid-data\dukemtmc-reid\DukeMTMC-reID/query\4743_c8_f0149015.jpg,4743,116,False,rank_gt_100,False,False
2154,D:\deep-person-reid\reid-data\dukemtmc-reid\DukeMTMC-reID/query\4750_c6_f0177752.jpg,4750,29,False,rank_21_50,True,True
2157,D:\deep-person-reid\reid-data\dukemtmc-reid\DukeMTMC-reID/query\4757_c6_f0180371.jpg,4757,383,False,rank_gt_100,False,False
2159,D:\deep-person-reid\reid-data\dukemtmc-reid\DukeMTMC-reID/query\4757_c8_f0152424.jpg,4757,289,False,rank_gt_100,False,False
2162,D:\deep-person-reid\reid-data\dukemtmc-reid\DukeMTMC-reID/query\4758_c8_f0152029.jpg,4758,475,False,rank_gt_100,False,False
2171,D:\deep-person-reid\reid-data\dukemtmc-reid\DukeMTMC-reID/query\4769_c8_f0156630.jpg,4769,797,False,rank_gt_100,False,False
2174,D:\deep-person-reid\reid-data\dukemtmc-reid\DukeMTMC-reID/query\4772_c8_f0156896.jpg,4772,85,False,rank_51_100,False,True
2177,D:\deep-person-reid\reid-data\dukemtmc-reid\DukeMTMC-reID/query\4774_c8_f0163723.jpg,4774,24,False,rank_21_50,True,True
2180,D:\deep-person-reid\reid-data\dukemtmc-reid\DukeMTMC-reID/query\4779_c8_f0161073.jpg,4779,24,False,rank_21_50,True,True
2189,D:\deep-person-reid\reid-data\dukemtmc-reid\DukeMTMC-reID/query\4790_c8_f0163206.jpg,4790,22,False,rank_21_50,True,True
2192,D:\deep-person-reid\reid-data\dukemtmc-reid\DukeMTMC-reID/query\4804_c8_f0174401.jpg,4804,101,False,rank_gt_100,False,False
2198,D:\deep-person-reid\reid-data\dukemtmc-reid\DukeMTMC-reID/query\4817_c7_f0207663.jpg,4817,388,False,rank_gt_100,False,False
2200,D:\deep-person-reid\reid-data\dukemtmc-reid\DukeMTMC-reID/query\5249_c7_f0067882.jpg,5249,687,False,rank_gt_100,False,False
2201,D:\deep-person-reid\reid-data\dukemtmc-reid\DukeMTMC-reID/query\5249_c8_f0041335.jpg,5249,161,False,rank_gt_100,False,False
2202,D:\deep-person-reid\reid-data\dukemtmc-reid\DukeMTMC-reID/query\5272_c7_f0071683.jpg,5272,3023,False,rank_gt_100,False,False
2203,D:\deep-person-reid\reid-data\dukemtmc-reid\DukeMTMC-reID/query\5272_c8_f0045606.jpg,5272,118,False,rank_gt_100,False,False
2206,D:\deep-person-reid\reid-data\dukemtmc-reid\DukeMTMC-reID/query\5358_c7_f0089583.jpg,5358,1702,False,rank_gt_100,False,False
2207,D:\deep-person-reid\reid-data\dukemtmc-reid\DukeMTMC-reID/query\5358_c8_f0063404.jpg,5358,46,False,rank_21_50,True,True
2211,D:\deep-person-reid\reid-data\dukemtmc-reid\DukeMTMC-reID/query\5587_c7_f0200226.jpg,5587,7842,False,rank_gt_100,False,False
2212,D:\deep-person-reid\reid-data\dukemtmc-reid\DukeMTMC-reID/query\5587_c8_f0173540.jpg,5587,5750,False,rank_gt_100,False,False
2213,D:\deep-person-reid\reid-data\dukemtmc-reid\DukeMTMC-reID/query\5599_c7_f0206995.jpg,5599,8629,False,rank_gt_100,False,False
2214,D:\deep-person-reid\reid-data\dukemtmc-reid\DukeMTMC-reID/query\5599_c8_f0177707.jpg,5599,2942,False,rank_gt_100,False,False
2217,D:\deep-person-reid\reid-data\dukemtmc-reid\DukeMTMC-reID/query\5842_c8_f0069010.jpg,5842,509,False,rank_gt_100,False,False
2219,D:\deep-person-reid\reid-data\dukemtmc-reid\DukeMTMC-reID/query\6046_c7_f0061621.jpg,6046,34,False,rank_21_50,True,True
2220,D:\deep-person-reid\reid-data\dukemtmc-reid\DukeMTMC-reID/query\6046_c8_f0035744.jpg,6046,62,False,rank_51_100,False,True
2225,D:\deep-person-reid\reid-data\dukemtmc-reid\DukeMTMC-reID/query\6535_c8_f0005374.jpg,6535,722,False,rank_gt_100,False,False
2226,D:\deep-person-reid\reid-data\dukemtmc-reid\DukeMTMC-reID/query\7139_c1_f0156370.jpg,7139,190,False,rank_gt_100,False,False
2227,D:\deep-person-reid\reid-data\dukemtmc-reid\DukeMTMC-reID/query\7139_c2_f0160575.jpg,7139,92,False,rank_51_100,False,True
