baseline_false_path,baseline_false_pid,baseline_false_visual_similarity,best_true_path,best_true_rank_after,best_true_rank_before,best_true_visual_similarity,false_semantic_adjustment,funnel_stage,query_index,query_path,query_pid,semantic_corrected_rank1,true_in_ambiguity,true_in_top20,true_minus_false_visual_gap,true_semantic_adjustment
D:\deep-person-reid\reid-data\dukemtmc-reid\DukeMTMC-reID/bounding_box_test\0098_c6_f0057652.jpg,98,0.8785198926925659,,,,,,B,2,D:\deep-person-reid\reid-data\dukemtmc-reid\DukeMTMC-reID/query\0005_c6_f0030883.jpg,5,,False,False,,
D:\deep-person-reid\reid-data\dukemtmc-reid\DukeMTMC-reID/bounding_box_test\0034_c1_f0057876.jpg,34,0.8990962505340576,,,,,,B,3,D:\deep-person-reid\reid-data\dukemtmc-reid\DukeMTMC-reID/query\0019_c1_f0051470.jpg,19,,False,False,,
D:\deep-person-reid\reid-data\dukemtmc-reid\DukeMTMC-reID/bounding_box_test\0128_c1_f0075872.jpg,128,0.861357569694519,,,,,,B,7,D:\deep-person-reid\reid-data\dukemtmc-reid\DukeMTMC-reID/query\0021_c1_f0052336.jpg,21,,False,False,,
D:\deep-person-reid\reid-data\dukemtmc-reid\DukeMTMC-reID/bounding_box_test\0555_c3_f0122303.jpg,555,0.8172121047973633,D:\deep-person-reid\reid-data\dukemtmc-reid\DukeMTMC-reID/bounding_box_test\0023_c3_f0034250.jpg,1,2,0.8022481203079224,-1.0,E,11,D:\deep-person-reid\reid-data\dukemtmc-reid\DukeMTMC-reID/query\0023_c1_f0052564.jpg,23,True,True,True,-0.014963984489440918,1.0
D:\deep-person-reid\reid-data\dukemtmc-reid\DukeMTMC-reID/bounding_box_test\1699_c3_f0108797.jpg,1699,0.8532443046569824,,,,,,C,13,D:\deep-person-reid\reid-data\dukemtmc-reid\DukeMTMC-reID/query\0023_c3_f0033770.jpg,23,,False,True,,
D:\deep-person-reid\reid-data\dukemtmc-reid\DukeMTMC-reID/bounding_box_test\0279_c4_f0068609.jpg,279,0.8469153642654419,,,,,,B,14,D:\deep-person-reid\reid-data\dukemtmc-reid\DukeMTMC-reID/query\0023_c4_f0031504.jpg,23,,False,False,,
D:\deep-person-reid\reid-data\dukemtmc-reid\DukeMTMC-reID/bounding_box_test\1642_c4_f0098394.jpg,1642,0.7664057016372681,,,,,,C,16,D:\deep-person-reid\reid-data\dukemtmc-reid\DukeMTMC-reID/query\0025_c8_f0010986.jpg,25,,False,True,,
D:\deep-person-reid\reid-data\dukemtmc-reid\DukeMTMC-reID/bounding_box_test\0287_c1_f0098601.jpg,287,0.8908506035804749,,,,,,B,17,D:\deep-person-reid\reid-data\dukemtmc-reid\DukeMTMC-reID/query\0027_c1_f0054309.jpg,27,,False,False,,
D:\deep-person-reid\reid-data\dukemtmc-reid\DukeMTMC-reID/bounding_box_test\0204_c2_f0088230.jpg,204,0.821839451789856,,,,,,B,18,D:\deep-person-reid\reid-data\dukemtmc-reid\DukeMTMC-reID/query\0027_c2_f0054638.jpg,27,,False,False,,
D:\deep-person-reid\reid-data\dukemtmc-reid\DukeMTMC-reID/bounding_box_test\0304_c3_f0076002.jpg,304,0.8636462688446045,,,,,,B,19,D:\deep-person-reid\reid-data\dukemtmc-reid\DukeMTMC-reID/query\0027_c3_f0030042.jpg,27,,False,False,,
D:\deep-person-reid\reid-data\dukemtmc-reid\DukeMTMC-reID/bounding_box_test\0078_c4_f0033445.jpg,78,0.8202107548713684,,,,,,B,20,D:\deep-person-reid\reid-data\dukemtmc-reid\DukeMTMC-reID/query\0027_c4_f0023987.jpg,27,,False,False,,
D:\deep-person-reid\reid-data\dukemtmc-reid\DukeMTMC-reID/bounding_box_test\1699_c4_f0106766.jpg,1699,0.8578509092330933,,,,,,C,24,D:\deep-person-reid\reid-data\dukemtmc-reid\DukeMTMC-reID/query\0030_c4_f0026288.jpg,30,,False,True,,
D:\deep-person-reid\reid-data\dukemtmc-reid\DukeMTMC-reID/bounding_box_test\0035_c1_f0057792.jpg,35,0.79393470287323,,,,,,C,25,D:\deep-person-reid\reid-data\dukemtmc-reid\DukeMTMC-reID/query\0031_c1_f0057180.jpg,31,,False,True,,
D:\deep-person-reid\reid-data\dukemtmc-reid\DukeMTMC-reID/bounding_box_test\0763_c2_f0196033.jpg,763,0.7921091914176941,,,,,,C,26,D:\deep-person-reid\reid-data\dukemtmc-reid\DukeMTMC-reID/query\0031_c2_f0062046.jpg,31,,False,True,,
D:\deep-person-reid\reid-data\dukemtmc-reid\DukeMTMC-reID/bounding_box_test\0551_c6_f0130420.jpg,551,0.8026474118232727,,,,,,C,28,D:\deep-person-reid\reid-data\dukemtmc-reid\DukeMTMC-reID/query\0031_c6_f0045932.jpg,31,,False,True,,
D:\deep-person-reid\reid-data\dukemtmc-reid\DukeMTMC-reID/bounding_box_test\0729_c1_f0183349.jpg,729,0.8310503363609314,,,,,,B,29,D:\deep-person-reid\reid-data\dukemtmc-reid\DukeMTMC-reID/query\0033_c1_f0057706.jpg,33,,False,False,,
D:\deep-person-reid\reid-data\dukemtmc-reid\DukeMTMC-reID/bounding_box_test\0693_c2_f0172592.jpg,693,0.8399441242218018,,,,,,C,30,D:\deep-person-reid\reid-data\dukemtmc-reid\DukeMTMC-reID/query\0033_c2_f0061704.jpg,33,,False,True,,
D:\deep-person-reid\reid-data\dukemtmc-reid\DukeMTMC-reID/bounding_box_test\2736_c6_f0158589.jpg,2736,0.8374760150909424,,,,,,C,32,D:\deep-person-reid\reid-data\dukemtmc-reid\DukeMTMC-reID/query\0033_c6_f0045755.jpg,33,,False,True,,
D:\deep-person-reid\reid-data\dukemtmc-reid\DukeMTMC-reID/bounding_box_test\0072_c1_f0064614.jpg,72,0.8733875751495361,,,,,,B,33,D:\deep-person-reid\reid-data\dukemtmc-reid\DukeMTMC-reID/query\0034_c1_f0057636.jpg,34,,False,False,,
D:\deep-person-reid\reid-data\dukemtmc-reid\DukeMTMC-reID/bounding_box_test\3259_c5_f0226756.jpg,3259,0.7942702770233154,,,,,,B,34,D:\deep-person-reid\reid-data\dukemtmc-reid\DukeMTMC-reID/query\0034_c2_f0057453.jpg,34,,False,False,,
D:\deep-person-reid\reid-data\dukemtmc-reid\DukeMTMC-reID/bounding_box_test\0305_c1_f0101056.jpg,305,0.8013638257980347,,,,,,C,35,D:\deep-person-reid\reid-data\dukemtmc-reid\DukeMTMC-reID/query\0035_c1_f0057672.jpg,35,,False,True,,
D:\deep-person-reid\reid-data\dukemtmc-reid\DukeMTMC-reID/bounding_box_test\0344_c2_f0105504.jpg,344,0.8311290740966797,,,,,,B,36,D:\deep-person-reid\reid-data\dukemtmc-reid\DukeMTMC-reID/query\0035_c2_f0057892.jpg,35,,False,False,,
D:\deep-person-reid\reid-data\dukemtmc-reid\DukeMTMC-reID/bounding_box_test\0033_c1_f0057226.jpg,33,0.8128751516342163,,,,,,B,37,D:\deep-person-reid\reid-data\dukemtmc-reid\DukeMTMC-reID/query\0039_c1_f0058725.jpg,39,,False,False,,
D:\deep-person-reid\reid-data\dukemtmc-reid\DukeMTMC-reID/bounding_box_test\5949_c8_f0023081.jpg,5949,0.7676442265510559,,,,,,C,38,D:\deep-person-reid\reid-data\dukemtmc-reid\DukeMTMC-reID/query\0039_c2_f0063073.jpg,39,,False,True,,
D:\deep-person-reid\reid-data\dukemtmc-reid\DukeMTMC-reID/bounding_box_test\0356_c3_f0082698.jpg,356,0.7747960090637207,,,,,,B,39,D:\deep-person-reid\reid-data\dukemtmc-reid\DukeMTMC-reID/query\0039_c3_f0040399.jpg,39,,False,False,,
D:\deep-person-reid\reid-data\dukemtmc-reid\DukeMTMC-reID/bounding_box_test\0047_c4_f0039918.jpg,47,0.8381409645080566,,,,,,B,40,D:\deep-person-reid\reid-data\dukemtmc-reid\DukeMTMC-reID/query\0039_c4_f0037989.jpg,39,,False,False,,
D:\deep-person-reid\reid-data\dukemtmc-reid\DukeMTMC-reID/bounding_box_test\0056_c1_f0061458.jpg,56,0.8124135732650757,,,,,,B,41,D:\deep-person-reid\reid-data\dukemtmc-reid\DukeMTMC-reID/query\0042_c1_f0059238.jpg,42,,False,False,,
D:\deep-person-reid\reid-data\dukemtmc-reid\DukeMTMC-reID/bounding_box_test\0103_c6_f0048435.jpg,103,0.8438255786895752,D:\deep-person-reid\reid-data\dukemtmc-reid\DukeMTMC-reID/bounding_box_test\0042_c2_f0063784.jpg,1,2,0.8280313014984131,-0.5,E,44,D:\deep-person-reid\reid-data\dukemtmc-reid\DukeMTMC-reID/query\0042_c6_f0048284.jpg,42,True,True,True,-0.01579427719116211,0.5
D:\deep-person-reid\reid-data\dukemtmc-reid\DukeMTMC-reID/bounding_box_test\0346_c1_f0107009.jpg,346,0.9079136848449707,,,,,,B,45,D:\deep-person-reid\reid-data\dukemtmc-reid\DukeMTMC-reID/query\0043_c1_f0059677.jpg,43,,False,False,,
D:\deep-person-reid\reid-data\dukemtmc-reid\DukeMTMC-reID/bounding_box_test\4110_c6_f0045335.jpg,4110,0.8640379905700684,D:\deep-person-reid\reid-data\dukemtmc-reid\DukeMTMC-reID/bounding_box_test\0043_c7_f0041867.jpg,3,3,0.8441802859306335,0.0,F,46,D:\deep-person-reid\reid-data\dukemtmc-reid\DukeMTMC-reID/query\0043_c6_f0036866.jpg,43,False,True,True,-0.019857704639434814,0.0
D:\deep-person-reid\reid-data\dukemtmc-reid\DukeMTMC-reID/bounding_box_test\0346_c7_f0088807.jpg,346,0.8151339292526245,,,,,,C,47,D:\deep-person-reid\reid-data\dukemtmc-reid\DukeMTMC-reID/query\0043_c7_f0041987.jpg,43,,False,True,,
D:\deep-person-reid\reid-data\dukemtmc-reid\DukeMTMC-reID/bounding_box_test\3410_c8_f0036137.jpg,3410,0.8122036457061768,,,,,,B,48,D:\deep-person-reid\reid-data\dukemtmc-reid\DukeMTMC-reID/query\0043_c8_f0015591.jpg,43,,False,False,,
D:\deep-person-reid\reid-data\dukemtmc-reid\DukeMTMC-reID/bounding_box_test\0471_c1_f0125948.jpg,471,0.9307060241699219,,,,,,B,49,D:\deep-person-reid\reid-data\dukemtmc-reid\DukeMTMC-reID/query\0044_c1_f0059515.jpg,44,,False,False,,
D:\deep-person-reid\reid-data\dukemtmc-reid\DukeMTMC-reID/bounding_box_test\0261_c5_f0098735.jpg,261,0.825503945350647,,,,,,C,50,D:\deep-person-reid\reid-data\dukemtmc-reid\DukeMTMC-reID/query\0044_c2_f0059316.jpg,44,,False,True,,
D:\deep-person-reid\reid-data\dukemtmc-reid\DukeMTMC-reID/bounding_box_test\0230_c5_f0096068.jpg,230,0.8145488500595093,,,,,,B,51,D:\deep-person-reid\reid-data\dukemtmc-reid\DukeMTMC-reID/query\0044_c5_f0061197.jpg,44,,False,False,,
D:\deep-person-reid\reid-data\dukemtmc-reid\DukeMTMC-reID/bounding_box_test\0047_c1_f0059818.jpg,47,0.8862926363945007,,,,,,C,53,D:\deep-person-reid\reid-data\dukemtmc-reid\DukeMTMC-reID/query\0046_c1_f0060037.jpg,46,,False,True,,
D:\deep-person-reid\reid-data\dukemtmc-reid\DukeMTMC-reID/bounding_box_test\0555_c3_f0121823.jpg,555,0.8467435836791992,,,,,,C,55,D:\deep-person-reid\reid-data\dukemtmc-reid\DukeMTMC-reID/query\0046_c3_f0041496.jpg,46,,False,True,,
D:\deep-person-reid\reid-data\dukemtmc-reid\DukeMTMC-reID/bounding_box_test\0279_c4_f0068609.jpg,279,0.8680226802825928,,,,,,C,56,D:\deep-person-reid\reid-data\dukemtmc-reid\DukeMTMC-reID/query\0046_c4_f0039327.jpg,46,,False,True,,
D:\deep-person-reid\reid-data\dukemtmc-reid\DukeMTMC-reID/bounding_box_test\0046_c1_f0059677.jpg,46,0.8180884122848511,,,,,,C,57,D:\deep-person-reid\reid-data\dukemtmc-reid\DukeMTMC-reID/query\0047_c1_f0059698.jpg,47,,False,True,,
D:\deep-person-reid\reid-data\dukemtmc-reid\DukeMTMC-reID/bounding_box_test\0106_c2_f0071709.jpg,106,0.7778338193893433,,,,,,B,58,D:\deep-person-reid\reid-data\dukemtmc-reid\DukeMTMC-reID/query\0047_c2_f0063956.jpg,47,,False,False,,
D:\deep-person-reid\reid-data\dukemtmc-reid\DukeMTMC-reID/bounding_box_test\6367_c8_f0073930.jpg,6367,0.8242894411087036,,,,,,B,59,D:\deep-person-reid\reid-data\dukemtmc-reid\DukeMTMC-reID/query\0047_c3_f0041514.jpg,47,,False,False,,
D:\deep-person-reid\reid-data\dukemtmc-reid\DukeMTMC-reID/bounding_box_test\0240_c4_f0064650.jpg,240,0.8543406128883362,,,,,,B,60,D:\deep-person-reid\reid-data\dukemtmc-reid\DukeMTMC-reID/query\0047_c4_f0039318.jpg,47,,False,False,,
D:\deep-person-reid\reid-data\dukemtmc-reid\DukeMTMC-reID/bounding_box_test\0706_c1_f0176952.jpg,706,0.872123658657074,,,,,,B,61,D:\deep-person-reid\reid-data\dukemtmc-reid\DukeMTMC-reID/query\0049_c1_f0060029.jpg,49,,False,False,,
D:\deep-person-reid\reid-data\dukemtmc-reid\DukeMTMC-reID/bounding_box_test\0347_c1_f0106937.jpg,347,0.7906404733657837,D:\deep-person-reid\reid-data\dukemtmc-reid\DukeMTMC-reID/bounding_box_test\0049_c1_f0060269.jpg,9,4,0.785559356212616,0.0,F,62,D:\deep-person-reid\reid-data\dukemtmc-reid\DukeMTMC-reID/query\0049_c2_f0060033.jpg,49,False,True,True,-0.005081117153167725,0.0
D:\deep-person-reid\reid-data\dukemtmc-reid\DukeMTMC-reID/bounding_box_test\0321_c1_f0104956.jpg,321,0.8274730443954468,,,,,,B,63,D:\deep-person-reid\reid-data\dukemtmc-reid\DukeMTMC-reID/query\0050_c1_f0060180.jpg,50,,False,False,,
D:\deep-person-reid\reid-data\dukemtmc-reid\DukeMTMC-reID/bounding_box_test\0734_c2_f0184987.jpg,734,0.8064858913421631,,,,,,B,64,D:\deep-person-reid\reid-data\dukemtmc-reid\DukeMTMC-reID/query\0050_c2_f0064798.jpg,50,,False,False,,
D:\deep-person-reid\reid-data\dukemtmc-reid\DukeMTMC-reID/bounding_box_test\0257_c3_f0072336.jpg,257,0.8674782514572144,,,,,,B,65,D:\deep-person-reid\reid-data\dukemtmc-reid\DukeMTMC-reID/query\0050_c3_f0041757.jpg,50,,False,False,,
D:\deep-person-reid\reid-data\dukemtmc-reid\DukeMTMC-reID/bounding_box_test\0285_c4_f0079431.jpg,285,0.8315329551696777,,,,,,C,66,D:\deep-person-reid\reid-data\dukemtmc-reid\DukeMTMC-reID/query\0050_c4_f0039649.jpg,50,,False,True,,
D:\deep-person-reid\reid-data\dukemtmc-reid\DukeMTMC-reID/bounding_box_test\6253_c8_f0059288.jpg,6253,0.782241940498352,,,,,,B,67,D:\deep-person-reid\reid-data\dukemtmc-reid\DukeMTMC-reID/query\0051_c1_f0060060.jpg,51,,False,False,,
D:\deep-person-reid\reid-data\dukemtmc-reid\DukeMTMC-reID/bounding_box_test\0631_c2_f0165030.jpg,631,0.8578534722328186,,,,,,C,68,D:\deep-person-reid\reid-data\dukemtmc-reid\DukeMTMC-reID/query\0051_c2_f0060673.jpg,51,,False,True,,
D:\deep-person-reid\reid-data\dukemtmc-reid\DukeMTMC-reID/bounding_box_test\0788_c3_f0176043.jpg,788,0.8565807342529297,,,,,,C,69,D:\deep-person-reid\reid-data\dukemtmc-reid\DukeMTMC-reID/query\0051_c3_f0035958.jpg,51,,False,True,,
D:\deep-person-reid\reid-data\dukemtmc-reid\DukeMTMC-reID/bounding_box_test\0251_c4_f0066565.jpg,251,0.8496265411376953,,,,,,B,70,D:\deep-person-reid\reid-data\dukemtmc-reid\DukeMTMC-reID/query\0051_c4_f0030830.jpg,51,,False,False,,
D:\deep-person-reid\reid-data\dukemtmc-reid\DukeMTMC-reID/bounding_box_test\0187_c1_f0087870.jpg,187,0.780254602432251,,,,,,B,71,D:\deep-person-reid\reid-data\dukemtmc-reid\DukeMTMC-reID/query\0053_c1_f0060659.jpg,53,,False,False,,
D:\deep-person-reid\reid-data\dukemtmc-reid\DukeMTMC-reID/bounding_box_test\0125_c2_f0080971.jpg,125,0.7931126952171326,,,,,,B,72,D:\deep-person-reid\reid-data\dukemtmc-reid\DukeMTMC-reID/query\0053_c2_f0063910.jpg,53,,False,False,,
D:\deep-person-reid\reid-data\dukemtmc-reid\DukeMTMC-reID/bounding_box_test\0495_c1_f0128559.jpg,495,0.8922269344329834,,,,,,B,75,D:\deep-person-reid\reid-data\dukemtmc-reid\DukeMTMC-reID/query\0061_c1_f0062281.jpg,61,,False,False,,
D:\deep-person-reid\reid-data\dukemtmc-reid\DukeMTMC-reID/bounding_box_test\6407_c8_f0077754.jpg,6407,0.7664769887924194,,,,,,B,76,D:\deep-person-reid\reid-data\dukemtmc-reid\DukeMTMC-reID/query\0061_c2_f0066945.jpg,61,,False,False,,
D:\deep-person-reid\reid-data\dukemtmc-reid\DukeMTMC-reID/bounding_box_test\0410_c1_f0115536.jpg,410,0.8309195041656494,D:\deep-person-reid\reid-data\dukemtmc-reid\DukeMTMC-reID/bounding_box_test\0066_c6_f0041002.jpg,1,2,0.8125057220458984,-0.5,E,77,D:\deep-person-reid\reid-data\dukemtmc-reid\DukeMTMC-reID/query\0066_c1_f0063339.jpg,66,True,True,True,-0.018413782119750977,1.0
D:\deep-person-reid\reid-data\dukemtmc-reid\DukeMTMC-reID/bounding_box_test\0239_c1_f0095293.jpg,239,0.8516077399253845,,,,,,B,81,D:\deep-person-reid\reid-data\dukemtmc-reid\DukeMTMC-reID/query\0068_c1_f0063910.jpg,68,,False,False,,
D:\deep-person-reid\reid-data\dukemtmc-reid\DukeMTMC-reID/bounding_box_test\0631_c2_f0165630.jpg,631,0.8217175006866455,,,,,,C,82,D:\deep-person-reid\reid-data\dukemtmc-reid\DukeMTMC-reID/query\0068_c2_f0068064.jpg,68,,False,True,,
D:\deep-person-reid\reid-data\dukemtmc-reid\DukeMTMC-reID/bounding_box_test\0187_c3_f0068945.jpg,187,0.8416811227798462,,,,,,B,83,D:\deep-person-reid\reid-data\dukemtmc-reid\DukeMTMC-reID/query\0068_c3_f0044983.jpg,68,,False,False,,
D:\deep-person-reid\reid-data\dukemtmc-reid\DukeMTMC-reID/bounding_box_test\0187_c4_f0066579.jpg,187,0.8354129791259766,,,,,,B,84,D:\deep-person-reid\reid-data\dukemtmc-reid\DukeMTMC-reID/query\0068_c4_f0042531.jpg,68,,False,False,,
D:\deep-person-reid\reid-data\dukemtmc-reid\DukeMTMC-reID/bounding_box_test\0426_c1_f0118497.jpg,426,0.8198738098144531,,,,,,B,85,D:\deep-person-reid\reid-data\dukemtmc-reid\DukeMTMC-reID/query\0069_c1_f0063936.jpg,69,,False,False,,
D:\deep-person-reid\reid-data\dukemtmc-reid\DukeMTMC-reID/bounding_box_test\4118_c8_f0026196.jpg,4118,0.7719069719314575,,,,,,C,87,D:\deep-person-reid\reid-data\dukemtmc-reid\DukeMTMC-reID/query\0069_c3_f0038683.jpg,69,,False,True,,
D:\deep-person-reid\reid-data\dukemtmc-reid\DukeMTMC-reID/bounding_box_test\0103_c1_f0070451.jpg,103,0.8915367126464844,,,,,,B,88,D:\deep-person-reid\reid-data\dukemtmc-reid\DukeMTMC-reID/query\0072_c1_f0064374.jpg,72,,False,False,,
D:\deep-person-reid\reid-data\dukemtmc-reid\DukeMTMC-reID/bounding_box_test\0468_c2_f0125079.jpg,468,0.8349943161010742,,,,,,B,89,D:\deep-person-reid\reid-data\dukemtmc-reid\DukeMTMC-reID/query\0072_c2_f0064014.jpg,72,,False,False,,
D:\deep-person-reid\reid-data\dukemtmc-reid\DukeMTMC-reID/bounding_box_test\0251_c1_f0096395.jpg,251,0.7673184275627136,,,,,,C,93,D:\deep-person-reid\reid-data\dukemtmc-reid\DukeMTMC-reID/query\0075_c2_f0069561.jpg,75,,False,True,,
D:\deep-person-reid\reid-data\dukemtmc-reid\DukeMTMC-reID/bounding_box_test\0019_c6_f0039710.jpg,19,0.8033798933029175,,,,,,B,94,D:\deep-person-reid\reid-data\dukemtmc-reid\DukeMTMC-reID/query\0075_c3_f0046520.jpg,75,,False,False,,
D:\deep-person-reid\reid-data\dukemtmc-reid\DukeMTMC-reID/bounding_box_test\0823_c4_f0179178.jpg,823,0.8483001589775085,,,,,,B,95,D:\deep-person-reid\reid-data\dukemtmc-reid\DukeMTMC-reID/query\0075_c4_f0043898.jpg,75,,False,False,,
D:\deep-person-reid\reid-data\dukemtmc-reid\DukeMTMC-reID/bounding_box_test\0469_c6_f0113612.jpg,469,0.8424386382102966,D:\deep-person-reid\reid-data\dukemtmc-reid\DukeMTMC-reID/bounding_box_test\0076_c2_f0069794.jpg,1,2,0.8396505117416382,-0.5,E,99,D:\deep-person-reid\reid-data\dukemtmc-reid\DukeMTMC-reID/query\0076_c6_f0053772.jpg,76,True,True,True,-0.0027881264686584473,0.5
D:\deep-person-reid\reid-data\dukemtmc-reid\DukeMTMC-reID/bounding_box_test\1750_c3_f0118868.jpg,1750,0.8443065881729126,,,,,,C,105,D:\deep-person-reid\reid-data\dukemtmc-reid\DukeMTMC-reID/query\0078_c3_f0039942.jpg,78,,False,True,,
D:\deep-person-reid\reid-data\dukemtmc-reid\DukeMTMC-reID/bounding_box_test\0304_c4_f0070397.jpg,304,0.8658701181411743,,,,,,B,106,D:\deep-person-reid\reid-data\dukemtmc-reid\DukeMTMC-reID/query\0078_c4_f0034045.jpg,78,,False,False,,
D:\deep-person-reid\reid-data\dukemtmc-reid\DukeMTMC-reID/bounding_box_test\0316_c1_f0102626.jpg,316,0.8242911696434021,,,,,,C,107,D:\deep-person-reid\reid-data\dukemtmc-reid\DukeMTMC-reID/query\0079_c1_f0066859.jpg,79,,False,True,,
D:\deep-person-reid\reid-data\dukemtmc-reid\DukeMTMC-reID/bounding_box_test\2557_c7_f0084539.jpg,2557,0.8487035036087036,,,,,,B,110,D:\deep-person-reid\reid-data\dukemtmc-reid\DukeMTMC-reID/query\0080_c2_f0070131.jpg,80,,False,False,,
D:\deep-person-reid\reid-data\dukemtmc-reid\DukeMTMC-reID/bounding_box_test\0601_c4_f0136723.jpg,601,0.8209151029586792,,,,,,B,112,D:\deep-person-reid\reid-data\dukemtmc-reid\DukeMTMC-reID/query\0080_c4_f0044060.jpg,80,,False,False,,
D:\deep-person-reid\reid-data\dukemtmc-reid\DukeMTMC-reID/bounding_box_test\0072_c1_f0064614.jpg,72,0.7999891042709351,,,,,,C,113,D:\deep-person-reid\reid-data\dukemtmc-reid\DukeMTMC-reID/query\0083_c1_f0067852.jpg,83,,False,True,,
D:\deep-person-reid\reid-data\dukemtmc-reid\DukeMTMC-reID/bounding_box_test\4480_c6_f0104323.jpg,4480,0.7769006490707397,,,,,,C,116,D:\deep-person-reid\reid-data\dukemtmc-reid\DukeMTMC-reID/query\0083_c6_f0056713.jpg,83,,False,True,,
D:\deep-person-reid\reid-data\dukemtmc-reid\DukeMTMC-reID/bounding_box_test\1834_c3_f0137813.jpg,1834,0.8244847059249878,D:\deep-person-reid\reid-data\dukemtmc-reid\DukeMTMC-reID/bounding_box_test\0086_c2_f0067500.jpg,3,3,0.8181899785995483,1.0,F,119,D:\deep-person-reid\reid-data\dukemtmc-reid\DukeMTMC-reID/query\0086_c3_f0042905.jpg,86,False,True,True,-0.006294727325439453,1.0
D:\deep-person-reid\reid-data\dukemtmc-reid\DukeMTMC-reID/bounding_box_test\0150_c1_f0081378.jpg,150,0.8369486331939697,D:\deep-person-reid\reid-data\dukemtmc-reid\DukeMTMC-reID/bounding_box_test\0088_c2_f0072868.jpg,6,3,0.8286088705062866,-0.5,E,121,D:\deep-person-reid\reid-data\dukemtmc-reid\DukeMTMC-reID/query\0088_c1_f0068997.jpg,88,True,True,True,-0.008339762687683105,-1.0
D:\deep-person-reid\reid-data\dukemtmc-reid\DukeMTMC-reID/bounding_box_test\1463_c2_f0109427.jpg,1463,0.9027073383331299,,,,,,B,122,D:\deep-person-reid\reid-data\dukemtmc-reid\DukeMTMC-reID/query\0088_c2_f0072748.jpg,88,,False,False,,
D:\deep-person-reid\reid-data\dukemtmc-reid\DukeMTMC-reID/bounding_box_test\0150_c4_f0051441.jpg,150,0.8770509362220764,,,,,,B,124,D:\deep-person-reid\reid-data\dukemtmc-reid\DukeMTMC-reID/query\0088_c4_f0048648.jpg,88,,False,False,,
D:\deep-person-reid\reid-data\dukemtmc-reid\DukeMTMC-reID/bounding_box_test\0807_c1_f0101861.jpg,807,0.8850606083869934,,,,,,B,125,D:\deep-person-reid\reid-data\dukemtmc-reid\DukeMTMC-reID/query\0089_c1_f0069226.jpg,89,,False,False,,
D:\deep-person-reid\reid-data\dukemtmc-reid\DukeMTMC-reID/bounding_box_test\4750_c8_f0150968.jpg,4750,0.7944921255111694,,,,,,C,126,D:\deep-person-reid\reid-data\dukemtmc-reid\DukeMTMC-reID/query\0089_c8_f0025415.jpg,89,,False,True,,
D:\deep-person-reid\reid-data\dukemtmc-reid\DukeMTMC-reID/bounding_box_test\0175_c1_f0086210.jpg,175,0.8246902227401733,,,,,,B,127,D:\deep-person-reid\reid-data\dukemtmc-reid\DukeMTMC-reID/query\0090_c1_f0069115.jpg,90,,False,False,,
D:\deep-person-reid\reid-data\dukemtmc-reid\DukeMTMC-reID/bounding_box_test\0846_c1_f0219181.jpg,846,0.7296559810638428,,,,,,C,128,D:\deep-person-reid\reid-data\dukemtmc-reid\DukeMTMC-reID/query\0090_c2_f0073203.jpg,90,,False,True,,
D:\deep-person-reid\reid-data\dukemtmc-reid\DukeMTMC-reID/bounding_box_test\0272_c1_f0097938.jpg,272,0.7757512331008911,D:\deep-person-reid\reid-data\dukemtmc-reid\DukeMTMC-reID/bounding_box_test\0091_c2_f0072907.jpg,1,2,0.7672802805900574,-1.0,E,129,D:\deep-person-reid\reid-data\dukemtmc-reid\DukeMTMC-reID/query\0091_c1_f0069493.jpg,91,True,True,True,-0.00847095251083374,-0.5
D:\deep-person-reid\reid-data\dukemtmc-reid\DukeMTMC-reID/bounding_box_test\6263_c8_f0061166.jpg,6263,0.8978004455566406,,,,,,B,130,D:\deep-person-reid\reid-data\dukemtmc-reid\DukeMTMC-reID/query\0091_c2_f0073387.jpg,91,,False,False,,
D:\deep-person-reid\reid-data\dukemtmc-reid\DukeMTMC-reID/bounding_box_test\0773_c1_f0193890.jpg,773,0.822478175163269,,,,,,B,131,D:\deep-person-reid\reid-data\dukemtmc-reid\DukeMTMC-reID/query\0092_c1_f0069453.jpg,92,,False,False,,
D:\deep-person-reid\reid-data\dukemtmc-reid\DukeMTMC-reID/bounding_box_test\0523_c1_f0133199.jpg,523,0.8239988684654236,,,,,,B,133,D:\deep-person-reid\reid-data\dukemtmc-reid\DukeMTMC-reID/query\0095_c1_f0069660.jpg,95,,False,False,,
D:\deep-person-reid\reid-data\dukemtmc-reid\DukeMTMC-reID/bounding_box_test\0830_c1_f0212741.jpg,830,0.8341327905654907,,,,,,C,137,D:\deep-person-reid\reid-data\dukemtmc-reid\DukeMTMC-reID/query\0097_c1_f0069940.jpg,97,,False,True,,
D:\deep-person-reid\reid-data\dukemtmc-reid\DukeMTMC-reID/bounding_box_test\0097_c1_f0069700.jpg,97,0.8746687173843384,,,,,,B,139,D:\deep-person-reid\reid-data\dukemtmc-reid\DukeMTMC-reID/query\0098_c1_f0069984.jpg,98,,False,False,,
D:\deep-person-reid\reid-data\dukemtmc-reid\DukeMTMC-reID/bounding_box_test\2012_c2_f0208266.jpg,2012,0.8615632653236389,D:\deep-person-reid\reid-data\dukemtmc-reid\DukeMTMC-reID/bounding_box_test\0098_c6_f0058132.jpg,2,2,0.858591616153717,1.0,F,140,D:\deep-person-reid\reid-data\dukemtmc-reid\DukeMTMC-reID/query\0098_c2_f0074170.jpg,98,False,True,True,-0.002971649169921875,1.0
D:\deep-person-reid\reid-data\dukemtmc-reid\DukeMTMC-reID/bounding_box_test\0103_c6_f0049035.jpg,103,0.8397181630134583,,,,,,C,142,D:\deep-person-reid\reid-data\dukemtmc-reid\DukeMTMC-reID/query\0098_c6_f0057892.jpg,98,,False,True,,
D:\deep-person-reid\reid-data\dukemtmc-reid\DukeMTMC-reID/bounding_box_test\0239_c1_f0095053.jpg,239,0.9005866050720215,,,,,,B,143,D:\deep-person-reid\reid-data\dukemtmc-reid\DukeMTMC-reID/query\0099_c1_f0070437.jpg,99,,False,False,,
D:\deep-person-reid\reid-data\dukemtmc-reid\DukeMTMC-reID/bounding_box_test\0631_c2_f0164670.jpg,631,0.8607006072998047,,,,,,B,144,D:\deep-person-reid\reid-data\dukemtmc-reid\DukeMTMC-reID/query\0099_c2_f0069951.jpg,99,,False,False,,
D:\deep-person-reid\reid-data\dukemtmc-reid\DukeMTMC-reID/bounding_box_test\4605_c7_f0144420.jpg,4605,0.8983603119850159,,,,,,B,145,D:\deep-person-reid\reid-data\dukemtmc-reid\DukeMTMC-reID/query\0099_c3_f0045400.jpg,99,,False,False,,
D:\deep-person-reid\reid-data\dukemtmc-reid\DukeMTMC-reID/bounding_box_test\0247_c4_f0074929.jpg,247,0.7550185918807983,,,,,,B,146,D:\deep-person-reid\reid-data\dukemtmc-reid\DukeMTMC-reID/query\0099_c4_f0039646.jpg,99,,False,False,,
D:\deep-person-reid\reid-data\dukemtmc-reid\DukeMTMC-reID/bounding_box_test\0027_c1_f0054669.jpg,27,0.9599762558937073,,,,,,B,147,D:\deep-person-reid\reid-data\dukemtmc-reid\DukeMTMC-reID/query\0101_c1_f0070929.jpg,101,,False,False,,
D:\deep-person-reid\reid-data\dukemtmc-reid\DukeMTMC-reID/bounding_box_test\0583_c5_f0163661.jpg,583,0.794481635093689,,,,,,B,148,D:\deep-person-reid\reid-data\dukemtmc-reid\DukeMTMC-reID/query\0101_c2_f0070591.jpg,101,,False,False,,
D:\deep-person-reid\reid-data\dukemtmc-reid\DukeMTMC-reID/bounding_box_test\0695_c1_f0172789.jpg,695,0.8611936569213867,,,,,,B,149,D:\deep-person-reid\reid-data\dukemtmc-reid\DukeMTMC-reID/query\0103_c1_f0070571.jpg,103,,False,False,,
D:\deep-person-reid\reid-data\dukemtmc-reid\DukeMTMC-reID/bounding_box_test\0098_c6_f0057772.jpg,98,0.7946028709411621,D:\deep-person-reid\reid-data\dukemtmc-reid\DukeMTMC-reID/bounding_box_test\0103_c5_f0072965.jpg,1,2,0.7899956703186035,-1.0,E,152,D:\deep-person-reid\reid-data\dukemtmc-reid\DukeMTMC-reID/query\0103_c6_f0049155.jpg,103,True,True,True,-0.004607200622558594,1.0
D:\deep-person-reid\reid-data\dukemtmc-reid\DukeMTMC-reID/bounding_box_test\0230_c1_f0094280.jpg,230,0.8866969347000122,,,,,,B,153,D:\deep-person-reid\reid-data\dukemtmc-reid\DukeMTMC-reID/query\0106_c1_f0071620.jpg,106,,False,False,,
D:\deep-person-reid\reid-data\dukemtmc-reid\DukeMTMC-reID/bounding_box_test\0107_c2_f0071464.jpg,107,0.8777127265930176,,,,,,B,154,D:\deep-person-reid\reid-data\dukemtmc-reid\DukeMTMC-reID/query\0106_c2_f0071469.jpg,106,,False,False,,
D:\deep-person-reid\reid-data\dukemtmc-reid\DukeMTMC-reID/bounding_box_test\0219_c8_f0048708.jpg,219,0.8243514895439148,,,,,,B,155,D:\deep-person-reid\reid-data\dukemtmc-reid\DukeMTMC-reID/query\0106_c3_f0046940.jpg,106,,False,False,,
D:\deep-person-reid\reid-data\dukemtmc-reid\DukeMTMC-reID/bounding_box_test\1440_c4_f0064707.jpg,1440,0.8323807716369629,,,,,,B,156,D:\deep-person-reid\reid-data\dukemtmc-reid\DukeMTMC-reID/query\0106_c4_f0041356.jpg,106,,False,False,,
D:\deep-person-reid\reid-data\dukemtmc-reid\DukeMTMC-reID/bounding_box_test\0631_c1_f0160969.jpg,631,0.8686524629592896,,,,,,B,157,D:\deep-person-reid\reid-data\dukemtmc-reid\DukeMTMC-reID/query\0107_c1_f0071282.jpg,107,,False,False,,
D:\deep-person-reid\reid-data\dukemtmc-reid\DukeMTMC-reID/bounding_box_test\0106_c2_f0071709.jpg,106,0.8205625414848328,,,,,,B,158,D:\deep-person-reid\reid-data\dukemtmc-reid\DukeMTMC-reID/query\0107_c2_f0071824.jpg,107,,False,False,,
D:\deep-person-reid\reid-data\dukemtmc-reid\DukeMTMC-reID/bounding_box_test\0051_c3_f0035718.jpg,51,0.8455967307090759,,,,,,B,159,D:\deep-person-reid\reid-data\dukemtmc-reid\DukeMTMC-reID/query\0107_c3_f0046827.jpg,107,,False,False,,
D:\deep-person-reid\reid-data\dukemtmc-reid\DukeMTMC-reID/bounding_box_test\3201_c4_f0145827.jpg,3201,0.8584861755371094,,,,,,B,160,D:\deep-person-reid\reid-data\dukemtmc-reid\DukeMTMC-reID/query\0107_c4_f0041266.jpg,107,,False,False,,
D:\deep-person-reid\reid-data\dukemtmc-reid\DukeMTMC-reID/bounding_box_test\0641_c2_f0163327.jpg,641,0.8770959377288818,,,,,,C,162,D:\deep-person-reid\reid-data\dukemtmc-reid\DukeMTMC-reID/query\0109_c2_f0075456.jpg,109,,False,True,,
D:\deep-person-reid\reid-data\dukemtmc-reid\DukeMTMC-reID/bounding_box_test\0042_c6_f0047564.jpg,42,0.905335545539856,,,,,,B,164,D:\deep-person-reid\reid-data\dukemtmc-reid\DukeMTMC-reID/query\0109_c6_f0059222.jpg,109,,False,False,,
D:\deep-person-reid\reid-data\dukemtmc-reid\DukeMTMC-reID/bounding_box_test\0525_c2_f0096373.jpg,525,0.8073692321777344,,,,,,B,165,D:\deep-person-reid\reid-data\dukemtmc-reid\DukeMTMC-reID/query\0111_c1_f0071894.jpg,111,,False,False,,
D:\deep-person-reid\reid-data\dukemtmc-reid\DukeMTMC-reID/bounding_box_test\1555_c3_f0085718.jpg,1555,0.8462902307510376,,,,,,B,168,D:\deep-person-reid\reid-data\dukemtmc-reid\DukeMTMC-reID/query\0111_c8_f0028190.jpg,111,,False,False,,
D:\deep-person-reid\reid-data\dukemtmc-reid\DukeMTMC-reID/bounding_box_test\0103_c6_f0049035.jpg,103,0.8239120244979858,,,,,,C,172,D:\deep-person-reid\reid-data\dukemtmc-reid\DukeMTMC-reID/query\0112_c6_f0050859.jpg,112,,False,True,,
D:\deep-person-reid\reid-data\dukemtmc-reid\DukeMTMC-reID/bounding_box_test\0486_c1_f0127946.jpg,486,0.8034557104110718,D:\deep-person-reid\reid-data\dukemtmc-reid\DukeMTMC-reID/bounding_box_test\0114_c2_f0077064.jpg,1,2,0.8014727830886841,0.0,E,173,D:\deep-person-reid\reid-data\dukemtmc-reid\DukeMTMC-reID/query\0114_c1_f0073078.jpg,114,True,True,True,-0.0019829273223876953,1.0
D:\deep-person-reid\reid-data\dukemtmc-reid\DukeMTMC-reID/bounding_box_test\0201_c5_f0091591.jpg,201,0.804405689239502,D:\deep-person-reid\reid-data\dukemtmc-reid\DukeMTMC-reID/bounding_box_test\0114_c5_f0082398.jpg,3,3,0.7946149110794067,-1.0,F,174,D:\deep-person-reid\reid-data\dukemtmc-reid\DukeMTMC-reID/query\0114_c2_f0077664.jpg,114,False,True,True,-0.009790778160095215,0.0
D:\deep-person-reid\reid-data\dukemtmc-reid\DukeMTMC-reID/bounding_box_test\0434_c4_f0089089.jpg,434,0.8384038209915161,,,,,,C,176,D:\deep-person-reid\reid-data\dukemtmc-reid\DukeMTMC-reID/query\0114_c6_f0061083.jpg,114,,False,True,,
D:\deep-person-reid\reid-data\dukemtmc-reid\DukeMTMC-reID/bounding_box_test\0453_c2_f0127580.jpg,453,0.766327977180481,,,,,,B,178,D:\deep-person-reid\reid-data\dukemtmc-reid\DukeMTMC-reID/query\0115_c2_f0077031.jpg,115,,False,False,,
D:\deep-person-reid\reid-data\dukemtmc-reid\DukeMTMC-reID/bounding_box_test\0118_c1_f0073576.jpg,118,0.9024603366851807,,,,,,C,179,D:\deep-person-reid\reid-data\dukemtmc-reid\DukeMTMC-reID/query\0117_c1_f0073562.jpg,117,,False,True,,
D:\deep-person-reid\reid-data\dukemtmc-reid\DukeMTMC-reID/bounding_box_test\0118_c2_f0077741.jpg,118,0.9334597587585449,,,,,,C,180,D:\deep-person-reid\reid-data\dukemtmc-reid\DukeMTMC-reID/query\0117_c2_f0077735.jpg,117,,False,True,,
D:\deep-person-reid\reid-data\dukemtmc-reid\DukeMTMC-reID/bounding_box_test\0118_c5_f0083622.jpg,118,0.928084671497345,,,,,,C,181,D:\deep-person-reid\reid-data\dukemtmc-reid\DukeMTMC-reID/query\0117_c5_f0083624.jpg,117,,False,True,,
D:\deep-person-reid\reid-data\dukemtmc-reid\DukeMTMC-reID/bounding_box_test\0118_c6_f0063157.jpg,118,0.8511391282081604,,,,,,C,182,D:\deep-person-reid\reid-data\dukemtmc-reid\DukeMTMC-reID/query\0117_c6_f0063167.jpg,117,,False,True,,
D:\deep-person-reid\reid-data\dukemtmc-reid\DukeMTMC-reID/bounding_box_test\0117_c1_f0073682.jpg,117,0.9411004781723022,,,,,,C,183,D:\deep-person-reid\reid-data\dukemtmc-reid\DukeMTMC-reID/query\0118_c1_f0073696.jpg,118,,False,True,,
D:\deep-person-reid\reid-data\dukemtmc-reid\DukeMTMC-reID/bounding_box_test\0117_c2_f0078095.jpg,117,0.8900802731513977,D:\deep-person-reid\reid-data\dukemtmc-reid\DukeMTMC-reID/bounding_box_test\0118_c5_f0083262.jpg,3,2,0.8889291286468506,-1.0,E,184,D:\deep-person-reid\reid-data\dukemtmc-reid\DukeMTMC-reID/query\0118_c2_f0078101.jpg,118,True,True,True,-0.0011511445045471191,0.0
D:\deep-person-reid\reid-data\dukemtmc-reid\DukeMTMC-reID/bounding_box_test\0117_c5_f0083384.jpg,117,0.945678174495697,,,,,,C,185,D:\deep-person-reid\reid-data\dukemtmc-reid\DukeMTMC-reID/query\0118_c5_f0083382.jpg,118,,False,True,,
D:\deep-person-reid\reid-data\dukemtmc-reid\DukeMTMC-reID/bounding_box_test\0117_c6_f0062927.jpg,117,0.859300434589386,,,,,,C,186,D:\deep-person-reid\reid-data\dukemtmc-reid\DukeMTMC-reID/query\0118_c6_f0062917.jpg,118,,False,True,,
D:\deep-person-reid\reid-data\dukemtmc-reid\DukeMTMC-reID/bounding_box_test\0010_c1_f0044398.jpg,10,0.9301567077636719,,,,,,B,187,D:\deep-person-reid\reid-data\dukemtmc-reid\DukeMTMC-reID/query\0119_c1_f0074020.jpg,119,,False,False,,
D:\deep-person-reid\reid-data\dukemtmc-reid\DukeMTMC-reID/bounding_box_test\4065_c6_f0037462.jpg,4065,0.8530634641647339,,,,,,C,190,D:\deep-person-reid\reid-data\dukemtmc-reid\DukeMTMC-reID/query\0119_c6_f0051559.jpg,119,,False,True,,
D:\deep-person-reid\reid-data\dukemtmc-reid\DukeMTMC-reID/bounding_box_test\0471_c1_f0125588.jpg,471,0.8008426427841187,,,,,,B,192,D:\deep-person-reid\reid-data\dukemtmc-reid\DukeMTMC-reID/query\0122_c1_f0074953.jpg,122,,False,False,,
D:\deep-person-reid\reid-data\dukemtmc-reid\DukeMTMC-reID/bounding_box_test\6499_c8_f0095649.jpg,6499,0.8067322969436646,D:\deep-person-reid\reid-data\dukemtmc-reid\DukeMTMC-reID/bounding_box_test\0122_c1_f0074713.jpg,2,2,0.805804431438446,0.5,F,193,D:\deep-person-reid\reid-data\dukemtmc-reid\DukeMTMC-reID/query\0122_c8_f0030900.jpg,122,False,True,True,-0.0009278655052185059,0.0
D:\deep-person-reid\reid-data\dukemtmc-reid\DukeMTMC-reID/bounding_box_test\4207_c7_f0065029.jpg,4207,0.7965641021728516,,,,,,B,196,D:\deep-person-reid\reid-data\dukemtmc-reid\DukeMTMC-reID/query\0123_c3_f0050437.jpg,123,,False,False,,
D:\deep-person-reid\reid-data\dukemtmc-reid\DukeMTMC-reID/bounding_box_test\0823_c4_f0178818.jpg,823,0.8221315145492554,,,,,,B,197,D:\deep-person-reid\reid-data\dukemtmc-reid\DukeMTMC-reID/query\0123_c4_f0044820.jpg,123,,False,False,,
D:\deep-person-reid\reid-data\dukemtmc-reid\DukeMTMC-reID/bounding_box_test\0851_c1_f0221396.jpg,851,0.8224151134490967,,,,,,B,198,D:\deep-person-reid\reid-data\dukemtmc-reid\DukeMTMC-reID/query\0125_c1_f0075694.jpg,125,,False,False,,
D:\deep-person-reid\reid-data\dukemtmc-reid\DukeMTMC-reID/bounding_box_test\0352_c8_f0063115.jpg,352,0.8171939849853516,,,,,,B,199,D:\deep-person-reid\reid-data\dukemtmc-reid\DukeMTMC-reID/query\0125_c2_f0082051.jpg,125,,False,False,,
D:\deep-person-reid\reid-data\dukemtmc-reid\DukeMTMC-reID/bounding_box_test\1233_c6_f0030918.jpg,1233,0.8371933698654175,,,,,,B,202,D:\deep-person-reid\reid-data\dukemtmc-reid\DukeMTMC-reID/query\0126_c3_f0059549.jpg,126,,False,False,,
D:\deep-person-reid\reid-data\dukemtmc-reid\DukeMTMC-reID/bounding_box_test\0125_c2_f0080251.jpg,125,0.8695172667503357,D:\deep-person-reid\reid-data\dukemtmc-reid\DukeMTMC-reID/bounding_box_test\0126_c2_f0081812.jpg,2,2,0.8605417013168335,1.0,F,203,D:\deep-person-reid\reid-data\dukemtmc-reid\DukeMTMC-reID/query\0126_c5_f0088074.jpg,126,False,True,True,-0.008975565433502197,1.0
D:\deep-person-reid\reid-data\dukemtmc-reid\DukeMTMC-reID/bounding_box_test\0360_c1_f0108625.jpg,360,0.8151032328605652,,,,,,B,205,D:\deep-person-reid\reid-data\dukemtmc-reid\DukeMTMC-reID/query\0127_c1_f0075956.jpg,127,,False,False,,
D:\deep-person-reid\reid-data\dukemtmc-reid\DukeMTMC-reID/bounding_box_test\0420_c1_f0118194.jpg,420,0.7761287689208984,,,,,,B,206,D:\deep-person-reid\reid-data\dukemtmc-reid\DukeMTMC-reID/query\0127_c2_f0075875.jpg,127,,False,False,,
D:\deep-person-reid\reid-data\dukemtmc-reid\DukeMTMC-reID/bounding_box_test\0576_c1_f0152924.jpg,576,0.8798877596855164,,,,,,B,207,D:\deep-person-reid\reid-data\dukemtmc-reid\DukeMTMC-reID/query\0128_c1_f0076112.jpg,128,,False,False,,
D:\deep-person-reid\reid-data\dukemtmc-reid\DukeMTMC-reID/bounding_box_test\6429_c8_f0081168.jpg,6429,0.7863965630531311,,,,,,B,208,D:\deep-person-reid\reid-data\dukemtmc-reid\DukeMTMC-reID/query\0128_c2_f0080602.jpg,128,,False,False,,
D:\deep-person-reid\reid-data\dukemtmc-reid\DukeMTMC-reID/bounding_box_test\0050_c3_f0042117.jpg,50,0.8453738689422607,,,,,,B,209,D:\deep-person-reid\reid-data\dukemtmc-reid\DukeMTMC-reID/query\0128_c3_f0057862.jpg,128,,False,False,,
D:\deep-person-reid\reid-data\dukemtmc-reid\DukeMTMC-reID/bounding_box_test\0088_c4_f0048888.jpg,88,0.8563492298126221,,,,,,B,210,D:\deep-person-reid\reid-data\dukemtmc-reid\DukeMTMC-reID/query\0128_c4_f0055645.jpg,128,,False,False,,
D:\deep-person-reid\reid-data\dukemtmc-reid\DukeMTMC-reID/bounding_box_test\0711_c1_f0177585.jpg,711,0.79981529712677,,,,,,B,211,D:\deep-person-reid\reid-data\dukemtmc-reid\DukeMTMC-reID/query\0134_c1_f0077129.jpg,134,,False,False,,
D:\deep-person-reid\reid-data\dukemtmc-reid\DukeMTMC-reID/bounding_box_test\0644_c2_f0168026.jpg,644,0.8484516143798828,,,,,,B,212,D:\deep-person-reid\reid-data\dukemtmc-reid\DukeMTMC-reID/query\0134_c2_f0080749.jpg,134,,False,False,,
D:\deep-person-reid\reid-data\dukemtmc-reid\DukeMTMC-reID/bounding_box_test\4106_c8_f0024149.jpg,4106,0.818245530128479,,,,,,C,213,D:\deep-person-reid\reid-data\dukemtmc-reid\DukeMTMC-reID/query\0134_c5_f0085984.jpg,134,,False,True,,
D:\deep-person-reid\reid-data\dukemtmc-reid\DukeMTMC-reID/bounding_box_test\6670_c8_f0137595.jpg,6670,0.8262511491775513,,,,,,B,214,D:\deep-person-reid\reid-data\dukemtmc-reid\DukeMTMC-reID/query\0134_c6_f0065112.jpg,134,,False,False,,
D:\deep-person-reid\reid-data\dukemtmc-reid\DukeMTMC-reID/bounding_box_test\0262_c6_f0074922.jpg,262,0.8203668594360352,,,,,,B,215,D:\deep-person-reid\reid-data\dukemtmc-reid\DukeMTMC-reID/query\0134_c7_f0067627.jpg,134,,False,False,,
D:\deep-person-reid\reid-data\dukemtmc-reid\DukeMTMC-reID/bounding_box_test\0023_c3_f0034130.jpg,23,0.858444094657898,D:\deep-person-reid\reid-data\dukemtmc-reid\DukeMTMC-reID/bounding_box_test\0135_c2_f0077657.jpg,2,2,0.8473322987556458,0.0,F,218,D:\deep-person-reid\reid-data\dukemtmc-reid\DukeMTMC-reID/query\0135_c3_f0052337.jpg,135,False,True,True,-0.011111795902252197,0.0
D:\deep-person-reid\reid-data\dukemtmc-reid\DukeMTMC-reID/bounding_box_test\2942_c4_f0030106.jpg,2942,0.9086118936538696,,,,,,B,219,D:\deep-person-reid\reid-data\dukemtmc-reid\DukeMTMC-reID/query\0135_c4_f0046746.jpg,135,,False,False,,
D:\deep-person-reid\reid-data\dukemtmc-reid\DukeMTMC-reID/bounding_box_test\0194_c6_f0076809.jpg,194,0.8558180332183838,,,,,,B,222,D:\deep-person-reid\reid-data\dukemtmc-reid\DukeMTMC-reID/query\0136_c6_f0057115.jpg,136,,False,False,,
D:\deep-person-reid\reid-data\dukemtmc-reid\DukeMTMC-reID/bounding_box_test\0482_c1_f0126803.jpg,482,0.7686774730682373,,,,,,C,223,D:\deep-person-reid\reid-data\dukemtmc-reid\DukeMTMC-reID/query\0137_c1_f0077186.jpg,137,,False,True,,
D:\deep-person-reid\reid-data\dukemtmc-reid\DukeMTMC-reID/bounding_box_test\6548_c8_f0104559.jpg,6548,0.8054971694946289,D:\deep-person-reid\reid-data\dukemtmc-reid\DukeMTMC-reID/bounding_box_test\0137_c1_f0077786.jpg,5,6,0.7877792716026306,0.0,F,225,D:\deep-person-reid\reid-data\dukemtmc-reid\DukeMTMC-reID/query\0137_c5_f0087182.jpg,137,False,True,True,-0.01771789789199829,0.0
D:\deep-person-reid\reid-data\dukemtmc-reid\DukeMTMC-reID/bounding_box_test\0766_c6_f0176708.jpg,766,0.7977966070175171,,,,,,B,226,D:\deep-person-reid\reid-data\dukemtmc-reid\DukeMTMC-reID/query\0137_c6_f0066560.jpg,137,,False,False,,
D:\deep-person-reid\reid-data\dukemtmc-reid\DukeMTMC-reID/bounding_box_test\4480_c7_f0107347.jpg,4480,0.9264441132545471,,,,,,B,227,D:\deep-person-reid\reid-data\dukemtmc-reid\DukeMTMC-reID/query\0137_c7_f0069000.jpg,137,,False,False,,
D:\deep-person-reid\reid-data\dukemtmc-reid\DukeMTMC-reID/bounding_box_test\4249_c6_f0068848.jpg,4249,0.7890102863311768,D:\deep-person-reid\reid-data\dukemtmc-reid\DukeMTMC-reID/bounding_box_test\0140_c6_f0170481.jpg,2,2,0.7830823659896851,1.0,F,229,D:\deep-person-reid\reid-data\dukemtmc-reid\DukeMTMC-reID/query\0140_c7_f0172289.jpg,140,False,True,True,-0.005927920341491699,1.0
D:\deep-person-reid\reid-data\dukemtmc-reid\DukeMTMC-reID/bounding_box_test\4717_c8_f0142464.jpg,4717,0.80545973777771,,,,,,B,230,D:\deep-person-reid\reid-data\dukemtmc-reid\DukeMTMC-reID/query\0140_c8_f0141968.jpg,140,,False,False,,
D:\deep-person-reid\reid-data\dukemtmc-reid\DukeMTMC-reID/bounding_box_test\0027_c1_f0054669.jpg,27,0.9496086835861206,,,,,,B,231,D:\deep-person-reid\reid-data\dukemtmc-reid\DukeMTMC-reID/query\0142_c1_f0079321.jpg,142,,False,False,,
D:\deep-person-reid\reid-data\dukemtmc-reid\DukeMTMC-reID/bounding_box_test\0204_c2_f0087510.jpg,204,0.7944591641426086,,,,,,B,232,D:\deep-person-reid\reid-data\dukemtmc-reid\DukeMTMC-reID/query\0142_c2_f0078414.jpg,142,,False,False,,
D:\deep-person-reid\reid-data\dukemtmc-reid\DukeMTMC-reID/bounding_box_test\1346_c2_f0079716.jpg,1346,0.8127410411834717,,,,,,C,234,D:\deep-person-reid\reid-data\dukemtmc-reid\DukeMTMC-reID/query\0143_c2_f0079493.jpg,143,,False,True,,
D:\deep-person-reid\reid-data\dukemtmc-reid\DukeMTMC-reID/bounding_box_test\0788_c3_f0176043.jpg,788,0.8345720767974854,,,,,,B,235,D:\deep-person-reid\reid-data\dukemtmc-reid\DukeMTMC-reID/query\0143_c3_f0055055.jpg,143,,False,False,,
D:\deep-person-reid\reid-data\dukemtmc-reid\DukeMTMC-reID/bounding_box_test\0367_c4_f0077699.jpg,367,0.8130208253860474,,,,,,B,236,D:\deep-person-reid\reid-data\dukemtmc-reid\DukeMTMC-reID/query\0143_c4_f0049743.jpg,143,,False,False,,
D:\deep-person-reid\reid-data\dukemtmc-reid\DukeMTMC-reID/bounding_box_test\0049_c1_f0060509.jpg,49,0.828524112701416,,,,,,B,237,D:\deep-person-reid\reid-data\dukemtmc-reid\DukeMTMC-reID/query\0145_c1_f0080150.jpg,145,,False,False,,
D:\deep-person-reid\reid-data\dukemtmc-reid\DukeMTMC-reID/bounding_box_test\0143_c2_f0079973.jpg,143,0.8156048059463501,,,,,,B,238,D:\deep-person-reid\reid-data\dukemtmc-reid\DukeMTMC-reID/query\0145_c2_f0079839.jpg,145,,False,False,,
D:\deep-person-reid\reid-data\dukemtmc-reid\DukeMTMC-reID/bounding_box_test\0264_c3_f0078097.jpg,264,0.7369815111160278,,,,,,C,241,D:\deep-person-reid\reid-data\dukemtmc-reid\DukeMTMC-reID/query\0147_c3_f0055390.jpg,147,,False,True,,
D:\deep-person-reid\reid-data\dukemtmc-reid\DukeMTMC-reID/bounding_box_test\0314_c4_f0072329.jpg,314,0.7726390361785889,,,,,,B,242,D:\deep-person-reid\reid-data\dukemtmc-reid\DukeMTMC-reID/query\0147_c4_f0049659.jpg,147,,False,False,,
D:\deep-person-reid\reid-data\dukemtmc-reid\DukeMTMC-reID/bounding_box_test\0201_c1_f0089488.jpg,201,0.8014160394668579,,,,,,C,243,D:\deep-person-reid\reid-data\dukemtmc-reid\DukeMTMC-reID/query\0149_c1_f0080969.jpg,149,,False,True,,
D:\deep-person-reid\reid-data\dukemtmc-reid\DukeMTMC-reID/bounding_box_test\1784_c2_f0156082.jpg,1784,0.7710726261138916,,,,,,B,244,D:\deep-person-reid\reid-data\dukemtmc-reid\DukeMTMC-reID/query\0149_c2_f0080441.jpg,149,,False,False,,
D:\deep-person-reid\reid-data\dukemtmc-reid\DukeMTMC-reID/bounding_box_test\0088_c1_f0068757.jpg,88,0.837310791015625,D:\deep-person-reid\reid-data\dukemtmc-reid\DukeMTMC-reID/bounding_box_test\0150_c2_f0081728.jpg,1,2,0.8289420008659363,-1.0,E,245,D:\deep-person-reid\reid-data\dukemtmc-reid\DukeMTMC-reID/query\0150_c1_f0081618.jpg,150,True,True,True,-0.00836879014968872,1.0
D:\deep-person-reid\reid-data\dukemtmc-reid\DukeMTMC-reID/bounding_box_test\0151_c2_f0081482.jpg,151,0.9147586226463318,,,,,,C,246,D:\deep-person-reid\reid-data\dukemtmc-reid\DukeMTMC-reID/query\0150_c2_f0081488.jpg,150,,False,True,,
D:\deep-person-reid\reid-data\dukemtmc-reid\DukeMTMC-reID/bounding_box_test\4099_c7_f0045970.jpg,4099,0.8377065658569336,D:\deep-person-reid\reid-data\dukemtmc-reid\DukeMTMC-reID/bounding_box_test\0150_c2_f0081728.jpg,2,3,0.8197592496871948,1.0,F,247,D:\deep-person-reid\reid-data\dukemtmc-reid\DukeMTMC-reID/query\0150_c3_f0057189.jpg,150,False,True,True,-0.01794731616973877,1.0
D:\deep-person-reid\reid-data\dukemtmc-reid\DukeMTMC-reID/bounding_box_test\0088_c4_f0048888.jpg,88,0.8339468836784363,,,,,,B,248,D:\deep-person-reid\reid-data\dukemtmc-reid\DukeMTMC-reID/query\0150_c4_f0051201.jpg,150,,False,False,,
D:\deep-person-reid\reid-data\dukemtmc-reid\DukeMTMC-reID/bounding_box_test\4071_c7_f0039892.jpg,4071,0.8016468286514282,,,,,,C,249,D:\deep-person-reid\reid-data\dukemtmc-reid\DukeMTMC-reID/query\0151_c1_f0081634.jpg,151,,False,True,,
D:\deep-person-reid\reid-data\dukemtmc-reid\DukeMTMC-reID/bounding_box_test\0150_c2_f0081968.jpg,150,0.859883725643158,D:\deep-person-reid\reid-data\dukemtmc-reid\DukeMTMC-reID/bounding_box_test\0151_c1_f0081394.jpg,1,2,0.8439041376113892,-0.5,E,250,D:\deep-person-reid\reid-data\dukemtmc-reid\DukeMTMC-reID/query\0151_c2_f0081962.jpg,151,True,True,True,-0.0159795880317688,1.0
D:\deep-person-reid\reid-data\dukemtmc-reid\DukeMTMC-reID/bounding_box_test\4632_c8_f0124832.jpg,4632,0.7939697504043579,,,,,,B,251,D:\deep-person-reid\reid-data\dukemtmc-reid\DukeMTMC-reID/query\0151_c3_f0057069.jpg,151,,False,False,,
D:\deep-person-reid\reid-data\dukemtmc-reid\DukeMTMC-reID/bounding_box_test\2942_c4_f0030106.jpg,2942,0.8794683218002319,,,,,,B,252,D:\deep-person-reid\reid-data\dukemtmc-reid\DukeMTMC-reID/query\0151_c4_f0051330.jpg,151,,False,False,,
D:\deep-person-reid\reid-data\dukemtmc-reid\DukeMTMC-reID/bounding_box_test\0206_c1_f0090086.jpg,206,0.9094014763832092,,,,,,B,253,D:\deep-person-reid\reid-data\dukemtmc-reid\DukeMTMC-reID/query\0158_c1_f0082789.jpg,158,,False,False,,
D:\deep-person-reid\reid-data\dukemtmc-reid\DukeMTMC-reID/bounding_box_test\0099_c2_f0070071.jpg,99,0.8204296231269836,,,,,,C,254,D:\deep-person-reid\reid-data\dukemtmc-reid\DukeMTMC-reID/query\0158_c2_f0087593.jpg,158,,False,True,,
D:\deep-person-reid\reid-data\dukemtmc-reid\DukeMTMC-reID/bounding_box_test\0023_c3_f0034010.jpg,23,0.8267876505851746,,,,,,B,255,D:\deep-person-reid\reid-data\dukemtmc-reid\DukeMTMC-reID/query\0158_c3_f0064720.jpg,158,,False,False,,
D:\deep-person-reid\reid-data\dukemtmc-reid\DukeMTMC-reID/bounding_box_test\1749_c3_f0120441.jpg,1749,0.7457470893859863,,,,,,C,260,D:\deep-person-reid\reid-data\dukemtmc-reid\DukeMTMC-reID/query\0159_c7_f0073341.jpg,159,,False,True,,
D:\deep-person-reid\reid-data\dukemtmc-reid\DukeMTMC-reID/bounding_box_test\1834_c5_f0165767.jpg,1834,0.8616513609886169,,,,,,B,261,D:\deep-person-reid\reid-data\dukemtmc-reid\DukeMTMC-reID/query\0162_c2_f0083708.jpg,162,,False,False,,
D:\deep-person-reid\reid-data\dukemtmc-reid\DukeMTMC-reID/bounding_box_test\0107_c3_f0046947.jpg,107,0.8211344480514526,,,,,,C,262,D:\deep-person-reid\reid-data\dukemtmc-reid\DukeMTMC-reID/query\0162_c3_f0059179.jpg,162,,False,True,,
D:\deep-person-reid\reid-data\dukemtmc-reid\DukeMTMC-reID/bounding_box_test\2053_c4_f0190989.jpg,2053,0.8343708515167236,,,,,,B,263,D:\deep-person-reid\reid-data\dukemtmc-reid\DukeMTMC-reID/query\0162_c4_f0053991.jpg,162,,False,False,,
D:\deep-person-reid\reid-data\dukemtmc-reid\DukeMTMC-reID/bounding_box_test\0077_c1_f0065814.jpg,77,0.8264738321304321,D:\deep-person-reid\reid-data\dukemtmc-reid\DukeMTMC-reID/bounding_box_test\0163_c6_f0060396.jpg,7,2,0.8258068561553955,-1.0,F,264,D:\deep-person-reid\reid-data\dukemtmc-reid\DukeMTMC-reID/query\0163_c1_f0083674.jpg,163,False,True,True,-0.0006669759750366211,-1.0
D:\deep-person-reid\reid-data\dukemtmc-reid\DukeMTMC-reID/bounding_box_test\0240_c1_f0095335.jpg,240,0.9424824714660645,,,,,,B,268,D:\deep-person-reid\reid-data\dukemtmc-reid\DukeMTMC-reID/query\0167_c1_f0084519.jpg,167,,False,False,,
D:\deep-person-reid\reid-data\dukemtmc-reid\DukeMTMC-reID/bounding_box_test\0142_c2_f0078534.jpg,142,0.8352979421615601,,,,,,B,269,D:\deep-person-reid\reid-data\dukemtmc-reid\DukeMTMC-reID/query\0167_c2_f0084455.jpg,167,,False,False,,
D:\deep-person-reid\reid-data\dukemtmc-reid\DukeMTMC-reID/bounding_box_test\0386_c1_f0111785.jpg,386,0.776457667350769,,,,,,B,270,D:\deep-person-reid\reid-data\dukemtmc-reid\DukeMTMC-reID/query\0169_c1_f0085186.jpg,169,,False,False,,
D:\deep-person-reid\reid-data\dukemtmc-reid\DukeMTMC-reID/bounding_box_test\4159_c7_f0059068.jpg,4159,0.8295086622238159,D:\deep-person-reid\reid-data\dukemtmc-reid\DukeMTMC-reID/bounding_box_test\0169_c1_f0084826.jpg,1,2,0.8264261484146118,-0.5,E,271,D:\deep-person-reid\reid-data\dukemtmc-reid\DukeMTMC-reID/query\0169_c8_f0040940.jpg,169,True,True,True,-0.0030825138092041016,0.5
D:\deep-person-reid\reid-data\dukemtmc-reid\DukeMTMC-reID/bounding_box_test\0571_c1_f0150961.jpg,571,0.7967875599861145,,,,,,C,272,D:\deep-person-reid\reid-data\dukemtmc-reid\DukeMTMC-reID/query\0170_c1_f0084957.jpg,170,,False,True,,
D:\deep-person-reid\reid-data\dukemtmc-reid\DukeMTMC-reID/bounding_box_test\0788_c3_f0176043.jpg,788,0.8393450975418091,,,,,,C,274,D:\deep-person-reid\reid-data\dukemtmc-reid\DukeMTMC-reID/query\0170_c3_f0066729.jpg,170,,False,True,,
D:\deep-person-reid\reid-data\dukemtmc-reid\DukeMTMC-reID/bounding_box_test\0158_c4_f0062835.jpg,158,0.8190603852272034,,,,,,B,275,D:\deep-person-reid\reid-data\dukemtmc-reid\DukeMTMC-reID/query\0170_c4_f0064924.jpg,170,,False,False,,
D:\deep-person-reid\reid-data\dukemtmc-reid\DukeMTMC-reID/bounding_box_test\0049_c1_f0060509.jpg,49,0.8658912181854248,,,,,,B,276,D:\deep-person-reid\reid-data\dukemtmc-reid\DukeMTMC-reID/query\0171_c1_f0085696.jpg,171,,False,False,,
D:\deep-person-reid\reid-data\dukemtmc-reid\DukeMTMC-reID/bounding_box_test\0369_c1_f0109500.jpg,369,0.767065167427063,,,,,,B,278,D:\deep-person-reid\reid-data\dukemtmc-reid\DukeMTMC-reID/query\0171_c3_f0068160.jpg,171,,False,False,,
D:\deep-person-reid\reid-data\dukemtmc-reid\DukeMTMC-reID/bounding_box_test\0171_c1_f0085936.jpg,171,0.8282123804092407,,,,,,C,279,D:\deep-person-reid\reid-data\dukemtmc-reid\DukeMTMC-reID/query\0174_c1_f0085552.jpg,174,,False,True,,
D:\deep-person-reid\reid-data\dukemtmc-reid\DukeMTMC-reID/bounding_box_test\4494_c6_f0107628.jpg,4494,0.7671803832054138,,,,,,C,280,D:\deep-person-reid\reid-data\dukemtmc-reid\DukeMTMC-reID/query\0174_c2_f0090920.jpg,174,,False,True,,
D:\deep-person-reid\reid-data\dukemtmc-reid\DukeMTMC-reID/bounding_box_test\0090_c1_f0068635.jpg,90,0.8249082565307617,,,,,,B,281,D:\deep-person-reid\reid-data\dukemtmc-reid\DukeMTMC-reID/query\0175_c1_f0085610.jpg,175,,False,False,,
D:\deep-person-reid\reid-data\dukemtmc-reid\DukeMTMC-reID/bounding_box_test\1346_c2_f0079716.jpg,1346,0.7726609706878662,D:\deep-person-reid\reid-data\dukemtmc-reid\DukeMTMC-reID/bounding_box_test\0175_c1_f0085970.jpg,3,3,0.7597856521606445,0.0,F,282,D:\deep-person-reid\reid-data\dukemtmc-reid\DukeMTMC-reID/query\0175_c2_f0090254.jpg,175,False,True,True,-0.01287531852722168,0.0
D:\deep-person-reid\reid-data\dukemtmc-reid\DukeMTMC-reID/bounding_box_test\0128_c1_f0075872.jpg,128,0.8781740069389343,,,,,,B,287,D:\deep-person-reid\reid-data\dukemtmc-reid\DukeMTMC-reID/query\0181_c1_f0086457.jpg,181,,False,False,,
D:\deep-person-reid\reid-data\dukemtmc-reid\DukeMTMC-reID/bounding_box_test\0734_c2_f0184747.jpg,734,0.8108941316604614,,,,,,B,288,D:\deep-person-reid\reid-data\dukemtmc-reid\DukeMTMC-reID/query\0181_c2_f0091224.jpg,181,,False,False,,
D:\deep-person-reid\reid-data\dukemtmc-reid\DukeMTMC-reID/bounding_box_test\0119_c1_f0074140.jpg,119,0.8894907236099243,,,,,,B,289,D:\deep-person-reid\reid-data\dukemtmc-reid\DukeMTMC-reID/query\0183_c1_f0087290.jpg,183,,False,False,,
D:\deep-person-reid\reid-data\dukemtmc-reid\DukeMTMC-reID/bounding_box_test\4560_c7_f0130838.jpg,4560,0.8407372236251831,,,,,,B,290,D:\deep-person-reid\reid-data\dukemtmc-reid\DukeMTMC-reID/query\0183_c7_f0069034.jpg,183,,False,False,,
D:\deep-person-reid\reid-data\dukemtmc-reid\DukeMTMC-reID/bounding_box_test\4245_c8_f0047494.jpg,4245,0.8347899913787842,,,,,,B,291,D:\deep-person-reid\reid-data\dukemtmc-reid\DukeMTMC-reID/query\0183_c8_f0042667.jpg,183,,False,False,,
D:\deep-person-reid\reid-data\dukemtmc-reid\DukeMTMC-reID/bounding_box_test\0620_c1_f0159683.jpg,620,0.817833423614502,,,,,,C,292,D:\deep-person-reid\reid-data\dukemtmc-reid\DukeMTMC-reID/query\0184_c1_f0086730.jpg,184,,False,True,,
D:\deep-person-reid\reid-data\dukemtmc-reid\DukeMTMC-reID/bounding_box_test\1440_c3_f0069577.jpg,1440,0.8017446994781494,,,,,,B,294,D:\deep-person-reid\reid-data\dukemtmc-reid\DukeMTMC-reID/query\0184_c3_f0061789.jpg,184,,False,False,,
D:\deep-person-reid\reid-data\dukemtmc-reid\DukeMTMC-reID/bounding_box_test\0150_c4_f0051321.jpg,150,0.7813877463340759,,,,,,B,295,D:\deep-person-reid\reid-data\dukemtmc-reid\DukeMTMC-reID/query\0184_c4_f0056293.jpg,184,,False,False,,
D:\deep-person-reid\reid-data\dukemtmc-reid\DukeMTMC-reID/bounding_box_test\0180_c1_f0086833.jpg,180,0.895571231842041,,,,,,C,296,D:\deep-person-reid\reid-data\dukemtmc-reid\DukeMTMC-reID/query\0186_c1_f0086668.jpg,186,,False,True,,
D:\deep-person-reid\reid-data\dukemtmc-reid\DukeMTMC-reID/bounding_box_test\0352_c1_f0107297.jpg,352,0.8259603381156921,,,,,,C,300,D:\deep-person-reid\reid-data\dukemtmc-reid\DukeMTMC-reID/query\0187_c1_f0087630.jpg,187,,False,True,,
D:\deep-person-reid\reid-data\dukemtmc-reid\DukeMTMC-reID/bounding_box_test\0264_c2_f0100982.jpg,264,0.8048204183578491,,,,,,B,301,D:\deep-person-reid\reid-data\dukemtmc-reid\DukeMTMC-reID/query\0187_c2_f0092070.jpg,187,,False,False,,
D:\deep-person-reid\reid-data\dukemtmc-reid\DukeMTMC-reID/bounding_box_test\0264_c3_f0078097.jpg,264,0.8651281595230103,,,,,,B,302,D:\deep-person-reid\reid-data\dukemtmc-reid\DukeMTMC-reID/query\0187_c3_f0069305.jpg,187,,False,False,,
D:\deep-person-reid\reid-data\dukemtmc-reid\DukeMTMC-reID/bounding_box_test\0264_c4_f0075829.jpg,264,0.8446214199066162,,,,,,B,303,D:\deep-person-reid\reid-data\dukemtmc-reid\DukeMTMC-reID/query\0187_c4_f0067179.jpg,187,,False,False,,
D:\deep-person-reid\reid-data\dukemtmc-reid\DukeMTMC-reID/bounding_box_test\0174_c1_f0085672.jpg,174,0.9192191958427429,,,,,,B,304,D:\deep-person-reid\reid-data\dukemtmc-reid\DukeMTMC-reID/query\0188_c1_f0087974.jpg,188,,False,False,,
D:\deep-person-reid\reid-data\dukemtmc-reid\DukeMTMC-reID/bounding_box_test\3353_c5_f0064103.jpg,3353,0.7488522529602051,,,,,,B,306,D:\deep-person-reid\reid-data\dukemtmc-reid\DukeMTMC-reID/query\0188_c3_f0061909.jpg,188,,False,False,,
D:\deep-person-reid\reid-data\dukemtmc-reid\DukeMTMC-reID/bounding_box_test\0313_c1_f0102591.jpg,313,0.7938470244407654,,,,,,B,307,D:\deep-person-reid\reid-data\dukemtmc-reid\DukeMTMC-reID/query\0192_c1_f0088088.jpg,192,,False,False,,
D:\deep-person-reid\reid-data\dukemtmc-reid\DukeMTMC-reID/bounding_box_test\0699_c1_f0173502.jpg,699,0.7286586165428162,,,,,,B,308,D:\deep-person-reid\reid-data\dukemtmc-reid\DukeMTMC-reID/query\0192_c2_f0092522.jpg,192,,False,False,,
D:\deep-person-reid\reid-data\dukemtmc-reid\DukeMTMC-reID/bounding_box_test\0738_c5_f0183035.jpg,738,0.8551541566848755,,,,,,C,311,D:\deep-person-reid\reid-data\dukemtmc-reid\DukeMTMC-reID/query\0194_c5_f0097730.jpg,194,,False,True,,
D:\deep-person-reid\reid-data\dukemtmc-reid\DukeMTMC-reID/bounding_box_test\1386_c3_f0064122.jpg,1386,0.7327157258987427,,,,,,B,313,D:\deep-person-reid\reid-data\dukemtmc-reid\DukeMTMC-reID/query\0197_c6_f0074556.jpg,197,,False,False,,
D:\deep-person-reid\reid-data\dukemtmc-reid\DukeMTMC-reID/bounding_box_test\4163_c7_f0060621.jpg,4163,0.850796103477478,,,,,,B,314,D:\deep-person-reid\reid-data\dukemtmc-reid\DukeMTMC-reID/query\0197_c7_f0078717.jpg,197,,False,False,,
D:\deep-person-reid\reid-data\dukemtmc-reid\DukeMTMC-reID/bounding_box_test\1226_c4_f0019033.jpg,1226,0.7570267915725708,D:\deep-person-reid\reid-data\dukemtmc-reid\DukeMTMC-reID/bounding_box_test\0197_c6_f0073956.jpg,2,2,0.7569107413291931,1.0,F,315,D:\deep-person-reid\reid-data\dukemtmc-reid\DukeMTMC-reID/query\0197_c8_f0052594.jpg,197,False,True,True,-0.00011605024337768555,1.0
D:\deep-person-reid\reid-data\dukemtmc-reid\DukeMTMC-reID/bounding_box_test\0371_c1_f0109950.jpg,371,0.8141233921051025,,,,,,C,316,D:\deep-person-reid\reid-data\dukemtmc-reid\DukeMTMC-reID/query\0199_c1_f0088715.jpg,199,,False,True,,
D:\deep-person-reid\reid-data\dukemtmc-reid\DukeMTMC-reID/bounding_box_test\0509_c2_f0131510.jpg,509,0.8424063920974731,,,,,,C,317,D:\deep-person-reid\reid-data\dukemtmc-reid\DukeMTMC-reID/query\0199_c2_f0092607.jpg,199,,False,True,,
D:\deep-person-reid\reid-data\dukemtmc-reid\DukeMTMC-reID/bounding_box_test\0201_c2_f0088964.jpg,201,0.8867371082305908,,,,,,C,319,D:\deep-person-reid\reid-data\dukemtmc-reid\DukeMTMC-reID/query\0200_c2_f0089080.jpg,200,,False,True,,
D:\deep-person-reid\reid-data\dukemtmc-reid\DukeMTMC-reID/bounding_box_test\4433_c6_f0096425.jpg,4433,0.8634772896766663,,,,,,B,321,D:\deep-person-reid\reid-data\dukemtmc-reid\DukeMTMC-reID/query\0200_c6_f0067346.jpg,200,,False,False,,
D:\deep-person-reid\reid-data\dukemtmc-reid\DukeMTMC-reID/bounding_box_test\0576_c1_f0152564.jpg,576,0.8839497566223145,,,,,,B,322,D:\deep-person-reid\reid-data\dukemtmc-reid\DukeMTMC-reID/query\0201_c1_f0089728.jpg,201,,False,False,,
D:\deep-person-reid\reid-data\dukemtmc-reid\DukeMTMC-reID/bounding_box_test\0262_c5_f0098692.jpg,262,0.8200869560241699,,,,,,B,324,D:\deep-person-reid\reid-data\dukemtmc-reid\DukeMTMC-reID/query\0201_c5_f0091471.jpg,201,,False,False,,
D:\deep-person-reid\reid-data\dukemtmc-reid\DukeMTMC-reID/bounding_box_test\0461_c1_f0124463.jpg,461,0.8843614459037781,,,,,,B,326,D:\deep-person-reid\reid-data\dukemtmc-reid\DukeMTMC-reID/query\0204_c1_f0090510.jpg,204,,False,False,,
D:\deep-person-reid\reid-data\dukemtmc-reid\DukeMTMC-reID/bounding_box_test\0654_c2_f0169663.jpg,654,0.7659359574317932,,,,,,B,327,D:\deep-person-reid\reid-data\dukemtmc-reid\DukeMTMC-reID/query\0204_c2_f0089070.jpg,204,,False,False,,
D:\deep-person-reid\reid-data\dukemtmc-reid\DukeMTMC-reID/bounding_box_test\0431_c1_f0119246.jpg,431,0.8461513519287109,D:\deep-person-reid\reid-data\dukemtmc-reid\DukeMTMC-reID/bounding_box_test\0205_c2_f0090727.jpg,3,2,0.8403334617614746,1.0,F,328,D:\deep-person-reid\reid-data\dukemtmc-reid\DukeMTMC-reID/query\0205_c1_f0090044.jpg,205,False,True,True,-0.005817890167236328,0.0
D:\deep-person-reid\reid-data\dukemtmc-reid\DukeMTMC-reID/bounding_box_test\0468_c5_f0127215.jpg,468,0.8673475384712219,,,,,,B,330,D:\deep-person-reid\reid-data\dukemtmc-reid\DukeMTMC-reID/query\0205_c5_f0092480.jpg,205,,False,False,,
D:\deep-person-reid\reid-data\dukemtmc-reid\DukeMTMC-reID/bounding_box_test\4654_c6_f0150934.jpg,4654,0.8535038232803345,,,,,,B,331,D:\deep-person-reid\reid-data\dukemtmc-reid\DukeMTMC-reID/query\0205_c6_f0069343.jpg,205,,False,False,,
D:\deep-person-reid\reid-data\dukemtmc-reid\DukeMTMC-reID/bounding_box_test\0576_c1_f0152924.jpg,576,0.880099892616272,,,,,,B,332,D:\deep-person-reid\reid-data\dukemtmc-reid\DukeMTMC-reID/query\0206_c1_f0090326.jpg,206,,False,False,,
D:\deep-person-reid\reid-data\dukemtmc-reid\DukeMTMC-reID/bounding_box_test\0812_c1_f0206328.jpg,812,0.7855370044708252,,,,,,C,333,D:\deep-person-reid\reid-data\dukemtmc-reid\DukeMTMC-reID/query\0206_c2_f0095614.jpg,206,,False,True,,
D:\deep-person-reid\reid-data\dukemtmc-reid\DukeMTMC-reID/bounding_box_test\4117_c7_f0048502.jpg,4117,0.7650859355926514,D:\deep-person-reid\reid-data\dukemtmc-reid\DukeMTMC-reID/bounding_box_test\0206_c2_f0094774.jpg,1,3,0.7597237825393677,-1.0,E,334,D:\deep-person-reid\reid-data\dukemtmc-reid\DukeMTMC-reID/query\0206_c3_f0072625.jpg,206,True,True,True,-0.005362153053283691,1.0
D:\deep-person-reid\reid-data\dukemtmc-reid\DukeMTMC-reID/bounding_box_test\1489_c8_f0055548.jpg,1489,0.7977928519248962,,,,,,B,335,D:\deep-person-reid\reid-data\dukemtmc-reid\DukeMTMC-reID/query\0206_c4_f0071226.jpg,206,,False,False,,
D:\deep-person-reid\reid-data\dukemtmc-reid\DukeMTMC-reID/bounding_box_test\0389_c1_f0112226.jpg,389,0.799153208732605,,,,,,B,336,D:\deep-person-reid\reid-data\dukemtmc-reid\DukeMTMC-reID/query\0207_c1_f0090094.jpg,207,,False,False,,
D:\deep-person-reid\reid-data\dukemtmc-reid\DukeMTMC-reID/bounding_box_test\0098_c1_f0070104.jpg,98,0.8870078325271606,,,,,,B,340,D:\deep-person-reid\reid-data\dukemtmc-reid\DukeMTMC-reID/query\0210_c1_f0090728.jpg,210,,False,False,,
D:\deep-person-reid\reid-data\dukemtmc-reid\DukeMTMC-reID/bounding_box_test\0181_c2_f0090864.jpg,181,0.8114776015281677,,,,,,C,343,D:\deep-person-reid\reid-data\dukemtmc-reid\DukeMTMC-reID/query\0211_c2_f0090410.jpg,211,,False,True,,
D:\deep-person-reid\reid-data\dukemtmc-reid\DukeMTMC-reID/bounding_box_test\0688_c8_f0127281.jpg,688,0.8155096769332886,D:\deep-person-reid\reid-data\dukemtmc-reid\DukeMTMC-reID/bounding_box_test\0211_c3_f0066120.jpg,2,2,0.8079644441604614,0.0,F,345,D:\deep-person-reid\reid-data\dukemtmc-reid\DukeMTMC-reID/query\0211_c4_f0060791.jpg,211,False,True,True,-0.0075452327728271484,-1.0
D:\deep-person-reid\reid-data\dukemtmc-reid\DukeMTMC-reID/bounding_box_test\0358_c4_f0086952.jpg,358,0.7935060262680054,,,,,,B,346,D:\deep-person-reid\reid-data\dukemtmc-reid\DukeMTMC-reID/query\0212_c1_f0090490.jpg,212,,False,False,,
D:\deep-person-reid\reid-data\dukemtmc-reid\DukeMTMC-reID/bounding_box_test\6602_c8_f0119128.jpg,6602,0.8328518867492676,,,,,,B,348,D:\deep-person-reid\reid-data\dukemtmc-reid\DukeMTMC-reID/query\0212_c5_f0092818.jpg,212,,False,False,,
D:\deep-person-reid\reid-data\dukemtmc-reid\DukeMTMC-reID/bounding_box_test\0431_c1_f0119366.jpg,431,0.8300656080245972,,,,,,B,350,D:\deep-person-reid\reid-data\dukemtmc-reid\DukeMTMC-reID/query\0213_c1_f0091562.jpg,213,,False,False,,
D:\deep-person-reid\reid-data\dukemtmc-reid\DukeMTMC-reID/bounding_box_test\0594_c1_f0155812.jpg,594,0.8305379152297974,,,,,,C,352,D:\deep-person-reid\reid-data\dukemtmc-reid\DukeMTMC-reID/query\0214_c1_f0091468.jpg,214,,False,True,,
D:\deep-person-reid\reid-data\dukemtmc-reid\DukeMTMC-reID/bounding_box_test\0586_c2_f0160118.jpg,586,0.7966107130050659,,,,,,C,353,D:\deep-person-reid\reid-data\dukemtmc-reid\DukeMTMC-reID/query\0214_c2_f0091577.jpg,214,,False,True,,
D:\deep-person-reid\reid-data\dukemtmc-reid\DukeMTMC-reID/bounding_box_test\0412_c4_f0095231.jpg,412,0.8277668952941895,,,,,,B,355,D:\deep-person-reid\reid-data\dukemtmc-reid\DukeMTMC-reID/query\0214_c4_f0061381.jpg,214,,False,False,,
D:\deep-person-reid\reid-data\dukemtmc-reid\DukeMTMC-reID/bounding_box_test\7139_c1_f0155770.jpg,7139,0.9134355783462524,,,,,,B,356,D:\deep-person-reid\reid-data\dukemtmc-reid\DukeMTMC-reID/query\0215_c1_f0091488.jpg,215,,False,False,,
D:\deep-person-reid\reid-data\dukemtmc-reid\DukeMTMC-reID/bounding_box_test\0693_c2_f0171992.jpg,693,0.7883026003837585,,,,,,B,357,D:\deep-person-reid\reid-data\dukemtmc-reid\DukeMTMC-reID/query\0215_c2_f0096446.jpg,215,,False,False,,
D:\deep-person-reid\reid-data\dukemtmc-reid\DukeMTMC-reID/bounding_box_test\0688_c8_f0127161.jpg,688,0.7799693942070007,D:\deep-person-reid\reid-data\dukemtmc-reid\DukeMTMC-reID/bounding_box_test\0215_c4_f0071237.jpg,4,3,0.7660872936248779,-1.0,F,358,D:\deep-person-reid\reid-data\dukemtmc-reid\DukeMTMC-reID/query\0215_c3_f0073686.jpg,215,False,True,True,-0.013882100582122803,-1.0
D:\deep-person-reid\reid-data\dukemtmc-reid\DukeMTMC-reID/bounding_box_test\0267_c1_f0097240.jpg,267,0.9171515703201294,,,,,,B,360,D:\deep-person-reid\reid-data\dukemtmc-reid\DukeMTMC-reID/query\0218_c1_f0092641.jpg,218,,False,False,,
D:\deep-person-reid\reid-data\dukemtmc-reid\DukeMTMC-reID/bounding_box_test\0434_c1_f0119903.jpg,434,0.8376926183700562,,,,,,B,362,D:\deep-person-reid\reid-data\dukemtmc-reid\DukeMTMC-reID/query\0219_c1_f0093113.jpg,219,,False,False,,
D:\deep-person-reid\reid-data\dukemtmc-reid\DukeMTMC-reID/bounding_box_test\6137_c8_f0048568.jpg,6137,0.8123672008514404,,,,,,B,363,D:\deep-person-reid\reid-data\dukemtmc-reid\DukeMTMC-reID/query\0219_c8_f0048588.jpg,219,,False,False,,
D:\deep-person-reid\reid-data\dukemtmc-reid\DukeMTMC-reID/bounding_box_test\0738_c1_f0185430.jpg,738,0.834457278251648,,,,,,B,364,D:\deep-person-reid\reid-data\dukemtmc-reid\DukeMTMC-reID/query\0220_c1_f0092716.jpg,220,,False,False,,
D:\deep-person-reid\reid-data\dukemtmc-reid\DukeMTMC-reID/bounding_box_test\0603_c2_f0161235.jpg,603,0.8180259466171265,,,,,,C,365,D:\deep-person-reid\reid-data\dukemtmc-reid\DukeMTMC-reID/query\0220_c2_f0093214.jpg,220,,False,True,,
D:\deep-person-reid\reid-data\dukemtmc-reid\DukeMTMC-reID/bounding_box_test\0523_c3_f0108769.jpg,523,0.8091248273849487,,,,,,C,366,D:\deep-person-reid\reid-data\dukemtmc-reid\DukeMTMC-reID/query\0220_c3_f0068423.jpg,220,,False,True,,
D:\deep-person-reid\reid-data\dukemtmc-reid\DukeMTMC-reID/bounding_box_test\1229_c4_f0019775.jpg,1229,0.8057856559753418,,,,,,B,367,D:\deep-person-reid\reid-data\dukemtmc-reid\DukeMTMC-reID/query\0220_c4_f0062939.jpg,220,,False,False,,
D:\deep-person-reid\reid-data\dukemtmc-reid\DukeMTMC-reID/bounding_box_test\0314_c3_f0078440.jpg,314,0.8818924427032471,,,,,,B,370,D:\deep-person-reid\reid-data\dukemtmc-reid\DukeMTMC-reID/query\0221_c3_f0069090.jpg,221,,False,False,,
D:\deep-person-reid\reid-data\dukemtmc-reid\DukeMTMC-reID/bounding_box_test\0344_c1_f0106932.jpg,344,0.8297443389892578,,,,,,B,372,D:\deep-person-reid\reid-data\dukemtmc-reid\DukeMTMC-reID/query\0223_c1_f0093840.jpg,223,,False,False,,
D:\deep-person-reid\reid-data\dukemtmc-reid\DukeMTMC-reID/bounding_box_test\4118_c6_f0047084.jpg,4118,0.8227992653846741,D:\deep-person-reid\reid-data\dukemtmc-reid\DukeMTMC-reID/bounding_box_test\0223_c4_f0063757.jpg,2,6,0.8044919967651367,0.0,F,373,D:\deep-person-reid\reid-data\dukemtmc-reid\DukeMTMC-reID/query\0223_c2_f0093779.jpg,223,False,True,True,-0.018307268619537354,0.5
D:\deep-person-reid\reid-data\dukemtmc-reid\DukeMTMC-reID/bounding_box_test\4118_c7_f0051856.jpg,4118,0.804741382598877,,,,,,C,374,D:\deep-person-reid\reid-data\dukemtmc-reid\DukeMTMC-reID/query\0223_c3_f0069118.jpg,223,,False,True,,
D:\deep-person-reid\reid-data\dukemtmc-reid\DukeMTMC-reID/bounding_box_test\1229_c4_f0019775.jpg,1229,0.7373141050338745,D:\deep-person-reid\reid-data\dukemtmc-reid\DukeMTMC-reID/bounding_box_test\0223_c2_f0094019.jpg,4,4,0.7220200300216675,-1.0,F,375,D:\deep-person-reid\reid-data\dukemtmc-reid\DukeMTMC-reID/query\0223_c4_f0063277.jpg,223,False,True,True,-0.015294075012207031,-1.0
D:\deep-person-reid\reid-data\dukemtmc-reid\DukeMTMC-reID/bounding_box_test\1467_c2_f0098226.jpg,1467,0.8151888847351074,,,,,,B,377,D:\deep-person-reid\reid-data\dukemtmc-reid\DukeMTMC-reID/query\0229_c2_f0098289.jpg,229,,False,False,,
D:\deep-person-reid\reid-data\dukemtmc-reid\DukeMTMC-reID/bounding_box_test\1949_c2_f0191931.jpg,1949,0.7168043851852417,D:\deep-person-reid\reid-data\dukemtmc-reid\DukeMTMC-reID/bounding_box_test\0229_c1_f0125903.jpg,2,2,0.7116662263870239,0.0,F,378,D:\deep-person-reid\reid-data\dukemtmc-reid\DukeMTMC-reID/query\0229_c5_f0126191.jpg,229,False,True,True,-0.0051381587982177734,0.5
D:\deep-person-reid\reid-data\dukemtmc-reid\DukeMTMC-reID/bounding_box_test\0321_c1_f0104836.jpg,321,0.8812093734741211,,,,,,B,379,D:\deep-person-reid\reid-data\dukemtmc-reid\DukeMTMC-reID/query\0230_c1_f0094160.jpg,230,,False,False,,
D:\deep-person-reid\reid-data\dukemtmc-reid\DukeMTMC-reID/bounding_box_test\0631_c5_f0184077.jpg,631,0.8258086442947388,,,,,,B,380,D:\deep-person-reid\reid-data\dukemtmc-reid\DukeMTMC-reID/query\0230_c2_f0094102.jpg,230,,False,False,,
D:\deep-person-reid\reid-data\dukemtmc-reid\DukeMTMC-reID/bounding_box_test\0098_c5_f0078949.jpg,98,0.867415189743042,,,,,,C,381,D:\deep-person-reid\reid-data\dukemtmc-reid\DukeMTMC-reID/query\0230_c5_f0096308.jpg,230,,False,True,,
D:\deep-person-reid\reid-data\dukemtmc-reid\DukeMTMC-reID/bounding_box_test\0711_c6_f0166242.jpg,711,0.8554763793945312,,,,,,B,382,D:\deep-person-reid\reid-data\dukemtmc-reid\DukeMTMC-reID/query\0230_c6_f0072602.jpg,230,,False,False,,
D:\deep-person-reid\reid-data\dukemtmc-reid\DukeMTMC-reID/bounding_box_test\6722_c8_f0150273.jpg,6722,0.8257397413253784,D:\deep-person-reid\reid-data\dukemtmc-reid\DukeMTMC-reID/bounding_box_test\0235_c6_f0056110.jpg,5,4,0.8108129501342773,1.0,F,383,D:\deep-person-reid\reid-data\dukemtmc-reid\DukeMTMC-reID/query\0235_c5_f0076499.jpg,235,False,True,True,-0.014926791191101074,-0.5
D:\deep-person-reid\reid-data\dukemtmc-reid\DukeMTMC-reID/bounding_box_test\0693_c6_f0150059.jpg,693,0.8505191802978516,,,,,,B,384,D:\deep-person-reid\reid-data\dukemtmc-reid\DukeMTMC-reID/query\0235_c6_f0055870.jpg,235,,False,False,,
D:\deep-person-reid\reid-data\dukemtmc-reid\DukeMTMC-reID/bounding_box_test\0266_c1_f0096733.jpg,266,0.8417296409606934,,,,,,C,385,D:\deep-person-reid\reid-data\dukemtmc-reid\DukeMTMC-reID/query\0237_c1_f0094320.jpg,237,,False,True,,
D:\deep-person-reid\reid-data\dukemtmc-reid\DukeMTMC-reID/bounding_box_test\0576_c2_f0156677.jpg,576,0.8143425583839417,,,,,,C,386,D:\deep-person-reid\reid-data\dukemtmc-reid\DukeMTMC-reID/query\0237_c2_f0094857.jpg,237,,False,True,,
D:\deep-person-reid\reid-data\dukemtmc-reid\DukeMTMC-reID/bounding_box_test\4743_c7_f0178676.jpg,4743,0.8313744068145752,,,,,,B,387,D:\deep-person-reid\reid-data\dukemtmc-reid\DukeMTMC-reID/query\0237_c3_f0069501.jpg,237,,False,False,,
D:\deep-person-reid\reid-data\dukemtmc-reid\DukeMTMC-reID/bounding_box_test\0240_c4_f0065250.jpg,240,0.7972670793533325,,,,,,C,388,D:\deep-person-reid\reid-data\dukemtmc-reid\DukeMTMC-reID/query\0237_c4_f0064707.jpg,237,,False,True,,
D:\deep-person-reid\reid-data\dukemtmc-reid\DukeMTMC-reID/bounding_box_test\0804_c1_f0204460.jpg,804,0.8358912467956543,,,,,,B,389,D:\deep-person-reid\reid-data\dukemtmc-reid\DukeMTMC-reID/query\0238_c1_f0094853.jpg,238,,False,False,,
D:\deep-person-reid\reid-data\dukemtmc-reid\DukeMTMC-reID/bounding_box_test\0201_c2_f0089324.jpg,201,0.8256053328514099,,,,,,B,390,D:\deep-person-reid\reid-data\dukemtmc-reid\DukeMTMC-reID/query\0238_c2_f0094676.jpg,238,,False,False,,
D:\deep-person-reid\reid-data\dukemtmc-reid\DukeMTMC-reID/bounding_box_test\0884_c1_f0109860.jpg,884,0.8369145393371582,,,,,,B,391,D:\deep-person-reid\reid-data\dukemtmc-reid\DukeMTMC-reID/query\0239_c1_f0095533.jpg,239,,False,False,,
D:\deep-person-reid\reid-data\dukemtmc-reid\DukeMTMC-reID/bounding_box_test\4337_c7_f0082941.jpg,4337,0.8031480312347412,,,,,,B,392,D:\deep-person-reid\reid-data\dukemtmc-reid\DukeMTMC-reID/query\0239_c8_f0051344.jpg,239,,False,False,,
D:\deep-person-reid\reid-data\dukemtmc-reid\DukeMTMC-reID/bounding_box_test\0513_c1_f0133896.jpg,513,0.8848850727081299,,,,,,B,393,D:\deep-person-reid\reid-data\dukemtmc-reid\DukeMTMC-reID/query\0240_c1_f0095215.jpg,240,,False,False,,
D:\deep-person-reid\reid-data\dukemtmc-reid\DukeMTMC-reID/bounding_box_test\0210_c2_f0095552.jpg,210,0.7956120371818542,,,,,,B,394,D:\deep-person-reid\reid-data\dukemtmc-reid\DukeMTMC-reID/query\0240_c2_f0095029.jpg,240,,False,False,,
D:\deep-person-reid\reid-data\dukemtmc-reid\DukeMTMC-reID/bounding_box_test\4284_c7_f0079016.jpg,4284,0.8232448697090149,,,,,,B,395,D:\deep-person-reid\reid-data\dukemtmc-reid\DukeMTMC-reID/query\0240_c3_f0070545.jpg,240,,False,False,,
D:\deep-person-reid\reid-data\dukemtmc-reid\DukeMTMC-reID/bounding_box_test\0288_c4_f0078756.jpg,288,0.8756524920463562,,,,,,B,396,D:\deep-person-reid\reid-data\dukemtmc-reid\DukeMTMC-reID/query\0240_c4_f0065130.jpg,240,,False,False,,
D:\deep-person-reid\reid-data\dukemtmc-reid\DukeMTMC-reID/bounding_box_test\0788_c1_f0199772.jpg,788,0.8653141260147095,,,,,,B,397,D:\deep-person-reid\reid-data\dukemtmc-reid\DukeMTMC-reID/query\0241_c1_f0095131.jpg,241,,False,False,,
D:\deep-person-reid\reid-data\dukemtmc-reid\DukeMTMC-reID/bounding_box_test\1555_c2_f0108043.jpg,1555,0.8292028903961182,,,,,,B,398,D:\deep-person-reid\reid-data\dukemtmc-reid\DukeMTMC-reID/query\0241_c2_f0094825.jpg,241,,False,False,,
D:\deep-person-reid\reid-data\dukemtmc-reid\DukeMTMC-reID/bounding_box_test\0587_c1_f0153966.jpg,587,0.8883109092712402,,,,,,B,402,D:\deep-person-reid\reid-data\dukemtmc-reid\DukeMTMC-reID/query\0243_c1_f0095564.jpg,243,,False,False,,
D:\deep-person-reid\reid-data\dukemtmc-reid\DukeMTMC-reID/bounding_box_test\0565_c2_f0150292.jpg,565,0.8449208736419678,D:\deep-person-reid\reid-data\dukemtmc-reid\DukeMTMC-reID/bounding_box_test\0243_c6_f0084464.jpg,3,2,0.8442632555961609,1.0,F,403,D:\deep-person-reid\reid-data\dukemtmc-reid\DukeMTMC-reID/query\0243_c2_f0099970.jpg,243,False,True,True,-0.0006576180458068848,0.0
D:\deep-person-reid\reid-data\dukemtmc-reid\DukeMTMC-reID/bounding_box_test\0709_c6_f0165962.jpg,709,0.8671112060546875,,,,,,C,405,D:\deep-person-reid\reid-data\dukemtmc-reid\DukeMTMC-reID/query\0243_c6_f0083864.jpg,243,,False,True,,
D:\deep-person-reid\reid-data\dukemtmc-reid\DukeMTMC-reID/bounding_box_test\0449_c1_f0121538.jpg,449,0.8816797733306885,,,,,,C,406,D:\deep-person-reid\reid-data\dukemtmc-reid\DukeMTMC-reID/query\0244_c1_f0095325.jpg,244,,False,True,,
D:\deep-person-reid\reid-data\dukemtmc-reid\DukeMTMC-reID/bounding_box_test\4274_c6_f0073558.jpg,4274,0.867475152015686,,,,,,B,407,D:\deep-person-reid\reid-data\dukemtmc-reid\DukeMTMC-reID/query\0244_c6_f0073324.jpg,244,,False,False,,
D:\deep-person-reid\reid-data\dukemtmc-reid\DukeMTMC-reID/bounding_box_test\0300_c7_f0091221.jpg,300,0.8723493218421936,,,,,,C,408,D:\deep-person-reid\reid-data\dukemtmc-reid\DukeMTMC-reID/query\0244_c7_f0077955.jpg,244,,False,True,,
D:\deep-person-reid\reid-data\dukemtmc-reid\DukeMTMC-reID/bounding_box_test\0243_c1_f0095444.jpg,243,0.9249002933502197,,,,,,B,410,D:\deep-person-reid\reid-data\dukemtmc-reid\DukeMTMC-reID/query\0247_c1_f0095658.jpg,247,,False,False,,
D:\deep-person-reid\reid-data\dukemtmc-reid\DukeMTMC-reID/bounding_box_test\0321_c2_f0104853.jpg,321,0.7453751564025879,D:\deep-person-reid\reid-data\dukemtmc-reid\DukeMTMC-reID/bounding_box_test\0247_c4_f0074929.jpg,2,2,0.7318309545516968,1.0,F,411,D:\deep-person-reid\reid-data\dukemtmc-reid\DukeMTMC-reID/query\0247_c2_f0100111.jpg,247,False,True,True,-0.013544201850891113,1.0
D:\deep-person-reid\reid-data\dukemtmc-reid\DukeMTMC-reID/bounding_box_test\0321_c3_f0079873.jpg,321,0.7754796743392944,,,,,,C,412,D:\deep-person-reid\reid-data\dukemtmc-reid\DukeMTMC-reID/query\0247_c3_f0077177.jpg,247,,False,True,,
D:\deep-person-reid\reid-data\dukemtmc-reid\DukeMTMC-reID/bounding_box_test\0272_c4_f0076854.jpg,272,0.7885096073150635,,,,,,B,413,D:\deep-person-reid\reid-data\dukemtmc-reid\DukeMTMC-reID/query\0247_c4_f0074689.jpg,247,,False,False,,
D:\deep-person-reid\reid-data\dukemtmc-reid\DukeMTMC-reID/bounding_box_test\0329_c1_f0105847.jpg,329,0.8468738794326782,,,,,,C,414,D:\deep-person-reid\reid-data\dukemtmc-reid\DukeMTMC-reID/query\0249_c1_f0096246.jpg,249,,False,True,,
D:\deep-person-reid\reid-data\dukemtmc-reid\DukeMTMC-reID/bounding_box_test\1110_c3_f0146571.jpg,1110,0.8549190759658813,,,,,,B,416,D:\deep-person-reid\reid-data\dukemtmc-reid\DukeMTMC-reID/query\0249_c3_f0071496.jpg,249,,False,False,,
D:\deep-person-reid\reid-data\dukemtmc-reid\DukeMTMC-reID/bounding_box_test\0525_c1_f0095944.jpg,525,0.8239456415176392,,,,,,B,417,D:\deep-person-reid\reid-data\dukemtmc-reid\DukeMTMC-reID/query\0251_c1_f0096035.jpg,251,,False,False,,
D:\deep-person-reid\reid-data\dukemtmc-reid\DukeMTMC-reID/bounding_box_test\0525_c2_f0096853.jpg,525,0.9409252405166626,,,,,,B,418,D:\deep-person-reid\reid-data\dukemtmc-reid\DukeMTMC-reID/query\0251_c2_f0096850.jpg,251,,False,False,,
D:\deep-person-reid\reid-data\dukemtmc-reid\DukeMTMC-reID/bounding_box_test\2470_c3_f0061341.jpg,2470,0.8445150256156921,,,,,,B,419,D:\deep-person-reid\reid-data\dukemtmc-reid\DukeMTMC-reID/query\0251_c3_f0071565.jpg,251,,False,False,,
D:\deep-person-reid\reid-data\dukemtmc-reid\DukeMTMC-reID/bounding_box_test\0414_c4_f0096902.jpg,414,0.7841947078704834,,,,,,B,420,D:\deep-person-reid\reid-data\dukemtmc-reid\DukeMTMC-reID/query\0251_c4_f0066325.jpg,251,,False,False,,
D:\deep-person-reid\reid-data\dukemtmc-reid\DukeMTMC-reID/bounding_box_test\0267_c2_f0097113.jpg,267,0.7724433541297913,,,,,,B,421,D:\deep-person-reid\reid-data\dukemtmc-reid\DukeMTMC-reID/query\0253_c2_f0096963.jpg,253,,False,False,,
D:\deep-person-reid\reid-data\dukemtmc-reid\DukeMTMC-reID/bounding_box_test\0395_c1_f0112078.jpg,395,0.7902169227600098,,,,,,B,422,D:\deep-person-reid\reid-data\dukemtmc-reid\DukeMTMC-reID/query\0253_c3_f0071714.jpg,253,,False,False,,
D:\deep-person-reid\reid-data\dukemtmc-reid\DukeMTMC-reID/bounding_box_test\0381_c4_f0090310.jpg,381,0.7934488654136658,,,,,,B,423,D:\deep-person-reid\reid-data\dukemtmc-reid\DukeMTMC-reID/query\0253_c4_f0066302.jpg,253,,False,False,,
D:\deep-person-reid\reid-data\dukemtmc-reid\DukeMTMC-reID/bounding_box_test\0694_c1_f0173056.jpg,694,0.8421787619590759,,,,,,B,424,D:\deep-person-reid\reid-data\dukemtmc-reid\DukeMTMC-reID/query\0254_c1_f0096347.jpg,254,,False,False,,
D:\deep-person-reid\reid-data\dukemtmc-reid\DukeMTMC-reID/bounding_box_test\0359_c6_f0085545.jpg,359,0.8177694082260132,D:\deep-person-reid\reid-data\dukemtmc-reid\DukeMTMC-reID/bounding_box_test\0254_c2_f0101142.jpg,2,2,0.8020395636558533,-1.0,E,427,D:\deep-person-reid\reid-data\dukemtmc-reid\DukeMTMC-reID/query\0254_c6_f0085366.jpg,254,True,True,True,-0.015729844570159912,0.0
D:\deep-person-reid\reid-data\dukemtmc-reid\DukeMTMC-reID/bounding_box_test\0451_c2_f0127265.jpg,451,0.8934653997421265,D:\deep-person-reid\reid-data\dukemtmc-reid\DukeMTMC-reID/bounding_box_test\0256_c2_f0096877.jpg,1,2,0.8888301849365234,0.0,E,428,D:\deep-person-reid\reid-data\dukemtmc-reid\DukeMTMC-reID/query\0256_c1_f0096581.jpg,256,True,True,True,-0.004635214805603027,1.0
D:\deep-person-reid\reid-data\dukemtmc-reid\DukeMTMC-reID/bounding_box_test\0451_c2_f0127265.jpg,451,0.8961642384529114,,,,,,C,429,D:\deep-person-reid\reid-data\dukemtmc-reid\DukeMTMC-reID/query\0256_c2_f0096757.jpg,256,,False,True,,
D:\deep-person-reid\reid-data\dukemtmc-reid\DukeMTMC-reID/bounding_box_test\0375_c1_f0110320.jpg,375,0.8499683141708374,,,,,,B,430,D:\deep-person-reid\reid-data\dukemtmc-reid\DukeMTMC-reID/query\0257_c1_f0096507.jpg,257,,False,False,,
D:\deep-person-reid\reid-data\dukemtmc-reid\DukeMTMC-reID/bounding_box_test\0075_c1_f0065718.jpg,75,0.7908962965011597,,,,,,C,431,D:\deep-person-reid\reid-data\dukemtmc-reid\DukeMTMC-reID/query\0257_c2_f0096461.jpg,257,,False,True,,
D:\deep-person-reid\reid-data\dukemtmc-reid\DukeMTMC-reID/bounding_box_test\0078_c3_f0039342.jpg,78,0.8443716764450073,,,,,,B,432,D:\deep-person-reid\reid-data\dukemtmc-reid\DukeMTMC-reID/query\0257_c3_f0071976.jpg,257,,False,False,,
D:\deep-person-reid\reid-data\dukemtmc-reid\DukeMTMC-reID/bounding_box_test\2479_c4_f0058667.jpg,2479,0.8469424247741699,,,,,,B,433,D:\deep-person-reid\reid-data\dukemtmc-reid\DukeMTMC-reID/query\0257_c4_f0066446.jpg,257,,False,False,,
D:\deep-person-reid\reid-data\dukemtmc-reid\DukeMTMC-reID/bounding_box_test\0267_c1_f0097120.jpg,267,0.791306734085083,,,,,,B,434,D:\deep-person-reid\reid-data\dukemtmc-reid\DukeMTMC-reID/query\0261_c1_f0096859.jpg,261,,False,False,,
D:\deep-person-reid\reid-data\dukemtmc-reid\DukeMTMC-reID/bounding_box_test\0738_c5_f0179462.jpg,738,0.8237336277961731,,,,,,B,435,D:\deep-person-reid\reid-data\dukemtmc-reid\DukeMTMC-reID/query\0261_c5_f0098615.jpg,261,,False,False,,
D:\deep-person-reid\reid-data\dukemtmc-reid\DukeMTMC-reID/bounding_box_test\0180_c6_f0074556.jpg,180,0.9049462080001831,,,,,,B,436,D:\deep-person-reid\reid-data\dukemtmc-reid\DukeMTMC-reID/query\0261_c6_f0074589.jpg,261,,False,False,,
D:\deep-person-reid\reid-data\dukemtmc-reid\DukeMTMC-reID/bounding_box_test\0738_c1_f0185910.jpg,738,0.9143932461738586,,,,,,B,437,D:\deep-person-reid\reid-data\dukemtmc-reid\DukeMTMC-reID/query\0262_c1_f0097107.jpg,262,,False,False,,
D:\deep-person-reid\reid-data\dukemtmc-reid\DukeMTMC-reID/bounding_box_test\6088_c8_f0042480.jpg,6088,0.8333122730255127,,,,,,B,438,D:\deep-person-reid\reid-data\dukemtmc-reid\DukeMTMC-reID/query\0262_c5_f0099052.jpg,262,,False,False,,
D:\deep-person-reid\reid-data\dukemtmc-reid\DukeMTMC-reID/bounding_box_test\0468_c6_f0103843.jpg,468,0.8414705991744995,,,,,,B,439,D:\deep-person-reid\reid-data\dukemtmc-reid\DukeMTMC-reID/query\0262_c6_f0075042.jpg,262,,False,False,,
D:\deep-person-reid\reid-data\dukemtmc-reid\DukeMTMC-reID/bounding_box_test\0267_c1_f0097120.jpg,267,0.7977954149246216,,,,,,B,440,D:\deep-person-reid\reid-data\dukemtmc-reid\DukeMTMC-reID/query\0264_c1_f0096537.jpg,264,,False,False,,
D:\deep-person-reid\reid-data\dukemtmc-reid\DukeMTMC-reID/bounding_box_test\0187_c2_f0091350.jpg,187,0.8573669791221619,,,,,,C,441,D:\deep-person-reid\reid-data\dukemtmc-reid\DukeMTMC-reID/query\0264_c2_f0100382.jpg,264,,False,True,,
D:\deep-person-reid\reid-data\dukemtmc-reid\DukeMTMC-reID/bounding_box_test\0187_c3_f0068945.jpg,187,0.8109241724014282,,,,,,C,442,D:\deep-person-reid\reid-data\dukemtmc-reid\DukeMTMC-reID/query\0264_c3_f0077857.jpg,264,,False,True,,
D:\deep-person-reid\reid-data\dukemtmc-reid\DukeMTMC-reID/bounding_box_test\0187_c4_f0066699.jpg,187,0.8292226195335388,,,,,,B,443,D:\deep-person-reid\reid-data\dukemtmc-reid\DukeMTMC-reID/query\0264_c4_f0075469.jpg,264,,False,False,,
D:\deep-person-reid\reid-data\dukemtmc-reid\DukeMTMC-reID/bounding_box_test\0237_c1_f0094200.jpg,237,0.9068094491958618,,,,,,B,444,D:\deep-person-reid\reid-data\dukemtmc-reid\DukeMTMC-reID/query\0266_c1_f0096613.jpg,266,,False,False,,
D:\deep-person-reid\reid-data\dukemtmc-reid\DukeMTMC-reID/bounding_box_test\0300_c6_f0089702.jpg,300,0.8337976932525635,,,,,,B,445,D:\deep-person-reid\reid-data\dukemtmc-reid\DukeMTMC-reID/query\0266_c2_f0096386.jpg,266,,False,False,,
D:\deep-person-reid\reid-data\dukemtmc-reid\DukeMTMC-reID/bounding_box_test\0269_c1_f0097141.jpg,269,0.8648384809494019,,,,,,B,446,D:\deep-person-reid\reid-data\dukemtmc-reid\DukeMTMC-reID/query\0267_c1_f0097000.jpg,267,,False,False,,
D:\deep-person-reid\reid-data\dukemtmc-reid\DukeMTMC-reID/bounding_box_test\0294_c1_f0099471.jpg,294,0.7888695597648621,,,,,,B,447,D:\deep-person-reid\reid-data\dukemtmc-reid\DukeMTMC-reID/query\0267_c2_f0096513.jpg,267,,False,False,,
D:\deep-person-reid\reid-data\dukemtmc-reid\DukeMTMC-reID/bounding_box_test\2454_c3_f0053409.jpg,2454,0.7737913131713867,D:\deep-person-reid\reid-data\dukemtmc-reid\DukeMTMC-reID/bounding_box_test\0268_c4_f0066893.jpg,10,12,0.7613875865936279,1.0,F,450,D:\deep-person-reid\reid-data\dukemtmc-reid\DukeMTMC-reID/query\0268_c3_f0072158.jpg,268,False,True,True,-0.012403726577758789,0.0
D:\deep-person-reid\reid-data\dukemtmc-reid\DukeMTMC-reID/bounding_box_test\0726_c4_f0152384.jpg,726,0.770480215549469,,,,,,C,451,D:\deep-person-reid\reid-data\dukemtmc-reid\DukeMTMC-reID/query\0268_c4_f0066773.jpg,268,,False,True,,
D:\deep-person-reid\reid-data\dukemtmc-reid\DukeMTMC-reID/bounding_box_test\0238_c1_f0095333.jpg,238,0.8693642616271973,,,,,,B,452,D:\deep-person-reid\reid-data\dukemtmc-reid\DukeMTMC-reID/query\0269_c1_f0096901.jpg,269,,False,False,,
D:\deep-person-reid\reid-data\dukemtmc-reid\DukeMTMC-reID/bounding_box_test\0135_c1_f0077150.jpg,135,0.8340398073196411,,,,,,B,453,D:\deep-person-reid\reid-data\dukemtmc-reid\DukeMTMC-reID/query\0269_c2_f0101099.jpg,269,,False,False,,
D:\deep-person-reid\reid-data\dukemtmc-reid\DukeMTMC-reID/bounding_box_test\0030_c1_f0056803.jpg,30,0.8199058771133423,,,,,,B,454,D:\deep-person-reid\reid-data\dukemtmc-reid\DukeMTMC-reID/query\0270_c1_f0097056.jpg,270,,False,False,,
D:\deep-person-reid\reid-data\dukemtmc-reid\DukeMTMC-reID/bounding_box_test\0247_c1_f0095538.jpg,247,0.8224450349807739,,,,,,B,458,D:\deep-person-reid\reid-data\dukemtmc-reid\DukeMTMC-reID/query\0272_c1_f0097338.jpg,272,,False,False,,
D:\deep-person-reid\reid-data\dukemtmc-reid\DukeMTMC-reID/bounding_box_test\2768_c3_f0178393.jpg,2768,0.7397071123123169,,,,,,B,460,D:\deep-person-reid\reid-data\dukemtmc-reid\DukeMTMC-reID/query\0272_c3_f0079165.jpg,272,,False,False,,
D:\deep-person-reid\reid-data\dukemtmc-reid\DukeMTMC-reID/bounding_box_test\0288_c4_f0079356.jpg,288,0.812396228313446,,,,,,B,461,D:\deep-person-reid\reid-data\dukemtmc-reid\DukeMTMC-reID/query\0272_c4_f0077334.jpg,272,,False,False,,
D:\deep-person-reid\reid-data\dukemtmc-reid\DukeMTMC-reID/bounding_box_test\0851_c1_f0221156.jpg,851,0.8031468987464905,,,,,,C,462,D:\deep-person-reid\reid-data\dukemtmc-reid\DukeMTMC-reID/query\0273_c1_f0097884.jpg,273,,False,True,,
D:\deep-person-reid\reid-data\dukemtmc-reid\DukeMTMC-reID/bounding_box_test\0269_c2_f0101819.jpg,269,0.8036366105079651,,,,,,C,463,D:\deep-person-reid\reid-data\dukemtmc-reid\DukeMTMC-reID/query\0273_c2_f0101412.jpg,273,,False,True,,
D:\deep-person-reid\reid-data\dukemtmc-reid\DukeMTMC-reID/bounding_box_test\2557_c3_f0079638.jpg,2557,0.8061355948448181,,,,,,B,466,D:\deep-person-reid\reid-data\dukemtmc-reid\DukeMTMC-reID/query\0274_c3_f0079582.jpg,274,,False,False,,
D:\deep-person-reid\reid-data\dukemtmc-reid\DukeMTMC-reID/bounding_box_test\0427_c1_f0118537.jpg,427,0.8621649742126465,,,,,,C,467,D:\deep-person-reid\reid-data\dukemtmc-reid\DukeMTMC-reID/query\0275_c1_f0097890.jpg,275,,False,True,,
D:\deep-person-reid\reid-data\dukemtmc-reid\DukeMTMC-reID/bounding_box_test\0324_c6_f0083655.jpg,324,0.8099336624145508,,,,,,B,468,D:\deep-person-reid\reid-data\dukemtmc-reid\DukeMTMC-reID/query\0275_c2_f0102018.jpg,275,,False,False,,
D:\deep-person-reid\reid-data\dukemtmc-reid\DukeMTMC-reID/bounding_box_test\0820_c1_f0210255.jpg,820,0.8398431539535522,,,,,,B,469,D:\deep-person-reid\reid-data\dukemtmc-reid\DukeMTMC-reID/query\0276_c1_f0098141.jpg,276,,False,False,,
D:\deep-person-reid\reid-data\dukemtmc-reid\DukeMTMC-reID/bounding_box_test\0277_c2_f0102205.jpg,277,0.9253973960876465,,,,,,B,470,D:\deep-person-reid\reid-data\dukemtmc-reid\DukeMTMC-reID/query\0276_c2_f0102199.jpg,276,,False,False,,
D:\deep-person-reid\reid-data\dukemtmc-reid\DukeMTMC-reID/bounding_box_test\0492_c1_f0128281.jpg,492,0.8627200126647949,,,,,,B,471,D:\deep-person-reid\reid-data\dukemtmc-reid\DukeMTMC-reID/query\0277_c1_f0097700.jpg,277,,False,False,,
D:\deep-person-reid\reid-data\dukemtmc-reid\DukeMTMC-reID/bounding_box_test\0276_c2_f0102079.jpg,276,0.842621386051178,,,,,,C,472,D:\deep-person-reid\reid-data\dukemtmc-reid\DukeMTMC-reID/query\0277_c2_f0102325.jpg,277,,False,True,,
D:\deep-person-reid\reid-data\dukemtmc-reid\DukeMTMC-reID/bounding_box_test\1699_c4_f0107006.jpg,1699,0.8567888140678406,,,,,,B,476,D:\deep-person-reid\reid-data\dukemtmc-reid\DukeMTMC-reID/query\0279_c4_f0068009.jpg,279,,False,False,,
D:\deep-person-reid\reid-data\dukemtmc-reid\DukeMTMC-reID/bounding_box_test\0416_c1_f0119545.jpg,416,0.8584944605827332,,,,,,B,477,D:\deep-person-reid\reid-data\dukemtmc-reid\DukeMTMC-reID/query\0285_c1_f0098981.jpg,285,,False,False,,
D:\deep-person-reid\reid-data\dukemtmc-reid\DukeMTMC-reID/bounding_box_test\0849_c2_f0218513.jpg,849,0.8205792903900146,,,,,,B,478,D:\deep-person-reid\reid-data\dukemtmc-reid\DukeMTMC-reID/query\0285_c2_f0103976.jpg,285,,False,False,,
D:\deep-person-reid\reid-data\dukemtmc-reid\DukeMTMC-reID/bounding_box_test\1750_c3_f0118988.jpg,1750,0.8269041180610657,,,,,,B,479,D:\deep-person-reid\reid-data\dukemtmc-reid\DukeMTMC-reID/query\0285_c3_f0080867.jpg,285,,False,False,,
D:\deep-person-reid\reid-data\dukemtmc-reid\DukeMTMC-reID/bounding_box_test\0580_c4_f0133600.jpg,580,0.8004577159881592,,,,,,B,480,D:\deep-person-reid\reid-data\dukemtmc-reid\DukeMTMC-reID/query\0285_c4_f0078951.jpg,285,,False,False,,
D:\deep-person-reid\reid-data\dukemtmc-reid\DukeMTMC-reID/bounding_box_test\0434_c1_f0119663.jpg,434,0.8779408931732178,,,,,,B,481,D:\deep-person-reid\reid-data\dukemtmc-reid\DukeMTMC-reID/query\0287_c1_f0098841.jpg,287,,False,False,,
D:\deep-person-reid\reid-data\dukemtmc-reid\DukeMTMC-reID/bounding_box_test\0468_c2_f0125079.jpg,468,0.8699265122413635,,,,,,B,482,D:\deep-person-reid\reid-data\dukemtmc-reid\DukeMTMC-reID/query\0287_c2_f0098655.jpg,287,,False,False,,
D:\deep-person-reid\reid-data\dukemtmc-reid\DukeMTMC-reID/bounding_box_test\2942_c5_f0069299.jpg,2942,0.8903957009315491,,,,,,B,483,D:\deep-person-reid\reid-data\dukemtmc-reid\DukeMTMC-reID/query\0287_c5_f0101162.jpg,287,,False,False,,
D:\deep-person-reid\reid-data\dukemtmc-reid\DukeMTMC-reID/bounding_box_test\0194_c6_f0077049.jpg,194,0.8654334545135498,,,,,,B,484,D:\deep-person-reid\reid-data\dukemtmc-reid\DukeMTMC-reID/query\0287_c6_f0077054.jpg,287,,False,False,,
D:\deep-person-reid\reid-data\dukemtmc-reid\DukeMTMC-reID/bounding_box_test\0806_c1_f0204375.jpg,806,0.8720650672912598,,,,,,B,485,D:\deep-person-reid\reid-data\dukemtmc-reid\DukeMTMC-reID/query\0288_c1_f0098523.jpg,288,,False,False,,
D:\deep-person-reid\reid-data\dukemtmc-reid\DukeMTMC-reID/bounding_box_test\0371_c2_f0114204.jpg,371,0.738196611404419,,,,,,B,486,D:\deep-person-reid\reid-data\dukemtmc-reid\DukeMTMC-reID/query\0288_c2_f0103740.jpg,288,,False,False,,
D:\deep-person-reid\reid-data\dukemtmc-reid\DukeMTMC-reID/bounding_box_test\0371_c3_f0091768.jpg,371,0.7637823224067688,,,,,,B,487,D:\deep-person-reid\reid-data\dukemtmc-reid\DukeMTMC-reID/query\0288_c3_f0081448.jpg,288,,False,False,,
D:\deep-person-reid\reid-data\dukemtmc-reid\DukeMTMC-reID/bounding_box_test\0240_c4_f0064890.jpg,240,0.8589931130409241,,,,,,B,488,D:\deep-person-reid\reid-data\dukemtmc-reid\DukeMTMC-reID/query\0288_c4_f0078876.jpg,288,,False,False,,
D:\deep-person-reid\reid-data\dukemtmc-reid\DukeMTMC-reID/bounding_box_test\0468_c2_f0125079.jpg,468,0.8623801469802856,,,,,,C,490,D:\deep-person-reid\reid-data\dukemtmc-reid\DukeMTMC-reID/query\0292_c2_f0103900.jpg,292,,False,True,,
D:\deep-person-reid\reid-data\dukemtmc-reid\DukeMTMC-reID/bounding_box_test\0468_c6_f0103963.jpg,468,0.8110084533691406,,,,,,B,492,D:\deep-person-reid\reid-data\dukemtmc-reid\DukeMTMC-reID/query\0292_c6_f0087135.jpg,292,,False,False,,
D:\deep-person-reid\reid-data\dukemtmc-reid\DukeMTMC-reID/bounding_box_test\0288_c2_f0103500.jpg,288,0.823803186416626,D:\deep-person-reid\reid-data\dukemtmc-reid\DukeMTMC-reID/bounding_box_test\0293_c1_f0099782.jpg,1,2,0.8229612708091736,-1.0,E,494,D:\deep-person-reid\reid-data\dukemtmc-reid\DukeMTMC-reID/query\0293_c2_f0103564.jpg,293,True,True,True,-0.0008419156074523926,-0.5
D:\deep-person-reid\reid-data\dukemtmc-reid\DukeMTMC-reID/bounding_box_test\2768_c3_f0177793.jpg,2768,0.8438619375228882,,,,,,C,495,D:\deep-person-reid\reid-data\dukemtmc-reid\DukeMTMC-reID/query\0293_c3_f0080926.jpg,293,,False,True,,
D:\deep-person-reid\reid-data\dukemtmc-reid\DukeMTMC-reID/bounding_box_test\1724_c4_f0105499.jpg,1724,0.8106874823570251,,,,,,C,496,D:\deep-person-reid\reid-data\dukemtmc-reid\DukeMTMC-reID/query\0293_c4_f0079099.jpg,293,,False,True,,
D:\deep-person-reid\reid-data\dukemtmc-reid\DukeMTMC-reID/bounding_box_test\0533_c1_f0136187.jpg,533,0.9327759146690369,,,,,,B,497,D:\deep-person-reid\reid-data\dukemtmc-reid\DukeMTMC-reID/query\0294_c1_f0099831.jpg,294,,False,False,,
D:\deep-person-reid\reid-data\dukemtmc-reid\DukeMTMC-reID/bounding_box_test\0078_c2_f0065263.jpg,78,0.7830305695533752,,,,,,B,498,D:\deep-person-reid\reid-data\dukemtmc-reid\DukeMTMC-reID/query\0294_c2_f0099625.jpg,294,,False,False,,
D:\deep-person-reid\reid-data\dukemtmc-reid\DukeMTMC-reID/bounding_box_test\4246_c7_f0073468.jpg,4246,0.8268647193908691,,,,,,B,499,D:\deep-person-reid\reid-data\dukemtmc-reid\DukeMTMC-reID/query\0294_c3_f0074168.jpg,294,,False,False,,
D:\deep-person-reid\reid-data\dukemtmc-reid\DukeMTMC-reID/bounding_box_test\0571_c5_f0161148.jpg,571,0.750625729560852,,,,,,B,500,D:\deep-person-reid\reid-data\dukemtmc-reid\DukeMTMC-reID/query\0294_c4_f0069252.jpg,294,,False,False,,
D:\deep-person-reid\reid-data\dukemtmc-reid\DukeMTMC-reID/bounding_box_test\4582_c6_f0136422.jpg,4582,0.7831608653068542,,,,,,B,501,D:\deep-person-reid\reid-data\dukemtmc-reid\DukeMTMC-reID/query\0295_c1_f0099259.jpg,295,,False,False,,
D:\deep-person-reid\reid-data\dukemtmc-reid\DukeMTMC-reID/bounding_box_test\3649_c5_f0163706.jpg,3649,0.7716044187545776,,,,,,C,503,D:\deep-person-reid\reid-data\dukemtmc-reid\DukeMTMC-reID/query\0295_c5_f0101591.jpg,295,,False,True,,
D:\deep-person-reid\reid-data\dukemtmc-reid\DukeMTMC-reID/bounding_box_test\0109_c1_f0071558.jpg,109,0.8030335903167725,,,,,,B,505,D:\deep-person-reid\reid-data\dukemtmc-reid\DukeMTMC-reID/query\0298_c1_f0100461.jpg,298,,False,False,,
D:\deep-person-reid\reid-data\dukemtmc-reid\DukeMTMC-reID/bounding_box_test\1601_c2_f0114879.jpg,1601,0.8480768203735352,,,,,,C,506,D:\deep-person-reid\reid-data\dukemtmc-reid\DukeMTMC-reID/query\0298_c2_f0099946.jpg,298,,False,True,,
D:\deep-person-reid\reid-data\dukemtmc-reid\DukeMTMC-reID/bounding_box_test\0400_c1_f0113191.jpg,400,0.8346956968307495,,,,,,B,507,D:\deep-person-reid\reid-data\dukemtmc-reid\DukeMTMC-reID/query\0299_c1_f0100255.jpg,299,,False,False,,
D:\deep-person-reid\reid-data\dukemtmc-reid\DukeMTMC-reID/bounding_box_test\4121_c8_f0026435.jpg,4121,0.8314732313156128,,,,,,B,508,D:\deep-person-reid\reid-data\dukemtmc-reid\DukeMTMC-reID/query\0299_c8_f0056506.jpg,299,,False,False,,
D:\deep-person-reid\reid-data\dukemtmc-reid\DukeMTMC-reID/bounding_box_test\0794_c1_f0200562.jpg,794,0.8762191534042358,,,,,,B,509,D:\deep-person-reid\reid-data\dukemtmc-reid\DukeMTMC-reID/query\0300_c1_f0100380.jpg,300,,False,False,,
D:\deep-person-reid\reid-data\dukemtmc-reid\DukeMTMC-reID/bounding_box_test\0266_c2_f0096506.jpg,266,0.8638210296630859,D:\deep-person-reid\reid-data\dukemtmc-reid\DukeMTMC-reID/bounding_box_test\0300_c6_f0089582.jpg,2,2,0.8609917163848877,1.0,F,510,D:\deep-person-reid\reid-data\dukemtmc-reid\DukeMTMC-reID/query\0300_c2_f0104587.jpg,300,False,True,True,-0.002829313278198242,1.0
D:\deep-person-reid\reid-data\dukemtmc-reid\DukeMTMC-reID/bounding_box_test\0266_c2_f0096506.jpg,266,0.8671988844871521,,,,,,C,512,D:\deep-person-reid\reid-data\dukemtmc-reid\DukeMTMC-reID/query\0300_c6_f0088982.jpg,300,,False,True,,
D:\deep-person-reid\reid-data\dukemtmc-reid\DukeMTMC-reID/bounding_box_test\0427_c4_f0097739.jpg,427,0.7796411514282227,,,,,,C,515,D:\deep-person-reid\reid-data\dukemtmc-reid\DukeMTMC-reID/query\0301_c8_f0056904.jpg,301,,False,True,,
D:\deep-person-reid\reid-data\dukemtmc-reid\DukeMTMC-reID/bounding_box_test\0508_c1_f0130733.jpg,508,0.8663555979728699,,,,,,B,518,D:\deep-person-reid\reid-data\dukemtmc-reid\DukeMTMC-reID/query\0303_c1_f0100165.jpg,303,,False,False,,
D:\deep-person-reid\reid-data\dukemtmc-reid\DukeMTMC-reID/bounding_box_test\0752_c2_f0192278.jpg,752,0.8329018354415894,,,,,,C,519,D:\deep-person-reid\reid-data\dukemtmc-reid\DukeMTMC-reID/query\0303_c2_f0105145.jpg,303,,False,True,,
D:\deep-person-reid\reid-data\dukemtmc-reid\DukeMTMC-reID/bounding_box_test\0047_c3_f0041394.jpg,47,0.8459302186965942,,,,,,C,520,D:\deep-person-reid\reid-data\dukemtmc-reid\DukeMTMC-reID/query\0303_c3_f0082101.jpg,303,,False,True,,
D:\deep-person-reid\reid-data\dukemtmc-reid\DukeMTMC-reID/bounding_box_test\0752_c4_f0166091.jpg,752,0.8078190088272095,,,,,,B,521,D:\deep-person-reid\reid-data\dukemtmc-reid\DukeMTMC-reID/query\0303_c4_f0079885.jpg,303,,False,False,,
D:\deep-person-reid\reid-data\dukemtmc-reid\DukeMTMC-reID/bounding_box_test\0127_c1_f0076196.jpg,127,0.9166333675384521,,,,,,B,522,D:\deep-person-reid\reid-data\dukemtmc-reid\DukeMTMC-reID/query\0304_c1_f0100891.jpg,304,,False,False,,
D:\deep-person-reid\reid-data\dukemtmc-reid\DukeMTMC-reID/bounding_box_test\0285_c2_f0103496.jpg,285,0.8265219926834106,,,,,,C,523,D:\deep-person-reid\reid-data\dukemtmc-reid\DukeMTMC-reID/query\0304_c2_f0100115.jpg,304,,False,True,,
D:\deep-person-reid\reid-data\dukemtmc-reid\DukeMTMC-reID/bounding_box_test\0027_c3_f0029922.jpg,27,0.8596107363700867,,,,,,B,524,D:\deep-person-reid\reid-data\dukemtmc-reid\DukeMTMC-reID/query\0304_c3_f0075882.jpg,304,,False,False,,
D:\deep-person-reid\reid-data\dukemtmc-reid\DukeMTMC-reID/bounding_box_test\1518_c4_f0072024.jpg,1518,0.8478602766990662,,,,,,B,525,D:\deep-person-reid\reid-data\dukemtmc-reid\DukeMTMC-reID/query\0304_c4_f0069917.jpg,304,,False,False,,
D:\deep-person-reid\reid-data\dukemtmc-reid\DukeMTMC-reID/bounding_box_test\0353_c1_f0107208.jpg,353,0.7621690034866333,,,,,,C,526,D:\deep-person-reid\reid-data\dukemtmc-reid\DukeMTMC-reID/query\0305_c1_f0100816.jpg,305,,False,True,,
D:\deep-person-reid\reid-data\dukemtmc-reid\DukeMTMC-reID/bounding_box_test\0275_c1_f0097530.jpg,275,0.8580087423324585,,,,,,B,534,D:\deep-person-reid\reid-data\dukemtmc-reid\DukeMTMC-reID/query\0313_c1_f0102711.jpg,313,,False,False,,
D:\deep-person-reid\reid-data\dukemtmc-reid\DukeMTMC-reID/bounding_box_test\1762_c2_f0150021.jpg,1762,0.7671964168548584,,,,,,B,535,D:\deep-person-reid\reid-data\dukemtmc-reid\DukeMTMC-reID/query\0313_c2_f0107591.jpg,313,,False,False,,
D:\deep-person-reid\reid-data\dukemtmc-reid\DukeMTMC-reID/bounding_box_test\1487_c2_f0099448.jpg,1487,0.8276726007461548,,,,,,B,537,D:\deep-person-reid\reid-data\dukemtmc-reid\DukeMTMC-reID/query\0314_c2_f0102624.jpg,314,,False,False,,
D:\deep-person-reid\reid-data\dukemtmc-reid\DukeMTMC-reID/bounding_box_test\6340_c8_f0070765.jpg,6340,0.7881253957748413,,,,,,C,538,D:\deep-person-reid\reid-data\dukemtmc-reid\DukeMTMC-reID/query\0314_c3_f0078200.jpg,314,,False,True,,
D:\deep-person-reid\reid-data\dukemtmc-reid\DukeMTMC-reID/bounding_box_test\0601_c4_f0137443.jpg,601,0.8132143020629883,,,,,,B,539,D:\deep-person-reid\reid-data\dukemtmc-reid\DukeMTMC-reID/query\0314_c4_f0072449.jpg,314,,False,False,,
D:\deep-person-reid\reid-data\dukemtmc-reid\DukeMTMC-reID/bounding_box_test\0644_c2_f0168026.jpg,644,0.8489242792129517,,,,,,B,541,D:\deep-person-reid\reid-data\dukemtmc-reid\DukeMTMC-reID/query\0315_c2_f0107077.jpg,315,,False,False,,
D:\deep-person-reid\reid-data\dukemtmc-reid\DukeMTMC-reID/bounding_box_test\4452_c6_f0099693.jpg,4452,0.8325355052947998,,,,,,B,543,D:\deep-person-reid\reid-data\dukemtmc-reid\DukeMTMC-reID/query\0315_c7_f0093938.jpg,315,,False,False,,
D:\deep-person-reid\reid-data\dukemtmc-reid\DukeMTMC-reID/bounding_box_test\0738_c1_f0185910.jpg,738,0.9072295427322388,,,,,,B,544,D:\deep-person-reid\reid-data\dukemtmc-reid\DukeMTMC-reID/query\0316_c1_f0102986.jpg,316,,False,False,,
D:\deep-person-reid\reid-data\dukemtmc-reid\DukeMTMC-reID/bounding_box_test\0072_c6_f0042781.jpg,72,0.8630428314208984,,,,,,B,547,D:\deep-person-reid\reid-data\dukemtmc-reid\DukeMTMC-reID/query\0316_c6_f0081597.jpg,316,,False,False,,
D:\deep-person-reid\reid-data\dukemtmc-reid\DukeMTMC-reID/bounding_box_test\0461_c1_f0124343.jpg,461,0.9463201761245728,,,,,,B,548,D:\deep-person-reid\reid-data\dukemtmc-reid\DukeMTMC-reID/query\0321_c1_f0104596.jpg,321,,False,False,,
D:\deep-person-reid\reid-data\dukemtmc-reid\DukeMTMC-reID/bounding_box_test\0788_c2_f0200213.jpg,788,0.7802473902702332,,,,,,B,549,D:\deep-person-reid\reid-data\dukemtmc-reid\DukeMTMC-reID/query\0321_c2_f0104133.jpg,321,,False,False,,
D:\deep-person-reid\reid-data\dukemtmc-reid\DukeMTMC-reID/bounding_box_test\4174_c8_f0036233.jpg,4174,0.7839422225952148,,,,,,B,550,D:\deep-person-reid\reid-data\dukemtmc-reid\DukeMTMC-reID/query\0321_c3_f0079633.jpg,321,,False,False,,
D:\deep-person-reid\reid-data\dukemtmc-reid\DukeMTMC-reID/bounding_box_test\0170_c4_f0064684.jpg,170,0.823905885219574,,,,,,B,551,D:\deep-person-reid\reid-data\dukemtmc-reid\DukeMTMC-reID/query\0321_c4_f0073930.jpg,321,,False,False,,
D:\deep-person-reid\reid-data\dukemtmc-reid\DukeMTMC-reID/bounding_box_test\0807_c1_f0101861.jpg,807,0.9321435689926147,,,,,,B,552,D:\deep-person-reid\reid-data\dukemtmc-reid\DukeMTMC-reID/query\0323_c1_f0105515.jpg,323,,False,False,,
D:\deep-person-reid\reid-data\dukemtmc-reid\DukeMTMC-reID/bounding_box_test\0321_c1_f0104956.jpg,321,0.7904359102249146,,,,,,C,556,D:\deep-person-reid\reid-data\dukemtmc-reid\DukeMTMC-reID/query\0324_c1_f0105390.jpg,324,,False,True,,
D:\deep-person-reid\reid-data\dukemtmc-reid\DukeMTMC-reID/bounding_box_test\0239_c1_f0094693.jpg,239,0.8801969289779663,,,,,,C,560,D:\deep-person-reid\reid-data\dukemtmc-reid\DukeMTMC-reID/query\0329_c1_f0105247.jpg,329,,False,True,,
D:\deep-person-reid\reid-data\dukemtmc-reid\DukeMTMC-reID/bounding_box_test\0828_c6_f0190150.jpg,828,0.8658334016799927,,,,,,C,562,D:\deep-person-reid\reid-data\dukemtmc-reid\DukeMTMC-reID/query\0329_c6_f0083388.jpg,329,,False,True,,
D:\deep-person-reid\reid-data\dukemtmc-reid\DukeMTMC-reID/bounding_box_test\4473_c7_f0105847.jpg,4473,0.893875241279602,,,,,,C,563,D:\deep-person-reid\reid-data\dukemtmc-reid\DukeMTMC-reID/query\0329_c7_f0087823.jpg,329,,False,True,,
D:\deep-person-reid\reid-data\dukemtmc-reid\DukeMTMC-reID/bounding_box_test\0594_c1_f0155692.jpg,594,0.9100615978240967,,,,,,B,564,D:\deep-person-reid\reid-data\dukemtmc-reid\DukeMTMC-reID/query\0332_c1_f0105510.jpg,332,,False,False,,
D:\deep-person-reid\reid-data\dukemtmc-reid\DukeMTMC-reID/bounding_box_test\0254_c2_f0101022.jpg,254,0.7761126756668091,,,,,,B,565,D:\deep-person-reid\reid-data\dukemtmc-reid\DukeMTMC-reID/query\0332_c2_f0110000.jpg,332,,False,False,,
D:\deep-person-reid\reid-data\dukemtmc-reid\DukeMTMC-reID/bounding_box_test\0459_c1_f0124783.jpg,459,0.9213428497314453,,,,,,C,568,D:\deep-person-reid\reid-data\dukemtmc-reid\DukeMTMC-reID/query\0334_c1_f0105618.jpg,334,,False,True,,
D:\deep-person-reid\reid-data\dukemtmc-reid\DukeMTMC-reID/bounding_box_test\0459_c8_f0080309.jpg,459,0.8791302442550659,D:\deep-person-reid\reid-data\dukemtmc-reid\DukeMTMC-reID/bounding_box_test\0334_c5_f0114763.jpg,13,2,0.8758114576339722,1.0,F,569,D:\deep-person-reid\reid-data\dukemtmc-reid\DukeMTMC-reID/query\0334_c2_f0109556.jpg,334,False,True,True,-0.00331878662109375,-1.0
D:\deep-person-reid\reid-data\dukemtmc-reid\DukeMTMC-reID/bounding_box_test\0459_c8_f0080309.jpg,459,0.8900294899940491,D:\deep-person-reid\reid-data\dukemtmc-reid\DukeMTMC-reID/bounding_box_test\0334_c1_f0106098.jpg,2,2,0.8745324611663818,1.0,F,570,D:\deep-person-reid\reid-data\dukemtmc-reid\DukeMTMC-reID/query\0334_c5_f0117157.jpg,334,False,True,True,-0.015497028827667236,1.0
D:\deep-person-reid\reid-data\dukemtmc-reid\DukeMTMC-reID/bounding_box_test\0459_c7_f0106569.jpg,459,0.9011404514312744,,,,,,B,571,D:\deep-person-reid\reid-data\dukemtmc-reid\DukeMTMC-reID/query\0334_c7_f0101819.jpg,334,,False,False,,
D:\deep-person-reid\reid-data\dukemtmc-reid\DukeMTMC-reID/bounding_box_test\0034_c1_f0057396.jpg,34,0.899408221244812,,,,,,B,572,D:\deep-person-reid\reid-data\dukemtmc-reid\DukeMTMC-reID/query\0337_c1_f0106499.jpg,337,,False,False,,
D:\deep-person-reid\reid-data\dukemtmc-reid\DukeMTMC-reID/bounding_box_test\3618_c6_f0127417.jpg,3618,0.8093974590301514,D:\deep-person-reid\reid-data\dukemtmc-reid\DukeMTMC-reID/bounding_box_test\0337_c1_f0106259.jpg,1,7,0.7900593280792236,-1.0,E,573,D:\deep-person-reid\reid-data\dukemtmc-reid\DukeMTMC-reID/query\0337_c2_f0110519.jpg,337,True,True,True,-0.019338130950927734,1.0
D:\deep-person-reid\reid-data\dukemtmc-reid\DukeMTMC-reID/bounding_box_test\0321_c1_f0105196.jpg,321,0.9453564882278442,,,,,,B,574,D:\deep-person-reid\reid-data\dukemtmc-reid\DukeMTMC-reID/query\0340_c1_f0106839.jpg,340,,False,False,,
D:\deep-person-reid\reid-data\dukemtmc-reid\DukeMTMC-reID/bounding_box_test\0460_c8_f0081296.jpg,460,0.7515720725059509,D:\deep-person-reid\reid-data\dukemtmc-reid\DukeMTMC-reID/bounding_box_test\0340_c1_f0106239.jpg,2,2,0.7455718517303467,1.0,F,575,D:\deep-person-reid\reid-data\dukemtmc-reid\DukeMTMC-reID/query\0340_c8_f0062658.jpg,340,False,True,True,-0.006000220775604248,1.0
D:\deep-person-reid\reid-data\dukemtmc-reid\DukeMTMC-reID/bounding_box_test\0346_c1_f0106289.jpg,346,0.9050794839859009,,,,,,B,576,D:\deep-person-reid\reid-data\dukemtmc-reid\DukeMTMC-reID/query\0341_c1_f0106021.jpg,341,,False,False,,
D:\deep-person-reid\reid-data\dukemtmc-reid\DukeMTMC-reID/bounding_box_test\0342_c2_f0106195.jpg,342,0.8932998180389404,,,,,,C,577,D:\deep-person-reid\reid-data\dukemtmc-reid\DukeMTMC-reID/query\0341_c2_f0106197.jpg,341,,False,True,,
D:\deep-person-reid\reid-data\dukemtmc-reid\DukeMTMC-reID/bounding_box_test\0342_c3_f0081502.jpg,342,0.8406996130943298,,,,,,C,578,D:\deep-person-reid\reid-data\dukemtmc-reid\DukeMTMC-reID/query\0341_c3_f0081495.jpg,341,,False,True,,
D:\deep-person-reid\reid-data\dukemtmc-reid\DukeMTMC-reID/bounding_box_test\1518_c4_f0072384.jpg,1518,0.8102411031723022,,,,,,B,579,D:\deep-person-reid\reid-data\dukemtmc-reid\DukeMTMC-reID/query\0341_c4_f0076026.jpg,341,,False,False,,
D:\deep-person-reid\reid-data\dukemtmc-reid\DukeMTMC-reID/bounding_box_test\0244_c1_f0096045.jpg,244,0.9450366497039795,,,,,,B,580,D:\deep-person-reid\reid-data\dukemtmc-reid\DukeMTMC-reID/query\0342_c1_f0106637.jpg,342,,False,False,,
D:\deep-person-reid\reid-data\dukemtmc-reid\DukeMTMC-reID/bounding_box_test\0341_c2_f0106677.jpg,341,0.8694353699684143,,,,,,B,581,D:\deep-person-reid\reid-data\dukemtmc-reid\DukeMTMC-reID/query\0342_c2_f0106675.jpg,342,,False,False,,
D:\deep-person-reid\reid-data\dukemtmc-reid\DukeMTMC-reID/bounding_box_test\0341_c3_f0081615.jpg,341,0.8058162331581116,,,,,,B,582,D:\deep-person-reid\reid-data\dukemtmc-reid\DukeMTMC-reID/query\0342_c3_f0081622.jpg,342,,False,False,,
D:\deep-person-reid\reid-data\dukemtmc-reid\DukeMTMC-reID/bounding_box_test\1297_c4_f0044022.jpg,1297,0.8146976232528687,,,,,,B,583,D:\deep-person-reid\reid-data\dukemtmc-reid\DukeMTMC-reID/query\0342_c4_f0076032.jpg,342,,False,False,,
D:\deep-person-reid\reid-data\dukemtmc-reid\DukeMTMC-reID/bounding_box_test\0187_c1_f0087270.jpg,187,0.8954818248748779,,,,,,B,584,D:\deep-person-reid\reid-data\dukemtmc-reid\DukeMTMC-reID/query\0344_c1_f0107172.jpg,344,,False,False,,
D:\deep-person-reid\reid-data\dukemtmc-reid\DukeMTMC-reID/bounding_box_test\0311_c5_f0104485.jpg,311,0.7964990735054016,,,,,,B,586,D:\deep-person-reid\reid-data\dukemtmc-reid\DukeMTMC-reID/query\0344_c5_f0107267.jpg,344,,False,False,,
D:\deep-person-reid\reid-data\dukemtmc-reid\DukeMTMC-reID/bounding_box_test\0350_c1_f0107394.jpg,350,0.9321221113204956,,,,,,B,588,D:\deep-person-reid\reid-data\dukemtmc-reid\DukeMTMC-reID/query\0346_c1_f0106889.jpg,346,,False,False,,
D:\deep-person-reid\reid-data\dukemtmc-reid\DukeMTMC-reID/bounding_box_test\0262_c6_f0074442.jpg,262,0.8524913191795349,D:\deep-person-reid\reid-data\dukemtmc-reid\DukeMTMC-reID/bounding_box_test\0346_c7_f0088687.jpg,4,8,0.8373702168464661,-1.0,F,589,D:\deep-person-reid\reid-data\dukemtmc-reid\DukeMTMC-reID/query\0346_c6_f0083673.jpg,346,False,True,True,-0.015121102333068848,1.0
D:\deep-person-reid\reid-data\dukemtmc-reid\DukeMTMC-reID/bounding_box_test\0329_c7_f0087703.jpg,329,0.9146012663841248,,,,,,B,590,D:\deep-person-reid\reid-data\dukemtmc-reid\DukeMTMC-reID/query\0346_c7_f0088327.jpg,346,,False,False,,
D:\deep-person-reid\reid-data\dukemtmc-reid\DukeMTMC-reID/bounding_box_test\1901_c2_f0174041.jpg,1901,0.8108507394790649,D:\deep-person-reid\reid-data\dukemtmc-reid\DukeMTMC-reID/bounding_box_test\0347_c8_f0068984.jpg,6,3,0.8002827167510986,0.0,F,591,D:\deep-person-reid\reid-data\dukemtmc-reid\DukeMTMC-reID/query\0347_c1_f0106817.jpg,347,False,True,True,-0.010568022727966309,-1.0
D:\deep-person-reid\reid-data\dukemtmc-reid\DukeMTMC-reID/bounding_box_test\6115_c8_f0046744.jpg,6115,0.8091634511947632,,,,,,C,592,D:\deep-person-reid\reid-data\dukemtmc-reid\DukeMTMC-reID/query\0347_c8_f0068504.jpg,347,,False,True,,
D:\deep-person-reid\reid-data\dukemtmc-reid\DukeMTMC-reID/bounding_box_test\0470_c1_f0126383.jpg,470,0.9169057607650757,,,,,,B,593,D:\deep-person-reid\reid-data\dukemtmc-reid\DukeMTMC-reID/query\0350_c1_f0107514.jpg,350,,False,False,,
D:\deep-person-reid\reid-data\dukemtmc-reid\DukeMTMC-reID/bounding_box_test\0593_c8_f0110728.jpg,593,0.8383477330207825,,,,,,B,594,D:\deep-person-reid\reid-data\dukemtmc-reid\DukeMTMC-reID/query\0350_c8_f0063219.jpg,350,,False,False,,
D:\deep-person-reid\reid-data\dukemtmc-reid\DukeMTMC-reID/bounding_box_test\4713_c8_f0144506.jpg,4713,0.794243335723877,,,,,,B,595,D:\deep-person-reid\reid-data\dukemtmc-reid\DukeMTMC-reID/query\0351_c1_f0107171.jpg,351,,False,False,,
D:\deep-person-reid\reid-data\dukemtmc-reid\DukeMTMC-reID/bounding_box_test\5910_c8_f0018917.jpg,5910,0.7844461798667908,,,,,,B,596,D:\deep-person-reid\reid-data\dukemtmc-reid\DukeMTMC-reID/query\0351_c8_f0067780.jpg,351,,False,False,,
D:\deep-person-reid\reid-data\dukemtmc-reid\DukeMTMC-reID/bounding_box_test\0788_c1_f0199772.jpg,788,0.8168843984603882,,,,,,B,597,D:\deep-person-reid\reid-data\dukemtmc-reid\DukeMTMC-reID/query\0352_c1_f0106937.jpg,352,,False,False,,
D:\deep-person-reid\reid-data\dukemtmc-reid\DukeMTMC-reID/bounding_box_test\4727_c8_f0143128.jpg,4727,0.7851543426513672,,,,,,B,598,D:\deep-person-reid\reid-data\dukemtmc-reid\DukeMTMC-reID/query\0352_c8_f0063355.jpg,352,,False,False,,
D:\deep-person-reid\reid-data\dukemtmc-reid\DukeMTMC-reID/bounding_box_test\0056_c8_f0014303.jpg,56,0.8052269220352173,,,,,,C,600,D:\deep-person-reid\reid-data\dukemtmc-reid\DukeMTMC-reID/query\0353_c8_f0063582.jpg,353,,False,True,,
D:\deep-person-reid\reid-data\dukemtmc-reid\DukeMTMC-reID/bounding_box_test\0355_c1_f0107200.jpg,355,0.8812359571456909,,,,,,B,601,D:\deep-person-reid\reid-data\dukemtmc-reid\DukeMTMC-reID/query\0354_c1_f0107194.jpg,354,,False,False,,
D:\deep-person-reid\reid-data\dukemtmc-reid\DukeMTMC-reID/bounding_box_test\4257_c7_f0072530.jpg,4257,0.852310299873352,,,,,,C,605,D:\deep-person-reid\reid-data\dukemtmc-reid\DukeMTMC-reID/query\0354_c7_f0088099.jpg,354,,False,True,,
D:\deep-person-reid\reid-data\dukemtmc-reid\DukeMTMC-reID/bounding_box_test\0535_c1_f0137724.jpg,535,0.8170667886734009,,,,,,B,606,D:\deep-person-reid\reid-data\dukemtmc-reid\DukeMTMC-reID/query\0355_c1_f0107560.jpg,355,,False,False,,
D:\deep-person-reid\reid-data\dukemtmc-reid\DukeMTMC-reID/bounding_box_test\0781_c2_f0200247.jpg,781,0.7557414174079895,,,,,,B,607,D:\deep-person-reid\reid-data\dukemtmc-reid\DukeMTMC-reID/query\0355_c2_f0106676.jpg,355,,False,False,,
D:\deep-person-reid\reid-data\dukemtmc-reid\DukeMTMC-reID/bounding_box_test\0285_c3_f0081467.jpg,285,0.8034281730651855,,,,,,B,608,D:\deep-person-reid\reid-data\dukemtmc-reid\DukeMTMC-reID/query\0355_c3_f0081368.jpg,355,,False,False,,
D:\deep-person-reid\reid-data\dukemtmc-reid\DukeMTMC-reID/bounding_box_test\0341_c4_f0075786.jpg,341,0.8152086734771729,,,,,,B,609,D:\deep-person-reid\reid-data\dukemtmc-reid\DukeMTMC-reID/query\0355_c4_f0075697.jpg,355,,False,False,,
D:\deep-person-reid\reid-data\dukemtmc-reid\DukeMTMC-reID/bounding_box_test\0119_c1_f0073420.jpg,119,0.9177776575088501,,,,,,B,610,D:\deep-person-reid\reid-data\dukemtmc-reid\DukeMTMC-reID/query\0356_c1_f0107353.jpg,356,,False,False,,
D:\deep-person-reid\reid-data\dukemtmc-reid\DukeMTMC-reID/bounding_box_test\0303_c2_f0104905.jpg,303,0.7552767992019653,,,,,,B,611,D:\deep-person-reid\reid-data\dukemtmc-reid\DukeMTMC-reID/query\0356_c2_f0107912.jpg,356,,False,False,,
D:\deep-person-reid\reid-data\dukemtmc-reid\DukeMTMC-reID/bounding_box_test\0288_c3_f0081328.jpg,288,0.7982555627822876,,,,,,C,612,D:\deep-person-reid\reid-data\dukemtmc-reid\DukeMTMC-reID/query\0356_c3_f0082818.jpg,356,,False,True,,
D:\deep-person-reid\reid-data\dukemtmc-reid\DukeMTMC-reID/bounding_box_test\0039_c4_f0038109.jpg,39,0.8109309673309326,,,,,,B,613,D:\deep-person-reid\reid-data\dukemtmc-reid\DukeMTMC-reID/query\0356_c4_f0077087.jpg,356,,False,False,,
D:\deep-person-reid\reid-data\dukemtmc-reid\DukeMTMC-reID/bounding_box_test\0354_c1_f0107794.jpg,354,0.8987327814102173,,,,,,B,614,D:\deep-person-reid\reid-data\dukemtmc-reid\DukeMTMC-reID/query\0358_c1_f0107737.jpg,358,,False,False,,
D:\deep-person-reid\reid-data\dukemtmc-reid\DukeMTMC-reID/bounding_box_test\0386_c2_f0111806.jpg,386,0.786383867263794,,,,,,B,615,D:\deep-person-reid\reid-data\dukemtmc-reid\DukeMTMC-reID/query\0358_c2_f0111905.jpg,358,,False,False,,
D:\deep-person-reid\reid-data\dukemtmc-reid\DukeMTMC-reID/bounding_box_test\0128_c3_f0057622.jpg,128,0.8273293972015381,,,,,,B,616,D:\deep-person-reid\reid-data\dukemtmc-reid\DukeMTMC-reID/query\0358_c3_f0089507.jpg,358,,False,False,,
D:\deep-person-reid\reid-data\dukemtmc-reid\DukeMTMC-reID/bounding_box_test\0187_c4_f0066699.jpg,187,0.8649577498435974,,,,,,B,617,D:\deep-person-reid\reid-data\dukemtmc-reid\DukeMTMC-reID/query\0358_c4_f0087432.jpg,358,,False,False,,
D:\deep-person-reid\reid-data\dukemtmc-reid\DukeMTMC-reID/bounding_box_test\0254_c1_f0096587.jpg,254,0.8104037046432495,,,,,,C,618,D:\deep-person-reid\reid-data\dukemtmc-reid\DukeMTMC-reID/query\0359_c1_f0108020.jpg,359,,False,True,,
D:\deep-person-reid\reid-data\dukemtmc-reid\DukeMTMC-reID/bounding_box_test\0738_c6_f0155908.jpg,738,0.8210909366607666,,,,,,B,621,D:\deep-person-reid\reid-data\dukemtmc-reid\DukeMTMC-reID/query\0359_c6_f0085905.jpg,359,,False,False,,
D:\deep-person-reid\reid-data\dukemtmc-reid\DukeMTMC-reID/bounding_box_test\0127_c1_f0075716.jpg,127,0.7993068695068359,D:\deep-person-reid\reid-data\dukemtmc-reid\DukeMTMC-reID/bounding_box_test\0360_c5_f0110776.jpg,3,2,0.7907801866531372,1.0,F,622,D:\deep-person-reid\reid-data\dukemtmc-reid\DukeMTMC-reID/query\0360_c1_f0108265.jpg,360,False,True,True,-0.00852668285369873,0.0
D:\deep-person-reid\reid-data\dukemtmc-reid\DukeMTMC-reID/bounding_box_test\0361_c2_f0108131.jpg,361,0.83234041929245,,,,,,C,623,D:\deep-person-reid\reid-data\dukemtmc-reid\DukeMTMC-reID/query\0360_c2_f0108020.jpg,360,,False,True,,
D:\deep-person-reid\reid-data\dukemtmc-reid\DukeMTMC-reID/bounding_box_test\0361_c2_f0108251.jpg,361,0.8007311820983887,D:\deep-person-reid\reid-data\dukemtmc-reid\DukeMTMC-reID/bounding_box_test\0360_c2_f0108500.jpg,2,2,0.7969967126846313,1.0,F,624,D:\deep-person-reid\reid-data\dukemtmc-reid\DukeMTMC-reID/query\0360_c5_f0111016.jpg,360,False,True,True,-0.0037344694137573242,1.0
D:\deep-person-reid\reid-data\dukemtmc-reid\DukeMTMC-reID/bounding_box_test\4372_c6_f0086405.jpg,4372,0.9232099056243896,,,,,,B,625,D:\deep-person-reid\reid-data\dukemtmc-reid\DukeMTMC-reID/query\0360_c6_f0086405.jpg,360,,False,False,,
D:\deep-person-reid\reid-data\dukemtmc-reid\DukeMTMC-reID/bounding_box_test\0553_c1_f0146368.jpg,553,0.872430682182312,,,,,,B,626,D:\deep-person-reid\reid-data\dukemtmc-reid\DukeMTMC-reID/query\0361_c1_f0108879.jpg,361,,False,False,,
D:\deep-person-reid\reid-data\dukemtmc-reid\DukeMTMC-reID/bounding_box_test\0360_c2_f0108380.jpg,360,0.8662335872650146,D:\deep-person-reid\reid-data\dukemtmc-reid\DukeMTMC-reID/bounding_box_test\0361_c5_f0110425.jpg,2,2,0.8508103489875793,0.5,F,627,D:\deep-person-reid\reid-data\dukemtmc-reid\DukeMTMC-reID/query\0361_c2_f0108491.jpg,361,False,True,True,-0.015423238277435303,0.0
D:\deep-person-reid\reid-data\dukemtmc-reid\DukeMTMC-reID/bounding_box_test\1382_c2_f0086675.jpg,1382,0.863641619682312,,,,,,B,629,D:\deep-person-reid\reid-data\dukemtmc-reid\DukeMTMC-reID/query\0361_c6_f0086861.jpg,361,,False,False,,
D:\deep-person-reid\reid-data\dukemtmc-reid\DukeMTMC-reID/bounding_box_test\0364_c1_f0109254.jpg,364,0.8141843676567078,,,,,,C,630,D:\deep-person-reid\reid-data\dukemtmc-reid\DukeMTMC-reID/query\0363_c1_f0109091.jpg,363,,False,True,,
D:\deep-person-reid\reid-data\dukemtmc-reid\DukeMTMC-reID/bounding_box_test\0240_c3_f0070065.jpg,240,0.8099474906921387,,,,,,B,632,D:\deep-person-reid\reid-data\dukemtmc-reid\DukeMTMC-reID/query\0363_c3_f0090302.jpg,363,,False,False,,
D:\deep-person-reid\reid-data\dukemtmc-reid\DukeMTMC-reID/bounding_box_test\0508_c4_f0110163.jpg,508,0.8484078049659729,,,,,,B,633,D:\deep-person-reid\reid-data\dukemtmc-reid\DukeMTMC-reID/query\0363_c4_f0087731.jpg,363,,False,False,,
D:\deep-person-reid\reid-data\dukemtmc-reid\DukeMTMC-reID/bounding_box_test\0363_c1_f0108851.jpg,363,0.8831667900085449,,,,,,B,634,D:\deep-person-reid\reid-data\dukemtmc-reid\DukeMTMC-reID/query\0364_c1_f0109014.jpg,364,,False,False,,
D:\deep-person-reid\reid-data\dukemtmc-reid\DukeMTMC-reID/bounding_box_test\0268_c4_f0067013.jpg,268,0.7725760340690613,,,,,,B,635,D:\deep-person-reid\reid-data\dukemtmc-reid\DukeMTMC-reID/query\0364_c8_f0070718.jpg,364,,False,False,,
D:\deep-person-reid\reid-data\dukemtmc-reid\DukeMTMC-reID/bounding_box_test\0686_c1_f0171764.jpg,686,0.8057357668876648,,,,,,B,636,D:\deep-person-reid\reid-data\dukemtmc-reid\DukeMTMC-reID/query\0367_c1_f0109491.jpg,367,,False,False,,
D:\deep-person-reid\reid-data\dukemtmc-reid\DukeMTMC-reID/bounding_box_test\0686_c2_f0176079.jpg,686,0.784860372543335,,,,,,C,637,D:\deep-person-reid\reid-data\dukemtmc-reid\DukeMTMC-reID/query\0367_c2_f0109633.jpg,367,,False,True,,
D:\deep-person-reid\reid-data\dukemtmc-reid\DukeMTMC-reID/bounding_box_test\0321_c3_f0079993.jpg,321,0.8540703058242798,,,,,,B,638,D:\deep-person-reid\reid-data\dukemtmc-reid\DukeMTMC-reID/query\0367_c3_f0084233.jpg,367,,False,False,,
D:\deep-person-reid\reid-data\dukemtmc-reid\DukeMTMC-reID/bounding_box_test\0143_c4_f0049863.jpg,143,0.8288875818252563,,,,,,B,639,D:\deep-person-reid\reid-data\dukemtmc-reid\DukeMTMC-reID/query\0367_c4_f0077579.jpg,367,,False,False,,
D:\deep-person-reid\reid-data\dukemtmc-reid\DukeMTMC-reID/bounding_box_test\0367_c1_f0109851.jpg,367,0.9361559152603149,,,,,,B,640,D:\deep-person-reid\reid-data\dukemtmc-reid\DukeMTMC-reID/query\0369_c1_f0110100.jpg,369,,False,False,,
D:\deep-person-reid\reid-data\dukemtmc-reid\DukeMTMC-reID/bounding_box_test\6698_c8_f0142682.jpg,6698,0.8611788749694824,D:\deep-person-reid\reid-data\dukemtmc-reid\DukeMTMC-reID/bounding_box_test\0369_c2_f0109573.jpg,1,3,0.8433942794799805,0.0,E,642,D:\deep-person-reid\reid-data\dukemtmc-reid\DukeMTMC-reID/query\0369_c5_f0111316.jpg,369,True,True,True,-0.017784595489501953,0.5
D:\deep-person-reid\reid-data\dukemtmc-reid\DukeMTMC-reID/bounding_box_test\0163_c6_f0061356.jpg,163,0.8570961356163025,,,,,,B,643,D:\deep-person-reid\reid-data\dukemtmc-reid\DukeMTMC-reID/query\0369_c6_f0088020.jpg,369,,False,False,,
D:\deep-person-reid\reid-data\dukemtmc-reid\DukeMTMC-reID/bounding_box_test\0418_c1_f0117750.jpg,418,0.8052524328231812,,,,,,B,644,D:\deep-person-reid\reid-data\dukemtmc-reid\DukeMTMC-reID/query\0371_c1_f0110190.jpg,371,,False,False,,
D:\deep-person-reid\reid-data\dukemtmc-reid\DukeMTMC-reID/bounding_box_test\4310_c6_f0076258.jpg,4310,0.7354129552841187,D:\deep-person-reid\reid-data\dukemtmc-reid\DukeMTMC-reID/bounding_box_test\0371_c4_f0089190.jpg,9,9,0.7237304449081421,-1.0,F,645,D:\deep-person-reid\reid-data\dukemtmc-reid\DukeMTMC-reID/query\0371_c2_f0114084.jpg,371,False,True,True,-0.011682510375976562,-1.0
D:\deep-person-reid\reid-data\dukemtmc-reid\DukeMTMC-reID/bounding_box_test\0162_c3_f0059419.jpg,162,0.8560624122619629,,,,,,B,646,D:\deep-person-reid\reid-data\dukemtmc-reid\DukeMTMC-reID/query\0371_c3_f0091408.jpg,371,,False,False,,
D:\deep-person-reid\reid-data\dukemtmc-reid\DukeMTMC-reID/bounding_box_test\0506_c8_f0086915.jpg,506,0.7458920478820801,D:\deep-person-reid\reid-data\dukemtmc-reid\DukeMTMC-reID/bounding_box_test\0371_c2_f0113964.jpg,2,2,0.7426034212112427,1.0,F,647,D:\deep-person-reid\reid-data\dukemtmc-reid\DukeMTMC-reID/query\0371_c4_f0089070.jpg,371,False,True,True,-0.0032886266708374023,1.0
D:\deep-person-reid\reid-data\dukemtmc-reid\DukeMTMC-reID/bounding_box_test\0268_c1_f0097412.jpg,268,0.8638750314712524,,,,,,B,648,D:\deep-person-reid\reid-data\dukemtmc-reid\DukeMTMC-reID/query\0372_c1_f0110818.jpg,372,,False,False,,
D:\deep-person-reid\reid-data\dukemtmc-reid\DukeMTMC-reID/bounding_box_test\0268_c4_f0067013.jpg,268,0.7559801936149597,,,,,,C,649,D:\deep-person-reid\reid-data\dukemtmc-reid\DukeMTMC-reID/query\0372_c8_f0066182.jpg,372,,False,True,,
D:\deep-person-reid\reid-data\dukemtmc-reid\DukeMTMC-reID/bounding_box_test\0733_c1_f0183876.jpg,733,0.8786156177520752,,,,,,C,650,D:\deep-person-reid\reid-data\dukemtmc-reid\DukeMTMC-reID/query\0375_c1_f0110200.jpg,375,,False,True,,
D:\deep-person-reid\reid-data\dukemtmc-reid\DukeMTMC-reID/bounding_box_test\0270_c6_f0074941.jpg,270,0.8596614599227905,,,,,,B,653,D:\deep-person-reid\reid-data\dukemtmc-reid\DukeMTMC-reID/query\0375_c6_f0088184.jpg,375,,False,False,,
D:\deep-person-reid\reid-data\dukemtmc-reid\DukeMTMC-reID/bounding_box_test\0729_c1_f0182989.jpg,729,0.8922739624977112,,,,,,B,654,D:\deep-person-reid\reid-data\dukemtmc-reid\DukeMTMC-reID/query\0376_c1_f0110401.jpg,376,,False,False,,
D:\deep-person-reid\reid-data\dukemtmc-reid\DukeMTMC-reID/bounding_box_test\0117_c1_f0073082.jpg,117,0.7966341972351074,,,,,,B,655,D:\deep-person-reid\reid-data\dukemtmc-reid\DukeMTMC-reID/query\0376_c2_f0114155.jpg,376,,False,False,,
D:\deep-person-reid\reid-data\dukemtmc-reid\DukeMTMC-reID/bounding_box_test\6813_c8_f0076747.jpg,6813,0.83841472864151,,,,,,B,656,D:\deep-person-reid\reid-data\dukemtmc-reid\DukeMTMC-reID/query\0376_c3_f0091701.jpg,376,,False,False,,
D:\deep-person-reid\reid-data\dukemtmc-reid\DukeMTMC-reID/bounding_box_test\0047_c4_f0039798.jpg,47,0.7742440104484558,,,,,,B,657,D:\deep-person-reid\reid-data\dukemtmc-reid\DukeMTMC-reID/query\0376_c4_f0089675.jpg,376,,False,False,,
D:\deep-person-reid\reid-data\dukemtmc-reid\DukeMTMC-reID/bounding_box_test\0709_c1_f0177195.jpg,709,0.8956180810928345,,,,,,B,658,D:\deep-person-reid\reid-data\dukemtmc-reid\DukeMTMC-reID/query\0377_c1_f0110464.jpg,377,,False,False,,
D:\deep-person-reid\reid-data\dukemtmc-reid\DukeMTMC-reID/bounding_box_test\0508_c2_f0134867.jpg,508,0.8577823638916016,,,,,,B,659,D:\deep-person-reid\reid-data\dukemtmc-reid\DukeMTMC-reID/query\0377_c2_f0114573.jpg,377,,False,False,,
D:\deep-person-reid\reid-data\dukemtmc-reid\DukeMTMC-reID/bounding_box_test\0379_c1_f0110452.jpg,379,0.8044556975364685,,,,,,C,660,D:\deep-person-reid\reid-data\dukemtmc-reid\DukeMTMC-reID/query\0378_c1_f0110447.jpg,378,,False,True,,
D:\deep-person-reid\reid-data\dukemtmc-reid\DukeMTMC-reID/bounding_box_test\0379_c5_f0112803.jpg,379,0.8709847331047058,,,,,,C,661,D:\deep-person-reid\reid-data\dukemtmc-reid\DukeMTMC-reID/query\0378_c5_f0112815.jpg,378,,False,True,,
D:\deep-person-reid\reid-data\dukemtmc-reid\DukeMTMC-reID/bounding_box_test\0378_c5_f0112575.jpg,378,0.8593794703483582,,,,,,B,664,D:\deep-person-reid\reid-data\dukemtmc-reid\DukeMTMC-reID/query\0379_c5_f0112683.jpg,379,,False,False,,
D:\deep-person-reid\reid-data\dukemtmc-reid\DukeMTMC-reID/bounding_box_test\0410_c6_f0093766.jpg,410,0.8156644105911255,,,,,,C,665,D:\deep-person-reid\reid-data\dukemtmc-reid\DukeMTMC-reID/query\0379_c6_f0088539.jpg,379,,False,True,,
D:\deep-person-reid\reid-data\dukemtmc-reid\DukeMTMC-reID/bounding_box_test\0429_c1_f0119267.jpg,429,0.7901525497436523,,,,,,B,666,D:\deep-person-reid\reid-data\dukemtmc-reid\DukeMTMC-reID/query\0380_c1_f0110981.jpg,380,,False,False,,
D:\deep-person-reid\reid-data\dukemtmc-reid\DukeMTMC-reID/bounding_box_test\0261_c1_f0096619.jpg,261,0.8153207302093506,D:\deep-person-reid\reid-data\dukemtmc-reid\DukeMTMC-reID/bounding_box_test\0380_c5_f0113552.jpg,2,3,0.8061807155609131,1.0,F,667,D:\deep-person-reid\reid-data\dukemtmc-reid\DukeMTMC-reID/query\0380_c2_f0111163.jpg,380,False,True,True,-0.0091400146484375,1.0
D:\deep-person-reid\reid-data\dukemtmc-reid\DukeMTMC-reID/bounding_box_test\0517_c6_f0110543.jpg,517,0.8271369934082031,,,,,,C,669,D:\deep-person-reid\reid-data\dukemtmc-reid\DukeMTMC-reID/query\0380_c6_f0089461.jpg,380,,False,True,,
D:\deep-person-reid\reid-data\dukemtmc-reid\DukeMTMC-reID/bounding_box_test\0729_c1_f0182989.jpg,729,0.8357507586479187,,,,,,B,670,D:\deep-person-reid\reid-data\dukemtmc-reid\DukeMTMC-reID/query\0381_c1_f0110980.jpg,381,,False,False,,
D:\deep-person-reid\reid-data\dukemtmc-reid\DukeMTMC-reID/bounding_box_test\0631_c5_f0210897.jpg,631,0.8098160028457642,,,,,,B,671,D:\deep-person-reid\reid-data\dukemtmc-reid\DukeMTMC-reID/query\0381_c2_f0114863.jpg,381,,False,False,,
D:\deep-person-reid\reid-data\dukemtmc-reid\DukeMTMC-reID/bounding_box_test\6155_c8_f0050558.jpg,6155,0.8154990673065186,,,,,,B,672,D:\deep-person-reid\reid-data\dukemtmc-reid\DukeMTMC-reID/query\0381_c3_f0092660.jpg,381,,False,False,,
D:\deep-person-reid\reid-data\dukemtmc-reid\DukeMTMC-reID/bounding_box_test\0427_c4_f0098339.jpg,427,0.8263227939605713,,,,,,B,673,D:\deep-person-reid\reid-data\dukemtmc-reid\DukeMTMC-reID/query\0381_c4_f0090550.jpg,381,,False,False,,
D:\deep-person-reid\reid-data\dukemtmc-reid\DukeMTMC-reID/bounding_box_test\0717_c1_f0180497.jpg,717,0.7784178256988525,,,,,,C,674,D:\deep-person-reid\reid-data\dukemtmc-reid\DukeMTMC-reID/query\0386_c1_f0111425.jpg,386,,False,True,,
D:\deep-person-reid\reid-data\dukemtmc-reid\DukeMTMC-reID/bounding_box_test\0004_c2_f0046759.jpg,4,0.857914388179779,,,,,,C,675,D:\deep-person-reid\reid-data\dukemtmc-reid\DukeMTMC-reID/query\0386_c2_f0111926.jpg,386,,False,True,,
D:\deep-person-reid\reid-data\dukemtmc-reid\DukeMTMC-reID/bounding_box_test\1626_c2_f0120326.jpg,1626,0.7925307750701904,,,,,,C,676,D:\deep-person-reid\reid-data\dukemtmc-reid\DukeMTMC-reID/query\0389_c1_f0111986.jpg,389,,False,True,,
D:\deep-person-reid\reid-data\dukemtmc-reid\DukeMTMC-reID/bounding_box_test\4416_c6_f0094555.jpg,4416,0.8075684309005737,,,,,,B,679,D:\deep-person-reid\reid-data\dukemtmc-reid\DukeMTMC-reID/query\0390_c2_f0111948.jpg,390,,False,False,,
D:\deep-person-reid\reid-data\dukemtmc-reid\DukeMTMC-reID/bounding_box_test\0097_c1_f0069820.jpg,97,0.8536279201507568,,,,,,C,680,D:\deep-person-reid\reid-data\dukemtmc-reid\DukeMTMC-reID/query\0391_c1_f0112156.jpg,391,,False,True,,
D:\deep-person-reid\reid-data\dukemtmc-reid\DukeMTMC-reID/bounding_box_test\0240_c1_f0095335.jpg,240,0.9212044477462769,,,,,,B,682,D:\deep-person-reid\reid-data\dukemtmc-reid\DukeMTMC-reID/query\0394_c1_f0112052.jpg,394,,False,False,,
D:\deep-person-reid\reid-data\dukemtmc-reid\DukeMTMC-reID/bounding_box_test\0542_c1_f0141147.jpg,542,0.8946818709373474,,,,,,B,686,D:\deep-person-reid\reid-data\dukemtmc-reid\DukeMTMC-reID/query\0395_c1_f0112678.jpg,395,,False,False,,
D:\deep-person-reid\reid-data\dukemtmc-reid\DukeMTMC-reID/bounding_box_test\0788_c1_f0199652.jpg,788,0.8620853424072266,,,,,,B,690,D:\deep-person-reid\reid-data\dukemtmc-reid\DukeMTMC-reID/query\0400_c1_f0113071.jpg,400,,False,False,,
D:\deep-person-reid\reid-data\dukemtmc-reid\DukeMTMC-reID/bounding_box_test\6291_c8_f0065392.jpg,6291,0.8536629676818848,,,,,,C,691,D:\deep-person-reid\reid-data\dukemtmc-reid\DukeMTMC-reID/query\0400_c8_f0069409.jpg,400,,False,True,,
D:\deep-person-reid\reid-data\dukemtmc-reid\DukeMTMC-reID/bounding_box_test\0334_c1_f0106218.jpg,334,0.8271758556365967,,,,,,C,692,D:\deep-person-reid\reid-data\dukemtmc-reid\DukeMTMC-reID/query\0405_c1_f0114929.jpg,405,,False,True,,
D:\deep-person-reid\reid-data\dukemtmc-reid\DukeMTMC-reID/bounding_box_test\0486_c2_f0132112.jpg,486,0.8506274223327637,,,,,,B,693,D:\deep-person-reid\reid-data\dukemtmc-reid\DukeMTMC-reID/query\0405_c2_f0119076.jpg,405,,False,False,,
D:\deep-person-reid\reid-data\dukemtmc-reid\DukeMTMC-reID/bounding_box_test\0240_c1_f0095095.jpg,240,0.8472968339920044,,,,,,B,697,D:\deep-person-reid\reid-data\dukemtmc-reid\DukeMTMC-reID/query\0409_c1_f0115442.jpg,409,,False,False,,
D:\deep-person-reid\reid-data\dukemtmc-reid\DukeMTMC-reID/bounding_box_test\0468_c5_f0127215.jpg,468,0.8311276435852051,,,,,,C,699,D:\deep-person-reid\reid-data\dukemtmc-reid\DukeMTMC-reID/query\0409_c5_f0116835.jpg,409,,False,True,,
D:\deep-person-reid\reid-data\dukemtmc-reid\DukeMTMC-reID/bounding_box_test\0103_c6_f0049035.jpg,103,0.807152509689331,,,,,,B,700,D:\deep-person-reid\reid-data\dukemtmc-reid\DukeMTMC-reID/query\0409_c6_f0091935.jpg,409,,False,False,,
D:\deep-person-reid\reid-data\dukemtmc-reid\DukeMTMC-reID/bounding_box_test\0698_c1_f0173209.jpg,698,0.8546662330627441,,,,,,B,701,D:\deep-person-reid\reid-data\dukemtmc-reid\DukeMTMC-reID/query\0410_c1_f0115296.jpg,410,,False,False,,
D:\deep-person-reid\reid-data\dukemtmc-reid\DukeMTMC-reID/bounding_box_test\0128_c1_f0076232.jpg,128,0.8411532640457153,,,,,,B,705,D:\deep-person-reid\reid-data\dukemtmc-reid\DukeMTMC-reID/query\0412_c1_f0116132.jpg,412,,False,False,,
D:\deep-person-reid\reid-data\dukemtmc-reid\DukeMTMC-reID/bounding_box_test\0376_c2_f0114395.jpg,376,0.8405096530914307,,,,,,B,706,D:\deep-person-reid\reid-data\dukemtmc-reid\DukeMTMC-reID/query\0412_c2_f0119920.jpg,412,,False,False,,
D:\deep-person-reid\reid-data\dukemtmc-reid\DukeMTMC-reID/bounding_box_test\0051_c3_f0035718.jpg,51,0.8364968299865723,,,,,,B,707,D:\deep-person-reid\reid-data\dukemtmc-reid\DukeMTMC-reID/query\0412_c3_f0097658.jpg,412,,False,False,,
D:\deep-person-reid\reid-data\dukemtmc-reid\DukeMTMC-reID/bounding_box_test\3202_c4_f0145688.jpg,3202,0.8607909083366394,,,,,,B,708,D:\deep-person-reid\reid-data\dukemtmc-reid\DukeMTMC-reID/query\0412_c4_f0095591.jpg,412,,False,False,,
D:\deep-person-reid\reid-data\dukemtmc-reid\DukeMTMC-reID/bounding_box_test\0794_c1_f0200082.jpg,794,0.912750244140625,,,,,,B,709,D:\deep-person-reid\reid-data\dukemtmc-reid\DukeMTMC-reID/query\0414_c1_f0116411.jpg,414,,False,False,,
D:\deep-person-reid\reid-data\dukemtmc-reid\DukeMTMC-reID/bounding_box_test\0418_c2_f0117613.jpg,418,0.7924605011940002,,,,,,C,710,D:\deep-person-reid\reid-data\dukemtmc-reid\DukeMTMC-reID/query\0414_c2_f0120871.jpg,414,,False,True,,
D:\deep-person-reid\reid-data\dukemtmc-reid\DukeMTMC-reID/bounding_box_test\1750_c3_f0118988.jpg,1750,0.7959185838699341,,,,,,B,711,D:\deep-person-reid\reid-data\dukemtmc-reid\DukeMTMC-reID/query\0414_c3_f0098340.jpg,414,,False,False,,
D:\deep-person-reid\reid-data\dukemtmc-reid\DukeMTMC-reID/bounding_box_test\0466_c4_f0104061.jpg,466,0.8668295741081238,,,,,,B,712,D:\deep-person-reid\reid-data\dukemtmc-reid\DukeMTMC-reID/query\0414_c4_f0096182.jpg,414,,False,False,,
D:\deep-person-reid\reid-data\dukemtmc-reid\DukeMTMC-reID/bounding_box_test\0444_c2_f0120419.jpg,444,0.8459604382514954,,,,,,B,714,D:\deep-person-reid\reid-data\dukemtmc-reid\DukeMTMC-reID/query\0415_c2_f0120423.jpg,415,,False,False,,
D:\deep-person-reid\reid-data\dukemtmc-reid\DukeMTMC-reID/bounding_box_test\0287_c1_f0098601.jpg,287,0.8542764186859131,,,,,,B,717,D:\deep-person-reid\reid-data\dukemtmc-reid\DukeMTMC-reID/query\0416_c1_f0118345.jpg,416,,False,False,,
D:\deep-person-reid\reid-data\dukemtmc-reid\DukeMTMC-reID/bounding_box_test\0581_c2_f0158135.jpg,581,0.8613237142562866,,,,,,C,718,D:\deep-person-reid\reid-data\dukemtmc-reid\DukeMTMC-reID/query\0416_c2_f0126374.jpg,416,,False,True,,
D:\deep-person-reid\reid-data\dukemtmc-reid\DukeMTMC-reID/bounding_box_test\0128_c3_f0057502.jpg,128,0.8638390302658081,,,,,,B,719,D:\deep-person-reid\reid-data\dukemtmc-reid\DukeMTMC-reID/query\0416_c3_f0103591.jpg,416,,False,False,,
D:\deep-person-reid\reid-data\dukemtmc-reid\DukeMTMC-reID/bounding_box_test\0163_c1_f0083434.jpg,163,0.8781498670578003,,,,,,B,720,D:\deep-person-reid\reid-data\dukemtmc-reid\DukeMTMC-reID/query\0418_c1_f0117510.jpg,418,,False,False,,
D:\deep-person-reid\reid-data\dukemtmc-reid\DukeMTMC-reID/bounding_box_test\4210_c6_f0062330.jpg,4210,0.8154903650283813,,,,,,B,721,D:\deep-person-reid\reid-data\dukemtmc-reid\DukeMTMC-reID/query\0418_c2_f0117973.jpg,418,,False,False,,
D:\deep-person-reid\reid-data\dukemtmc-reid\DukeMTMC-reID/bounding_box_test\0741_c1_f0186414.jpg,741,0.8441562652587891,,,,,,B,722,D:\deep-person-reid\reid-data\dukemtmc-reid\DukeMTMC-reID/query\0420_c1_f0118434.jpg,420,,False,False,,
D:\deep-person-reid\reid-data\dukemtmc-reid\DukeMTMC-reID/bounding_box_test\4159_c8_f0032547.jpg,4159,0.8430051803588867,,,,,,B,723,D:\deep-person-reid\reid-data\dukemtmc-reid\DukeMTMC-reID/query\0420_c8_f0074468.jpg,420,,False,False,,
D:\deep-person-reid\reid-data\dukemtmc-reid\DukeMTMC-reID/bounding_box_test\0788_c1_f0200012.jpg,788,0.9112574458122253,,,,,,B,724,D:\deep-person-reid\reid-data\dukemtmc-reid\DukeMTMC-reID/query\0426_c1_f0118977.jpg,426,,False,False,,
D:\deep-person-reid\reid-data\dukemtmc-reid\DukeMTMC-reID/bounding_box_test\0591_c1_f0154726.jpg,591,0.8720834255218506,,,,,,B,728,D:\deep-person-reid\reid-data\dukemtmc-reid\DukeMTMC-reID/query\0427_c1_f0118777.jpg,427,,False,False,,
D:\deep-person-reid\reid-data\dukemtmc-reid\DukeMTMC-reID/bounding_box_test\0103_c2_f0070378.jpg,103,0.8286154270172119,,,,,,B,729,D:\deep-person-reid\reid-data\dukemtmc-reid\DukeMTMC-reID/query\0427_c2_f0122643.jpg,427,,False,False,,
D:\deep-person-reid\reid-data\dukemtmc-reid\DukeMTMC-reID/bounding_box_test\0570_c3_f0133347.jpg,570,0.8523531556129456,,,,,,B,730,D:\deep-person-reid\reid-data\dukemtmc-reid\DukeMTMC-reID/query\0427_c3_f0100220.jpg,427,,False,False,,
D:\deep-person-reid\reid-data\dukemtmc-reid\DukeMTMC-reID/bounding_box_test\4227_c8_f0038048.jpg,4227,0.8490060567855835,,,,,,B,731,D:\deep-person-reid\reid-data\dukemtmc-reid\DukeMTMC-reID/query\0427_c4_f0097859.jpg,427,,False,False,,
D:\deep-person-reid\reid-data\dukemtmc-reid\DukeMTMC-reID/bounding_box_test\0262_c1_f0096627.jpg,262,0.830315887928009,,,,,,B,732,D:\deep-person-reid\reid-data\dukemtmc-reid\DukeMTMC-reID/query\0428_c1_f0118787.jpg,428,,False,False,,
D:\deep-person-reid\reid-data\dukemtmc-reid\DukeMTMC-reID/bounding_box_test\5911_c8_f0019236.jpg,5911,0.8392126560211182,,,,,,B,733,D:\deep-person-reid\reid-data\dukemtmc-reid\DukeMTMC-reID/query\0428_c8_f0075073.jpg,428,,False,False,,
D:\deep-person-reid\reid-data\dukemtmc-reid\DukeMTMC-reID/bounding_box_test\0127_c1_f0076076.jpg,127,0.8119925856590271,,,,,,B,734,D:\deep-person-reid\reid-data\dukemtmc-reid\DukeMTMC-reID/query\0429_c1_f0119147.jpg,429,,False,False,,
D:\deep-person-reid\reid-data\dukemtmc-reid\DukeMTMC-reID/bounding_box_test\0741_c2_f0185826.jpg,741,0.8226548433303833,,,,,,B,735,D:\deep-person-reid\reid-data\dukemtmc-reid\DukeMTMC-reID/query\0429_c2_f0119181.jpg,429,,False,False,,
D:\deep-person-reid\reid-data\dukemtmc-reid\DukeMTMC-reID/bounding_box_test\0010_c1_f0044398.jpg,10,0.9312013387680054,,,,,,B,736,D:\deep-person-reid\reid-data\dukemtmc-reid\DukeMTMC-reID/query\0431_c1_f0119486.jpg,431,,False,False,,
D:\deep-person-reid\reid-data\dukemtmc-reid\DukeMTMC-reID/bounding_box_test\4605_c8_f0114472.jpg,4605,0.8285515308380127,,,,,,B,737,D:\deep-person-reid\reid-data\dukemtmc-reid\DukeMTMC-reID/query\0431_c8_f0075714.jpg,431,,False,False,,
D:\deep-person-reid\reid-data\dukemtmc-reid\DukeMTMC-reID/bounding_box_test\0240_c1_f0095095.jpg,240,0.8668069839477539,,,,,,B,738,D:\deep-person-reid\reid-data\dukemtmc-reid\DukeMTMC-reID/query\0433_c1_f0119694.jpg,433,,False,False,,
D:\deep-person-reid\reid-data\dukemtmc-reid\DukeMTMC-reID/bounding_box_test\0230_c6_f0072482.jpg,230,0.820969820022583,,,,,,C,741,D:\deep-person-reid\reid-data\dukemtmc-reid\DukeMTMC-reID/query\0433_c6_f0108318.jpg,433,,False,True,,
D:\deep-person-reid\reid-data\dukemtmc-reid\DukeMTMC-reID/bounding_box_test\0565_c1_f0149908.jpg,565,0.8969712257385254,,,,,,C,742,D:\deep-person-reid\reid-data\dukemtmc-reid\DukeMTMC-reID/query\0434_c1_f0119543.jpg,434,,False,True,,
D:\deep-person-reid\reid-data\dukemtmc-reid\DukeMTMC-reID/bounding_box_test\0565_c5_f0152920.jpg,565,0.8235692977905273,,,,,,C,743,D:\deep-person-reid\reid-data\dukemtmc-reid\DukeMTMC-reID/query\0434_c2_f0119056.jpg,434,,False,True,,
D:\deep-person-reid\reid-data\dukemtmc-reid\DukeMTMC-reID/bounding_box_test\6476_c8_f0044909.jpg,6476,0.7788701057434082,,,,,,B,744,D:\deep-person-reid\reid-data\dukemtmc-reid\DukeMTMC-reID/query\0434_c3_f0094843.jpg,434,,False,False,,
D:\deep-person-reid\reid-data\dukemtmc-reid\DukeMTMC-reID/bounding_box_test\1750_c4_f0113748.jpg,1750,0.8412892818450928,D:\deep-person-reid\reid-data\dukemtmc-reid\DukeMTMC-reID/bounding_box_test\0434_c3_f0094723.jpg,3,3,0.8248187899589539,1.0,F,745,D:\deep-person-reid\reid-data\dukemtmc-reid\DukeMTMC-reID/query\0434_c4_f0089329.jpg,434,False,True,True,-0.016470491886138916,1.0
D:\deep-person-reid\reid-data\dukemtmc-reid\DukeMTMC-reID/bounding_box_test\0042_c1_f0058758.jpg,42,0.7815403938293457,,,,,,B,746,D:\deep-person-reid\reid-data\dukemtmc-reid\DukeMTMC-reID/query\0442_c1_f0120419.jpg,442,,False,False,,
D:\deep-person-reid\reid-data\dukemtmc-reid\DukeMTMC-reID/bounding_box_test\4374_c6_f0088849.jpg,4374,0.723210334777832,D:\deep-person-reid\reid-data\dukemtmc-reid\DukeMTMC-reID/bounding_box_test\0442_c3_f0102089.jpg,1,6,0.7114699482917786,-0.5,E,747,D:\deep-person-reid\reid-data\dukemtmc-reid\DukeMTMC-reID/query\0442_c2_f0124749.jpg,442,True,True,True,-0.011740386486053467,0.5
D:\deep-person-reid\reid-data\dukemtmc-reid\DukeMTMC-reID/bounding_box_test\0651_c3_f0147305.jpg,651,0.7509560585021973,,,,,,B,748,D:\deep-person-reid\reid-data\dukemtmc-reid\DukeMTMC-reID/query\0442_c3_f0102329.jpg,442,,False,False,,
D:\deep-person-reid\reid-data\dukemtmc-reid\DukeMTMC-reID/bounding_box_test\1555_c4_f0083770.jpg,1555,0.7991594076156616,,,,,,B,749,D:\deep-person-reid\reid-data\dukemtmc-reid\DukeMTMC-reID/query\0442_c4_f0100317.jpg,442,,False,False,,
D:\deep-person-reid\reid-data\dukemtmc-reid\DukeMTMC-reID/bounding_box_test\0601_c1_f0156987.jpg,601,0.8929219245910645,,,,,,B,750,D:\deep-person-reid\reid-data\dukemtmc-reid\DukeMTMC-reID/query\0444_c1_f0121197.jpg,444,,False,False,,
D:\deep-person-reid\reid-data\dukemtmc-reid\DukeMTMC-reID/bounding_box_test\0066_c6_f0041122.jpg,66,0.8117637634277344,,,,,,C,753,D:\deep-person-reid\reid-data\dukemtmc-reid\DukeMTMC-reID/query\0444_c6_f0098403.jpg,444,,False,True,,
D:\deep-person-reid\reid-data\dukemtmc-reid\DukeMTMC-reID/bounding_box_test\0554_c1_f0146628.jpg,554,0.8391836285591125,D:\deep-person-reid\reid-data\dukemtmc-reid\DukeMTMC-reID/bounding_box_test\0449_c8_f0078057.jpg,3,3,0.8209037780761719,0.0,F,754,D:\deep-person-reid\reid-data\dukemtmc-reid\DukeMTMC-reID/query\0449_c1_f0121898.jpg,449,False,True,True,-0.018279850482940674,0.0
D:\deep-person-reid\reid-data\dukemtmc-reid\DukeMTMC-reID/bounding_box_test\0334_c7_f0102059.jpg,334,0.8905969262123108,D:\deep-person-reid\reid-data\dukemtmc-reid\DukeMTMC-reID/bounding_box_test\0449_c1_f0121538.jpg,2,2,0.876714825630188,-0.5,F,755,D:\deep-person-reid\reid-data\dukemtmc-reid\DukeMTMC-reID/query\0449_c8_f0078297.jpg,449,False,True,True,-0.013882100582122803,-0.5
D:\deep-person-reid\reid-data\dukemtmc-reid\DukeMTMC-reID/bounding_box_test\0529_c1_f0135498.jpg,529,0.8411775827407837,,,,,,B,756,D:\deep-person-reid\reid-data\dukemtmc-reid\DukeMTMC-reID/query\0451_c1_f0122280.jpg,451,,False,False,,
D:\deep-person-reid\reid-data\dukemtmc-reid\DukeMTMC-reID/bounding_box_test\0256_c2_f0096877.jpg,256,0.9211350679397583,,,,,,C,757,D:\deep-person-reid\reid-data\dukemtmc-reid\DukeMTMC-reID/query\0451_c2_f0127625.jpg,451,,False,True,,
D:\deep-person-reid\reid-data\dukemtmc-reid\DukeMTMC-reID/bounding_box_test\0591_c1_f0155086.jpg,591,0.8277426958084106,,,,,,B,758,D:\deep-person-reid\reid-data\dukemtmc-reid\DukeMTMC-reID/query\0453_c1_f0123255.jpg,453,,False,False,,
D:\deep-person-reid\reid-data\dukemtmc-reid\DukeMTMC-reID/bounding_box_test\4459_c6_f0101079.jpg,4459,0.8240772485733032,,,,,,B,759,D:\deep-person-reid\reid-data\dukemtmc-reid\DukeMTMC-reID/query\0453_c2_f0127340.jpg,453,,False,False,,
D:\deep-person-reid\reid-data\dukemtmc-reid\DukeMTMC-reID/bounding_box_test\0311_c6_f0080599.jpg,311,0.7950951457023621,,,,,,C,760,D:\deep-person-reid\reid-data\dukemtmc-reid\DukeMTMC-reID/query\0455_c1_f0123346.jpg,455,,False,True,,
D:\deep-person-reid\reid-data\dukemtmc-reid\DukeMTMC-reID/bounding_box_test\0726_c2_f0182272.jpg,726,0.7935629487037659,,,,,,C,761,D:\deep-person-reid\reid-data\dukemtmc-reid\DukeMTMC-reID/query\0455_c2_f0123223.jpg,455,,False,True,,
D:\deep-person-reid\reid-data\dukemtmc-reid\DukeMTMC-reID/bounding_box_test\0314_c4_f0072929.jpg,314,0.8137333393096924,,,,,,B,762,D:\deep-person-reid\reid-data\dukemtmc-reid\DukeMTMC-reID/query\0455_c3_f0098978.jpg,455,,False,False,,
D:\deep-person-reid\reid-data\dukemtmc-reid\DukeMTMC-reID/bounding_box_test\0691_c2_f0172203.jpg,691,0.7748957872390747,,,,,,C,763,D:\deep-person-reid\reid-data\dukemtmc-reid\DukeMTMC-reID/query\0457_c1_f0123889.jpg,457,,False,True,,
D:\deep-person-reid\reid-data\dukemtmc-reid\DukeMTMC-reID/bounding_box_test\0560_c8_f0105082.jpg,560,0.743915319442749,,,,,,B,764,D:\deep-person-reid\reid-data\dukemtmc-reid\DukeMTMC-reID/query\0457_c8_f0080969.jpg,457,,False,False,,
D:\deep-person-reid\reid-data\dukemtmc-reid\DukeMTMC-reID/bounding_box_test\0334_c1_f0105978.jpg,334,0.8871885538101196,,,,,,C,765,D:\deep-person-reid\reid-data\dukemtmc-reid\DukeMTMC-reID/query\0459_c1_f0124423.jpg,459,,False,True,,
D:\deep-person-reid\reid-data\dukemtmc-reid\DukeMTMC-reID/bounding_box_test\0334_c5_f0116797.jpg,334,0.8658232688903809,D:\deep-person-reid\reid-data\dukemtmc-reid\DukeMTMC-reID/bounding_box_test\0459_c8_f0080549.jpg,1,3,0.8532214164733887,-1.0,E,766,D:\deep-person-reid\reid-data\dukemtmc-reid\DukeMTMC-reID/query\0459_c7_f0106449.jpg,459,True,True,True,-0.012601852416992188,1.0
D:\deep-person-reid\reid-data\dukemtmc-reid\DukeMTMC-reID/bounding_box_test\0334_c5_f0116797.jpg,334,0.8696384429931641,D:\deep-person-reid\reid-data\dukemtmc-reid\DukeMTMC-reID/bounding_box_test\0459_c7_f0106209.jpg,4,4,0.8602820634841919,0.0,F,767,D:\deep-person-reid\reid-data\dukemtmc-reid\DukeMTMC-reID/query\0459_c8_f0080189.jpg,459,False,True,True,-0.009356379508972168,0.0
D:\deep-person-reid\reid-data\dukemtmc-reid\DukeMTMC-reID/bounding_box_test\0340_c1_f0106119.jpg,340,0.7994091510772705,,,,,,C,768,D:\deep-person-reid\reid-data\dukemtmc-reid\DukeMTMC-reID/query\0460_c1_f0124525.jpg,460,,False,True,,
D:\deep-person-reid\reid-data\dukemtmc-reid\DukeMTMC-reID/bounding_box_test\4563_c8_f0103072.jpg,4563,0.7646671533584595,,,,,,C,769,D:\deep-person-reid\reid-data\dukemtmc-reid\DukeMTMC-reID/query\0460_c8_f0081416.jpg,460,,False,True,,
D:\deep-person-reid\reid-data\dukemtmc-reid\DukeMTMC-reID/bounding_box_test\0409_c1_f0115802.jpg,409,0.9280868172645569,,,,,,B,770,D:\deep-person-reid\reid-data\dukemtmc-reid\DukeMTMC-reID/query\0461_c1_f0124823.jpg,461,,False,False,,
D:\deep-person-reid\reid-data\dukemtmc-reid\DukeMTMC-reID/bounding_box_test\0247_c2_f0100231.jpg,247,0.7756294012069702,,,,,,C,771,D:\deep-person-reid\reid-data\dukemtmc-reid\DukeMTMC-reID/query\0461_c2_f0123992.jpg,461,,False,True,,
D:\deep-person-reid\reid-data\dukemtmc-reid\DukeMTMC-reID/bounding_box_test\6008_c8_f0031054.jpg,6008,0.7922517657279968,,,,,,B,772,D:\deep-person-reid\reid-data\dukemtmc-reid\DukeMTMC-reID/query\0461_c3_f0099292.jpg,461,,False,False,,
D:\deep-person-reid\reid-data\dukemtmc-reid\DukeMTMC-reID/bounding_box_test\0380_c1_f0110501.jpg,380,0.931271493434906,,,,,,B,773,D:\deep-person-reid\reid-data\dukemtmc-reid\DukeMTMC-reID/query\0462_c1_f0124357.jpg,462,,False,False,,
D:\deep-person-reid\reid-data\dukemtmc-reid\DukeMTMC-reID/bounding_box_test\0828_c2_f0211258.jpg,828,0.7960872054100037,,,,,,C,774,D:\deep-person-reid\reid-data\dukemtmc-reid\DukeMTMC-reID/query\0462_c2_f0125093.jpg,462,,False,True,,
D:\deep-person-reid\reid-data\dukemtmc-reid\DukeMTMC-reID/bounding_box_test\0760_c1_f0190565.jpg,760,0.8589600324630737,,,,,,B,775,D:\deep-person-reid\reid-data\dukemtmc-reid\DukeMTMC-reID/query\0466_c1_f0125225.jpg,466,,False,False,,
D:\deep-person-reid\reid-data\dukemtmc-reid\DukeMTMC-reID/bounding_box_test\0066_c2_f0062932.jpg,66,0.7613123059272766,,,,,,B,776,D:\deep-person-reid\reid-data\dukemtmc-reid\DukeMTMC-reID/query\0466_c2_f0129039.jpg,466,,False,False,,
D:\deep-person-reid\reid-data\dukemtmc-reid\DukeMTMC-reID/bounding_box_test\0412_c3_f0097538.jpg,412,0.819137692451477,,,,,,B,777,D:\deep-person-reid\reid-data\dukemtmc-reid\DukeMTMC-reID/query\0466_c3_f0106725.jpg,466,,False,False,,
D:\deep-person-reid\reid-data\dukemtmc-reid\DukeMTMC-reID/bounding_box_test\0240_c4_f0064770.jpg,240,0.8344353437423706,,,,,,C,778,D:\deep-person-reid\reid-data\dukemtmc-reid\DukeMTMC-reID/query\0466_c4_f0104421.jpg,466,,False,True,,
D:\deep-person-reid\reid-data\dukemtmc-reid\DukeMTMC-reID/bounding_box_test\0416_c1_f0119065.jpg,416,0.8499869108200073,,,,,,B,779,D:\deep-person-reid\reid-data\dukemtmc-reid\DukeMTMC-reID/query\0467_c1_f0125435.jpg,467,,False,False,,
D:\deep-person-reid\reid-data\dukemtmc-reid\DukeMTMC-reID/bounding_box_test\0050_c2_f0064078.jpg,50,0.8041077256202698,,,,,,B,780,D:\deep-person-reid\reid-data\dukemtmc-reid\DukeMTMC-reID/query\0467_c2_f0129511.jpg,467,,False,False,,
D:\deep-person-reid\reid-data\dukemtmc-reid\DukeMTMC-reID/bounding_box_test\0204_c1_f0090990.jpg,204,0.9422959089279175,,,,,,B,781,D:\deep-person-reid\reid-data\dukemtmc-reid\DukeMTMC-reID/query\0468_c1_f0125465.jpg,468,,False,False,,
D:\deep-person-reid\reid-data\dukemtmc-reid\DukeMTMC-reID/bounding_box_test\0849_c2_f0219593.jpg,849,0.8496700525283813,,,,,,B,782,D:\deep-person-reid\reid-data\dukemtmc-reid\DukeMTMC-reID/query\0468_c2_f0125559.jpg,468,,False,False,,
D:\deep-person-reid\reid-data\dukemtmc-reid\DukeMTMC-reID/bounding_box_test\0703_c6_f0153200.jpg,703,0.7670046091079712,,,,,,B,784,D:\deep-person-reid\reid-data\dukemtmc-reid\DukeMTMC-reID/query\0468_c6_f0104083.jpg,468,,False,False,,
D:\deep-person-reid\reid-data\dukemtmc-reid\DukeMTMC-reID/bounding_box_test\0705_c1_f0175388.jpg,705,0.8196429014205933,,,,,,B,785,D:\deep-person-reid\reid-data\dukemtmc-reid\DukeMTMC-reID/query\0469_c1_f0125156.jpg,469,,False,False,,
D:\deep-person-reid\reid-data\dukemtmc-reid\DukeMTMC-reID/bounding_box_test\0076_c6_f0053532.jpg,76,0.824560821056366,,,,,,C,787,D:\deep-person-reid\reid-data\dukemtmc-reid\DukeMTMC-reID/query\0469_c6_f0113372.jpg,469,,False,True,,
D:\deep-person-reid\reid-data\dukemtmc-reid\DukeMTMC-reID/bounding_box_test\6158_c8_f0049925.jpg,6158,0.7633130550384521,,,,,,C,788,D:\deep-person-reid\reid-data\dukemtmc-reid\DukeMTMC-reID/query\0470_c1_f0125183.jpg,470,,False,True,,
D:\deep-person-reid\reid-data\dukemtmc-reid\DukeMTMC-reID/bounding_box_test\6172_c8_f0051625.jpg,6172,0.7761032581329346,D:\deep-person-reid\reid-data\dukemtmc-reid\DukeMTMC-reID/bounding_box_test\0470_c1_f0125423.jpg,1,3,0.7618227005004883,0.0,E,789,D:\deep-person-reid\reid-data\dukemtmc-reid\DukeMTMC-reID/query\0470_c5_f0127367.jpg,470,True,True,True,-0.014280557632446289,1.0
D:\deep-person-reid\reid-data\dukemtmc-reid\DukeMTMC-reID/bounding_box_test\4632_c6_f0146074.jpg,4632,0.8602265119552612,,,,,,B,790,D:\deep-person-reid\reid-data\dukemtmc-reid\DukeMTMC-reID/query\0470_c6_f0103164.jpg,470,,False,False,,
D:\deep-person-reid\reid-data\dukemtmc-reid\DukeMTMC-reID/bounding_box_test\0149_c1_f0081209.jpg,149,0.9163417220115662,,,,,,B,791,D:\deep-person-reid\reid-data\dukemtmc-reid\DukeMTMC-reID/query\0471_c1_f0125828.jpg,471,,False,False,,
D:\deep-person-reid\reid-data\dukemtmc-reid\DukeMTMC-reID/bounding_box_test\0128_c2_f0079882.jpg,128,0.7884374260902405,,,,,,B,792,D:\deep-person-reid\reid-data\dukemtmc-reid\DukeMTMC-reID/query\0471_c2_f0125520.jpg,471,,False,False,,
D:\deep-person-reid\reid-data\dukemtmc-reid\DukeMTMC-reID/bounding_box_test\0051_c4_f0030590.jpg,51,0.8093404173851013,,,,,,B,793,D:\deep-person-reid\reid-data\dukemtmc-reid\DukeMTMC-reID/query\0471_c3_f0099004.jpg,471,,False,False,,
D:\deep-person-reid\reid-data\dukemtmc-reid\DukeMTMC-reID/bounding_box_test\0601_c1_f0157107.jpg,601,0.7913493514060974,,,,,,C,794,D:\deep-person-reid\reid-data\dukemtmc-reid\DukeMTMC-reID/query\0479_c1_f0126547.jpg,479,,False,True,,
D:\deep-person-reid\reid-data\dukemtmc-reid\DukeMTMC-reID/bounding_box_test\6299_c8_f0065882.jpg,6299,0.7852195501327515,,,,,,C,796,D:\deep-person-reid\reid-data\dukemtmc-reid\DukeMTMC-reID/query\0479_c5_f0128299.jpg,479,,False,True,,
D:\deep-person-reid\reid-data\dukemtmc-reid\DukeMTMC-reID/bounding_box_test\0220_c1_f0093316.jpg,220,0.8219742774963379,,,,,,B,799,D:\deep-person-reid\reid-data\dukemtmc-reid\DukeMTMC-reID/query\0482_c1_f0127523.jpg,482,,False,False,,
D:\deep-person-reid\reid-data\dukemtmc-reid\DukeMTMC-reID/bounding_box_test\6391_c8_f0081087.jpg,6391,0.7711188793182373,,,,,,B,801,D:\deep-person-reid\reid-data\dukemtmc-reid\DukeMTMC-reID/query\0484_c1_f0127270.jpg,484,,False,False,,
D:\deep-person-reid\reid-data\dukemtmc-reid\DukeMTMC-reID/bounding_box_test\0125_c2_f0081811.jpg,125,0.805829644203186,,,,,,B,802,D:\deep-person-reid\reid-data\dukemtmc-reid\DukeMTMC-reID/query\0484_c2_f0130842.jpg,484,,False,False,,
D:\deep-person-reid\reid-data\dukemtmc-reid\DukeMTMC-reID/bounding_box_test\0587_c1_f0154086.jpg,587,0.8116496801376343,D:\deep-person-reid\reid-data\dukemtmc-reid\DukeMTMC-reID/bounding_box_test\0486_c6_f0116907.jpg,3,5,0.798003077507019,0.0,F,803,D:\deep-person-reid\reid-data\dukemtmc-reid\DukeMTMC-reID/query\0486_c1_f0128066.jpg,486,False,True,True,-0.013646602630615234,1.0
D:\deep-person-reid\reid-data\dukemtmc-reid\DukeMTMC-reID/bounding_box_test\0494_c6_f0116811.jpg,494,0.9283561110496521,,,,,,C,806,D:\deep-person-reid\reid-data\dukemtmc-reid\DukeMTMC-reID/query\0486_c6_f0116787.jpg,486,,False,True,,
D:\deep-person-reid\reid-data\dukemtmc-reid\DukeMTMC-reID/bounding_box_test\2557_c7_f0085499.jpg,2557,0.8619202375411987,D:\deep-person-reid\reid-data\dukemtmc-reid\DukeMTMC-reID/bounding_box_test\0488_c2_f0128017.jpg,2,2,0.8504528999328613,1.0,F,807,D:\deep-person-reid\reid-data\dukemtmc-reid\DukeMTMC-reID/query\0488_c1_f0128092.jpg,488,False,True,True,-0.011467337608337402,1.0
D:\deep-person-reid\reid-data\dukemtmc-reid\DukeMTMC-reID/bounding_box_test\0537_c5_f0146659.jpg,537,0.8461530804634094,,,,,,C,809,D:\deep-person-reid\reid-data\dukemtmc-reid\DukeMTMC-reID/query\0488_c5_f0129517.jpg,488,,False,True,,
D:\deep-person-reid\reid-data\dukemtmc-reid\DukeMTMC-reID/bounding_box_test\0467_c1_f0125315.jpg,467,0.8510817289352417,,,,,,B,811,D:\deep-person-reid\reid-data\dukemtmc-reid\DukeMTMC-reID/query\0492_c1_f0128761.jpg,492,,False,False,,
D:\deep-person-reid\reid-data\dukemtmc-reid\DukeMTMC-reID/bounding_box_test\0467_c2_f0129271.jpg,467,0.837752640247345,,,,,,C,812,D:\deep-person-reid\reid-data\dukemtmc-reid\DukeMTMC-reID/query\0492_c2_f0132354.jpg,492,,False,True,,
D:\deep-person-reid\reid-data\dukemtmc-reid\DukeMTMC-reID/bounding_box_test\1750_c3_f0118628.jpg,1750,0.879661500453949,,,,,,B,813,D:\deep-person-reid\reid-data\dukemtmc-reid\DukeMTMC-reID/query\0492_c3_f0109808.jpg,492,,False,False,,
D:\deep-person-reid\reid-data\dukemtmc-reid\DukeMTMC-reID/bounding_box_test\0752_c4_f0166211.jpg,752,0.8323014974594116,,,,,,B,814,D:\deep-person-reid\reid-data\dukemtmc-reid\DukeMTMC-reID/query\0492_c4_f0107470.jpg,492,,False,False,,
D:\deep-person-reid\reid-data\dukemtmc-reid\DukeMTMC-reID/bounding_box_test\0758_c1_f0190009.jpg,758,0.8479784727096558,,,,,,B,815,D:\deep-person-reid\reid-data\dukemtmc-reid\DukeMTMC-reID/query\0494_c1_f0128933.jpg,494,,False,False,,
D:\deep-person-reid\reid-data\dukemtmc-reid\DukeMTMC-reID/bounding_box_test\6224_c8_f0056324.jpg,6224,0.8493468165397644,D:\deep-person-reid\reid-data\dukemtmc-reid\DukeMTMC-reID/bounding_box_test\0494_c2_f0132727.jpg,2,2,0.8461520671844482,1.0,F,817,D:\deep-person-reid\reid-data\dukemtmc-reid\DukeMTMC-reID/query\0494_c5_f0137332.jpg,494,False,True,True,-0.003194749355316162,1.0
D:\deep-person-reid\reid-data\dukemtmc-reid\DukeMTMC-reID/bounding_box_test\0486_c6_f0116907.jpg,486,0.8801469206809998,,,,,,B,818,D:\deep-person-reid\reid-data\dukemtmc-reid\DukeMTMC-reID/query\0494_c6_f0116931.jpg,494,,False,False,,
D:\deep-person-reid\reid-data\dukemtmc-reid\DukeMTMC-reID/bounding_box_test\0592_c1_f0154987.jpg,592,0.8528221845626831,,,,,,B,819,D:\deep-person-reid\reid-data\dukemtmc-reid\DukeMTMC-reID/query\0495_c1_f0128679.jpg,495,,False,False,,
D:\deep-person-reid\reid-data\dukemtmc-reid\DukeMTMC-reID/bounding_box_test\0849_c5_f0221367.jpg,849,0.8444925546646118,,,,,,B,820,D:\deep-person-reid\reid-data\dukemtmc-reid\DukeMTMC-reID/query\0495_c2_f0132992.jpg,495,,False,False,,
D:\deep-person-reid\reid-data\dukemtmc-reid\DukeMTMC-reID/bounding_box_test\0691_c1_f0172431.jpg,691,0.8023538589477539,,,,,,C,821,D:\deep-person-reid\reid-data\dukemtmc-reid\DukeMTMC-reID/query\0497_c1_f0129209.jpg,497,,False,True,,
D:\deep-person-reid\reid-data\dukemtmc-reid\DukeMTMC-reID/bounding_box_test\0092_c2_f0073765.jpg,92,0.801443338394165,,,,,,C,822,D:\deep-person-reid\reid-data\dukemtmc-reid\DukeMTMC-reID/query\0497_c2_f0129186.jpg,497,,False,True,,
D:\deep-person-reid\reid-data\dukemtmc-reid\DukeMTMC-reID/bounding_box_test\0537_c5_f0146659.jpg,537,0.8291400671005249,D:\deep-person-reid\reid-data\dukemtmc-reid\DukeMTMC-reID/bounding_box_test\0499_c2_f0133956.jpg,1,2,0.824968159198761,-1.0,E,825,D:\deep-person-reid\reid-data\dukemtmc-reid\DukeMTMC-reID/query\0499_c5_f0139916.jpg,499,True,True,True,-0.004171907901763916,1.0
D:\deep-person-reid\reid-data\dukemtmc-reid\DukeMTMC-reID/bounding_box_test\0288_c1_f0099003.jpg,288,0.7945263385772705,,,,,,B,827,D:\deep-person-reid\reid-data\dukemtmc-reid\DukeMTMC-reID/query\0500_c1_f0129754.jpg,500,,False,False,,
D:\deep-person-reid\reid-data\dukemtmc-reid\DukeMTMC-reID/bounding_box_test\0631_c5_f0170597.jpg,631,0.7968569993972778,,,,,,C,829,D:\deep-person-reid\reid-data\dukemtmc-reid\DukeMTMC-reID/query\0500_c5_f0139946.jpg,500,,False,True,,
D:\deep-person-reid\reid-data\dukemtmc-reid\DukeMTMC-reID/bounding_box_test\0644_c6_f0152321.jpg,644,0.8064724206924438,,,,,,B,830,D:\deep-person-reid\reid-data\dukemtmc-reid\DukeMTMC-reID/query\0500_c6_f0118591.jpg,500,,False,False,,
D:\deep-person-reid\reid-data\dukemtmc-reid\DukeMTMC-reID/bounding_box_test\0741_c1_f0185934.jpg,741,0.7539416551589966,,,,,,B,831,D:\deep-person-reid\reid-data\dukemtmc-reid\DukeMTMC-reID/query\0501_c1_f0129872.jpg,501,,False,False,,
D:\deep-person-reid\reid-data\dukemtmc-reid\DukeMTMC-reID/bounding_box_test\4654_c6_f0150454.jpg,4654,0.7970538139343262,,,,,,C,834,D:\deep-person-reid\reid-data\dukemtmc-reid\DukeMTMC-reID/query\0501_c6_f0108325.jpg,501,,False,True,,
D:\deep-person-reid\reid-data\dukemtmc-reid\DukeMTMC-reID/bounding_box_test\0509_c1_f0131176.jpg,509,0.792510986328125,D:\deep-person-reid\reid-data\dukemtmc-reid\DukeMTMC-reID/bounding_box_test\0503_c8_f0085348.jpg,1,2,0.7849500775337219,-0.5,E,835,D:\deep-person-reid\reid-data\dukemtmc-reid\DukeMTMC-reID/query\0503_c1_f0130063.jpg,503,True,True,True,-0.007560908794403076,0.5
D:\deep-person-reid\reid-data\dukemtmc-reid\DukeMTMC-reID/bounding_box_test\6362_c8_f0072229.jpg,6362,0.8217464685440063,,,,,,C,836,D:\deep-person-reid\reid-data\dukemtmc-reid\DukeMTMC-reID/query\0503_c8_f0085828.jpg,503,,False,True,,
D:\deep-person-reid\reid-data\dukemtmc-reid\DukeMTMC-reID/bounding_box_test\4332_c8_f0058166.jpg,4332,0.8430025577545166,,,,,,B,838,D:\deep-person-reid\reid-data\dukemtmc-reid\DukeMTMC-reID/query\0506_c8_f0087155.jpg,506,,False,False,,
D:\deep-person-reid\reid-data\dukemtmc-reid\DukeMTMC-reID/bounding_box_test\3410_c8_f0035777.jpg,3410,0.848529040813446,,,,,,B,839,D:\deep-person-reid\reid-data\dukemtmc-reid\DukeMTMC-reID/query\0508_c1_f0131093.jpg,508,,False,False,,
D:\deep-person-reid\reid-data\dukemtmc-reid\DukeMTMC-reID/bounding_box_test\0416_c2_f0126014.jpg,416,0.7899124622344971,,,,,,B,840,D:\deep-person-reid\reid-data\dukemtmc-reid\DukeMTMC-reID/query\0508_c2_f0135107.jpg,508,,False,False,,
D:\deep-person-reid\reid-data\dukemtmc-reid\DukeMTMC-reID/bounding_box_test\4066_c7_f0041534.jpg,4066,0.8334127068519592,,,,,,B,841,D:\deep-person-reid\reid-data\dukemtmc-reid\DukeMTMC-reID/query\0508_c3_f0112499.jpg,508,,False,False,,
D:\deep-person-reid\reid-data\dukemtmc-reid\DukeMTMC-reID/bounding_box_test\2012_c4_f0183175.jpg,2012,0.8527765274047852,,,,,,B,842,D:\deep-person-reid\reid-data\dukemtmc-reid\DukeMTMC-reID/query\0508_c4_f0109923.jpg,508,,False,False,,
D:\deep-person-reid\reid-data\dukemtmc-reid\DukeMTMC-reID/bounding_box_test\3354_c6_f0044052.jpg,3354,0.8504607677459717,D:\deep-person-reid\reid-data\dukemtmc-reid\DukeMTMC-reID/bounding_box_test\0509_c4_f0100816.jpg,10,10,0.8319790363311768,1.0,F,844,D:\deep-person-reid\reid-data\dukemtmc-reid\DukeMTMC-reID/query\0509_c2_f0131630.jpg,509,False,True,True,-0.018481731414794922,1.0
D:\deep-person-reid\reid-data\dukemtmc-reid\DukeMTMC-reID/bounding_box_test\0200_c6_f0067466.jpg,200,0.854456901550293,,,,,,C,845,D:\deep-person-reid\reid-data\dukemtmc-reid\DukeMTMC-reID/query\0509_c3_f0106517.jpg,509,,False,True,,
D:\deep-person-reid\reid-data\dukemtmc-reid\DukeMTMC-reID/bounding_box_test\4280_c8_f0051924.jpg,4280,0.861343264579773,D:\deep-person-reid\reid-data\dukemtmc-reid\DukeMTMC-reID/bounding_box_test\0509_c2_f0131030.jpg,8,8,0.8448160886764526,1.0,F,846,D:\deep-person-reid\reid-data\dukemtmc-reid\DukeMTMC-reID/query\0509_c4_f0100696.jpg,509,False,True,True,-0.016527175903320312,1.0
D:\deep-person-reid\reid-data\dukemtmc-reid\DukeMTMC-reID/bounding_box_test\0230_c2_f0093982.jpg,230,0.8235862851142883,,,,,,C,847,D:\deep-person-reid\reid-data\dukemtmc-reid\DukeMTMC-reID/query\0514_c1_f0131907.jpg,514,,False,True,,
D:\deep-person-reid\reid-data\dukemtmc-reid\DukeMTMC-reID/bounding_box_test\0125_c2_f0081091.jpg,125,0.8167557716369629,,,,,,C,848,D:\deep-person-reid\reid-data\dukemtmc-reid\DukeMTMC-reID/query\0514_c6_f0118627.jpg,514,,False,True,,
D:\deep-person-reid\reid-data\dukemtmc-reid\DukeMTMC-reID/bounding_box_test\0244_c6_f0073684.jpg,244,0.8634905815124512,,,,,,C,850,D:\deep-person-reid\reid-data\dukemtmc-reid\DukeMTMC-reID/query\0515_c6_f0073817.jpg,515,,False,True,,
D:\deep-person-reid\reid-data\dukemtmc-reid\DukeMTMC-reID/bounding_box_test\6362_c8_f0071869.jpg,6362,0.8026137948036194,,,,,,B,852,D:\deep-person-reid\reid-data\dukemtmc-reid\DukeMTMC-reID/query\0515_c8_f0051972.jpg,515,,False,False,,
D:\deep-person-reid\reid-data\dukemtmc-reid\DukeMTMC-reID/bounding_box_test\1440_c4_f0064107.jpg,1440,0.7538667917251587,,,,,,B,856,D:\deep-person-reid\reid-data\dukemtmc-reid\DukeMTMC-reID/query\0516_c4_f0111971.jpg,516,,False,False,,
D:\deep-person-reid\reid-data\dukemtmc-reid\DukeMTMC-reID/bounding_box_test\0230_c1_f0094040.jpg,230,0.8188650608062744,,,,,,B,857,D:\deep-person-reid\reid-data\dukemtmc-reid\DukeMTMC-reID/query\0517_c1_f0132261.jpg,517,,False,False,,
D:\deep-person-reid\reid-data\dukemtmc-reid\DukeMTMC-reID/bounding_box_test\0380_c2_f0110683.jpg,380,0.7757118940353394,D:\deep-person-reid\reid-data\dukemtmc-reid\DukeMTMC-reID/bounding_box_test\0517_c1_f0132501.jpg,4,5,0.7592248916625977,-1.0,E,858,D:\deep-person-reid\reid-data\dukemtmc-reid\DukeMTMC-reID/query\0517_c2_f0131939.jpg,517,True,True,True,-0.0164870023727417,0.0
D:\deep-person-reid\reid-data\dukemtmc-reid\DukeMTMC-reID/bounding_box_test\0292_c6_f0087855.jpg,292,0.792055606842041,,,,,,B,860,D:\deep-person-reid\reid-data\dukemtmc-reid\DukeMTMC-reID/query\0517_c6_f0110303.jpg,517,,False,False,,
D:\deep-person-reid\reid-data\dukemtmc-reid\DukeMTMC-reID/bounding_box_test\0304_c1_f0100171.jpg,304,0.9272058606147766,,,,,,B,861,D:\deep-person-reid\reid-data\dukemtmc-reid\DukeMTMC-reID/query\0523_c1_f0132959.jpg,523,,False,False,,
D:\deep-person-reid\reid-data\dukemtmc-reid\DukeMTMC-reID/bounding_box_test\0680_c8_f0133509.jpg,680,0.7723644971847534,,,,,,C,863,D:\deep-person-reid\reid-data\dukemtmc-reid\DukeMTMC-reID/query\0523_c3_f0108409.jpg,523,,False,True,,
D:\deep-person-reid\reid-data\dukemtmc-reid\DukeMTMC-reID/bounding_box_test\3259_c4_f0193160.jpg,3259,0.7877330780029297,D:\deep-person-reid\reid-data\dukemtmc-reid\DukeMTMC-reID/bounding_box_test\0523_c2_f0133211.jpg,3,3,0.7721275091171265,-1.0,F,864,D:\deep-person-reid\reid-data\dukemtmc-reid\DukeMTMC-reID/query\0523_c4_f0102894.jpg,523,False,True,True,-0.015605568885803223,-1.0
D:\deep-person-reid\reid-data\dukemtmc-reid\DukeMTMC-reID/bounding_box_test\0251_c1_f0095915.jpg,251,0.7892637252807617,,,,,,B,865,D:\deep-person-reid\reid-data\dukemtmc-reid\DukeMTMC-reID/query\0525_c1_f0096064.jpg,525,,False,False,,
D:\deep-person-reid\reid-data\dukemtmc-reid\DukeMTMC-reID/bounding_box_test\0251_c2_f0096730.jpg,251,0.9007759094238281,,,,,,B,866,D:\deep-person-reid\reid-data\dukemtmc-reid\DukeMTMC-reID/query\0525_c2_f0096733.jpg,525,,False,False,,
D:\deep-person-reid\reid-data\dukemtmc-reid\DukeMTMC-reID/bounding_box_test\1480_c4_f0067966.jpg,1480,0.8119782209396362,,,,,,B,867,D:\deep-person-reid\reid-data\dukemtmc-reid\DukeMTMC-reID/query\0525_c4_f0065769.jpg,525,,False,False,,
D:\deep-person-reid\reid-data\dukemtmc-reid\DukeMTMC-reID/bounding_box_test\0350_c1_f0106674.jpg,350,0.8533785939216614,,,,,,C,868,D:\deep-person-reid\reid-data\dukemtmc-reid\DukeMTMC-reID/query\0527_c1_f0134567.jpg,527,,False,True,,
D:\deep-person-reid\reid-data\dukemtmc-reid\DukeMTMC-reID/bounding_box_test\0235_c5_f0076859.jpg,235,0.8197003602981567,,,,,,C,869,D:\deep-person-reid\reid-data\dukemtmc-reid\DukeMTMC-reID/query\0527_c2_f0135250.jpg,527,,False,True,,
D:\deep-person-reid\reid-data\dukemtmc-reid\DukeMTMC-reID/bounding_box_test\0140_c6_f0169881.jpg,140,0.8607580661773682,,,,,,B,870,D:\deep-person-reid\reid-data\dukemtmc-reid\DukeMTMC-reID/query\0527_c3_f0110213.jpg,527,,False,False,,
D:\deep-person-reid\reid-data\dukemtmc-reid\DukeMTMC-reID/bounding_box_test\0329_c1_f0105967.jpg,329,0.86456298828125,,,,,,B,874,D:\deep-person-reid\reid-data\dukemtmc-reid\DukeMTMC-reID/query\0533_c1_f0135947.jpg,533,,False,False,,
D:\deep-person-reid\reid-data\dukemtmc-reid\DukeMTMC-reID/bounding_box_test\0377_c2_f0114453.jpg,377,0.8399052619934082,,,,,,B,875,D:\deep-person-reid\reid-data\dukemtmc-reid\DukeMTMC-reID/query\0533_c2_f0136055.jpg,533,,False,False,,
D:\deep-person-reid\reid-data\dukemtmc-reid\DukeMTMC-reID/bounding_box_test\0324_c1_f0105630.jpg,324,0.876068115234375,,,,,,B,876,D:\deep-person-reid\reid-data\dukemtmc-reid\DukeMTMC-reID/query\0535_c1_f0137964.jpg,535,,False,False,,
D:\deep-person-reid\reid-data\dukemtmc-reid\DukeMTMC-reID/bounding_box_test\0427_c1_f0118897.jpg,427,0.8544352054595947,,,,,,C,878,D:\deep-person-reid\reid-data\dukemtmc-reid\DukeMTMC-reID/query\0537_c1_f0137788.jpg,537,,False,True,,
D:\deep-person-reid\reid-data\dukemtmc-reid\DukeMTMC-reID/bounding_box_test\0695_c1_f0173389.jpg,695,0.9429179430007935,,,,,,B,882,D:\deep-person-reid\reid-data\dukemtmc-reid\DukeMTMC-reID/query\0538_c1_f0138795.jpg,538,,False,False,,
D:\deep-person-reid\reid-data\dukemtmc-reid\DukeMTMC-reID/bounding_box_test\0691_c2_f0172083.jpg,691,0.8079859018325806,,,,,,C,886,D:\deep-person-reid\reid-data\dukemtmc-reid\DukeMTMC-reID/query\0539_c1_f0138648.jpg,539,,False,True,,
D:\deep-person-reid\reid-data\dukemtmc-reid\DukeMTMC-reID/bounding_box_test\6137_c8_f0048568.jpg,6137,0.7781234383583069,,,,,,B,887,D:\deep-person-reid\reid-data\dukemtmc-reid\DukeMTMC-reID/query\0539_c8_f0095655.jpg,539,,False,False,,
D:\deep-person-reid\reid-data\dukemtmc-reid\DukeMTMC-reID/bounding_box_test\0371_c1_f0109710.jpg,371,0.8290672898292542,,,,,,B,888,D:\deep-person-reid\reid-data\dukemtmc-reid\DukeMTMC-reID/query\0540_c1_f0139455.jpg,540,,False,False,,
D:\deep-person-reid\reid-data\dukemtmc-reid\DukeMTMC-reID/bounding_box_test\0834_c2_f0215855.jpg,834,0.8112514019012451,,,,,,C,889,D:\deep-person-reid\reid-data\dukemtmc-reid\DukeMTMC-reID/query\0540_c2_f0143922.jpg,540,,False,True,,
D:\deep-person-reid\reid-data\dukemtmc-reid\DukeMTMC-reID/bounding_box_test\0075_c3_f0046760.jpg,75,0.8267028331756592,,,,,,B,890,D:\deep-person-reid\reid-data\dukemtmc-reid\DukeMTMC-reID/query\0540_c3_f0121574.jpg,540,,False,False,,
D:\deep-person-reid\reid-data\dukemtmc-reid\DukeMTMC-reID/bounding_box_test\0206_c4_f0070746.jpg,206,0.850837767124176,,,,,,B,891,D:\deep-person-reid\reid-data\dukemtmc-reid\DukeMTMC-reID/query\0540_c4_f0119318.jpg,540,,False,False,,
D:\deep-person-reid\reid-data\dukemtmc-reid\DukeMTMC-reID/bounding_box_test\0035_c1_f0057552.jpg,35,0.8609095215797424,,,,,,B,892,D:\deep-person-reid\reid-data\dukemtmc-reid\DukeMTMC-reID/query\0541_c1_f0139612.jpg,541,,False,False,,
D:\deep-person-reid\reid-data\dukemtmc-reid\DukeMTMC-reID/bounding_box_test\0418_c1_f0117990.jpg,418,0.8771486282348633,,,,,,B,896,D:\deep-person-reid\reid-data\dukemtmc-reid\DukeMTMC-reID/query\0542_c1_f0140907.jpg,542,,False,False,,
D:\deep-person-reid\reid-data\dukemtmc-reid\DukeMTMC-reID/bounding_box_test\0527_c1_f0134927.jpg,527,0.8324804306030273,D:\deep-person-reid\reid-data\dukemtmc-reid\DukeMTMC-reID/bounding_box_test\0542_c6_f0118349.jpg,3,3,0.8235822916030884,0.0,F,897,D:\deep-person-reid\reid-data\dukemtmc-reid\DukeMTMC-reID/query\0542_c2_f0140711.jpg,542,False,True,True,-0.008898138999938965,0.0
D:\deep-person-reid\reid-data\dukemtmc-reid\DukeMTMC-reID/bounding_box_test\0849_c6_f0196092.jpg,849,0.8635641932487488,,,,,,C,899,D:\deep-person-reid\reid-data\dukemtmc-reid\DukeMTMC-reID/query\0542_c6_f0118709.jpg,542,,False,True,,
D:\deep-person-reid\reid-data\dukemtmc-reid\DukeMTMC-reID/bounding_box_test\0359_c1_f0108380.jpg,359,0.9191616773605347,,,,,,B,901,D:\deep-person-reid\reid-data\dukemtmc-reid\DukeMTMC-reID/query\0543_c1_f0141101.jpg,543,,False,False,,
D:\deep-person-reid\reid-data\dukemtmc-reid\DukeMTMC-reID/bounding_box_test\0019_c6_f0039590.jpg,19,0.8047015070915222,,,,,,B,904,D:\deep-person-reid\reid-data\dukemtmc-reid\DukeMTMC-reID/query\0543_c6_f0120056.jpg,543,,False,False,,
D:\deep-person-reid\reid-data\dukemtmc-reid\DukeMTMC-reID/bounding_box_test\0346_c1_f0107009.jpg,346,0.8832803964614868,,,,,,B,905,D:\deep-person-reid\reid-data\dukemtmc-reid\DukeMTMC-reID/query\0549_c1_f0142066.jpg,549,,False,False,,
D:\deep-person-reid\reid-data\dukemtmc-reid\DukeMTMC-reID/bounding_box_test\6219_c8_f0055030.jpg,6219,0.8136469125747681,,,,,,B,906,D:\deep-person-reid\reid-data\dukemtmc-reid\DukeMTMC-reID/query\0549_c8_f0098146.jpg,549,,False,False,,
D:\deep-person-reid\reid-data\dukemtmc-reid\DukeMTMC-reID/bounding_box_test\1487_c4_f0069284.jpg,1487,0.7542457580566406,D:\deep-person-reid\reid-data\dukemtmc-reid\DukeMTMC-reID/bounding_box_test\0551_c5_f0151151.jpg,7,5,0.7379461526870728,1.0,F,909,D:\deep-person-reid\reid-data\dukemtmc-reid\DukeMTMC-reID/query\0551_c6_f0129940.jpg,551,False,True,True,-0.01629960536956787,-1.0
D:\deep-person-reid\reid-data\dukemtmc-reid\DukeMTMC-reID/bounding_box_test\0163_c1_f0084034.jpg,163,0.9051285982131958,,,,,,B,914,D:\deep-person-reid\reid-data\dukemtmc-reid\DukeMTMC-reID/query\0553_c1_f0146128.jpg,553,,False,False,,
D:\deep-person-reid\reid-data\dukemtmc-reid\DukeMTMC-reID/bounding_box_test\0270_c1_f0097776.jpg,270,0.8295118808746338,,,,,,B,918,D:\deep-person-reid\reid-data\dukemtmc-reid\DukeMTMC-reID/query\0554_c1_f0146988.jpg,554,,False,False,,
D:\deep-person-reid\reid-data\dukemtmc-reid\DukeMTMC-reID/bounding_box_test\0030_c1_f0056803.jpg,30,0.8342077136039734,,,,,,C,920,D:\deep-person-reid\reid-data\dukemtmc-reid\DukeMTMC-reID/query\0555_c1_f0146667.jpg,555,,False,True,,
D:\deep-person-reid\reid-data\dukemtmc-reid\DukeMTMC-reID/bounding_box_test\6686_c8_f0141673.jpg,6686,0.8375647068023682,D:\deep-person-reid\reid-data\dukemtmc-reid\DukeMTMC-reID/bounding_box_test\0555_c1_f0147027.jpg,2,2,0.8368492126464844,1.0,F,921,D:\deep-person-reid\reid-data\dukemtmc-reid\DukeMTMC-reID/query\0555_c2_f0146806.jpg,555,False,True,True,-0.0007154941558837891,1.0
D:\deep-person-reid\reid-data\dukemtmc-reid\DukeMTMC-reID/bounding_box_test\4613_c7_f0145123.jpg,4613,0.845879316329956,,,,,,C,923,D:\deep-person-reid\reid-data\dukemtmc-reid\DukeMTMC-reID/query\0555_c4_f0116243.jpg,555,,False,True,,
D:\deep-person-reid\reid-data\dukemtmc-reid\DukeMTMC-reID/bounding_box_test\0691_c1_f0172431.jpg,691,0.8133275508880615,,,,,,B,924,D:\deep-person-reid\reid-data\dukemtmc-reid\DukeMTMC-reID/query\0560_c1_f0148789.jpg,560,,False,False,,
D:\deep-person-reid\reid-data\dukemtmc-reid\DukeMTMC-reID/bounding_box_test\0149_c1_f0081209.jpg,149,0.9121607542037964,,,,,,B,926,D:\deep-person-reid\reid-data\dukemtmc-reid\DukeMTMC-reID/query\0565_c1_f0150268.jpg,565,,False,False,,
D:\deep-person-reid\reid-data\dukemtmc-reid\DukeMTMC-reID/bounding_box_test\0434_c2_f0119416.jpg,434,0.8421117067337036,D:\deep-person-reid\reid-data\dukemtmc-reid\DukeMTMC-reID/bounding_box_test\0565_c5_f0152920.jpg,2,2,0.8416104912757874,1.0,F,927,D:\deep-person-reid\reid-data\dukemtmc-reid\DukeMTMC-reID/query\0565_c2_f0150172.jpg,565,False,True,True,-0.0005012154579162598,1.0
D:\deep-person-reid\reid-data\dukemtmc-reid\DukeMTMC-reID/bounding_box_test\0243_c5_f0105229.jpg,243,0.8517025113105774,,,,,,C,928,D:\deep-person-reid\reid-data\dukemtmc-reid\DukeMTMC-reID/query\0565_c5_f0152440.jpg,565,,False,True,,
D:\deep-person-reid\reid-data\dukemtmc-reid\DukeMTMC-reID/bounding_box_test\4079_c6_f0039994.jpg,4079,0.8543078303337097,D:\deep-person-reid\reid-data\dukemtmc-reid\DukeMTMC-reID/bounding_box_test\0565_c5_f0152800.jpg,2,2,0.8474850058555603,0.5,F,929,D:\deep-person-reid\reid-data\dukemtmc-reid\DukeMTMC-reID/query\0565_c6_f0128638.jpg,565,False,True,True,-0.006822824478149414,0.5
D:\deep-person-reid\reid-data\dukemtmc-reid\DukeMTMC-reID/bounding_box_test\0099_c1_f0070557.jpg,99,0.8509924411773682,,,,,,B,930,D:\deep-person-reid\reid-data\dukemtmc-reid\DukeMTMC-reID/query\0567_c1_f0151055.jpg,567,,False,False,,
D:\deep-person-reid\reid-data\dukemtmc-reid\DukeMTMC-reID/bounding_box_test\1598_c2_f0114776.jpg,1598,0.7803848385810852,,,,,,B,931,D:\deep-person-reid\reid-data\dukemtmc-reid\DukeMTMC-reID/query\0567_c2_f0154913.jpg,567,,False,False,,
D:\deep-person-reid\reid-data\dukemtmc-reid\DukeMTMC-reID/bounding_box_test\0806_c1_f0204375.jpg,806,0.857268214225769,,,,,,B,932,D:\deep-person-reid\reid-data\dukemtmc-reid\DukeMTMC-reID/query\0570_c1_f0150879.jpg,570,,False,False,,
D:\deep-person-reid\reid-data\dukemtmc-reid\DukeMTMC-reID/bounding_box_test\0427_c3_f0100580.jpg,427,0.8205190300941467,,,,,,B,934,D:\deep-person-reid\reid-data\dukemtmc-reid\DukeMTMC-reID/query\0570_c3_f0133827.jpg,570,,False,False,,
D:\deep-person-reid\reid-data\dukemtmc-reid\DukeMTMC-reID/bounding_box_test\2754_c4_f0167120.jpg,2754,0.8464972972869873,,,,,,B,935,D:\deep-person-reid\reid-data\dukemtmc-reid\DukeMTMC-reID/query\0570_c4_f0131361.jpg,570,,False,False,,
D:\deep-person-reid\reid-data\dukemtmc-reid\DukeMTMC-reID/bounding_box_test\0098_c1_f0070224.jpg,98,0.8185968399047852,,,,,,B,936,D:\deep-person-reid\reid-data\dukemtmc-reid\DukeMTMC-reID/query\0571_c1_f0151441.jpg,571,,False,False,,
D:\deep-person-reid\reid-data\dukemtmc-reid\DukeMTMC-reID/bounding_box_test\5887_c8_f0017754.jpg,5887,0.8761922121047974,,,,,,C,938,D:\deep-person-reid\reid-data\dukemtmc-reid\DukeMTMC-reID/query\0571_c5_f0161268.jpg,571,,False,True,,
D:\deep-person-reid\reid-data\dukemtmc-reid\DukeMTMC-reID/bounding_box_test\0098_c6_f0057652.jpg,98,0.8587157726287842,,,,,,B,939,D:\deep-person-reid\reid-data\dukemtmc-reid\DukeMTMC-reID/query\0571_c6_f0139936.jpg,571,,False,False,,
D:\deep-person-reid\reid-data\dukemtmc-reid\DukeMTMC-reID/bounding_box_test\0206_c1_f0090686.jpg,206,0.8814491033554077,,,,,,B,940,D:\deep-person-reid\reid-data\dukemtmc-reid\DukeMTMC-reID/query\0576_c1_f0152684.jpg,576,,False,False,,
D:\deep-person-reid\reid-data\dukemtmc-reid\DukeMTMC-reID/bounding_box_test\0608_c2_f0161877.jpg,608,0.8304293751716614,,,,,,B,941,D:\deep-person-reid\reid-data\dukemtmc-reid\DukeMTMC-reID/query\0576_c2_f0156917.jpg,576,,False,False,,
D:\deep-person-reid\reid-data\dukemtmc-reid\DukeMTMC-reID/bounding_box_test\2053_c3_f0197656.jpg,2053,0.8383283615112305,,,,,,B,942,D:\deep-person-reid\reid-data\dukemtmc-reid\DukeMTMC-reID/query\0576_c3_f0134509.jpg,576,,False,False,,
D:\deep-person-reid\reid-data\dukemtmc-reid\DukeMTMC-reID/bounding_box_test\0414_c4_f0096302.jpg,414,0.857775866985321,,,,,,B,943,D:\deep-person-reid\reid-data\dukemtmc-reid\DukeMTMC-reID/query\0576_c4_f0132135.jpg,576,,False,False,,
D:\deep-person-reid\reid-data\dukemtmc-reid\DukeMTMC-reID/bounding_box_test\0571_c1_f0150961.jpg,571,0.8453335762023926,,,,,,B,944,D:\deep-person-reid\reid-data\dukemtmc-reid\DukeMTMC-reID/query\0577_c1_f0152623.jpg,577,,False,False,,
D:\deep-person-reid\reid-data\dukemtmc-reid\DukeMTMC-reID/bounding_box_test\0654_c2_f0169783.jpg,654,0.8151345252990723,,,,,,B,945,D:\deep-person-reid\reid-data\dukemtmc-reid\DukeMTMC-reID/query\0577_c2_f0157240.jpg,577,,False,False,,
D:\deep-person-reid\reid-data\dukemtmc-reid\DukeMTMC-reID/bounding_box_test\0337_c1_f0105779.jpg,337,0.8597496747970581,,,,,,B,946,D:\deep-person-reid\reid-data\dukemtmc-reid\DukeMTMC-reID/query\0580_c1_f0153407.jpg,580,,False,False,,
D:\deep-person-reid\reid-data\dukemtmc-reid\DukeMTMC-reID/bounding_box_test\0027_c2_f0054758.jpg,27,0.8459008932113647,D:\deep-person-reid\reid-data\dukemtmc-reid\DukeMTMC-reID/bounding_box_test\0580_c1_f0153767.jpg,2,2,0.8454536199569702,1.0,F,947,D:\deep-person-reid\reid-data\dukemtmc-reid\DukeMTMC-reID/query\0580_c2_f0158091.jpg,580,False,True,True,-0.00044727325439453125,1.0
D:\deep-person-reid\reid-data\dukemtmc-reid\DukeMTMC-reID/bounding_box_test\0587_c3_f0135575.jpg,587,0.84405517578125,,,,,,B,948,D:\deep-person-reid\reid-data\dukemtmc-reid\DukeMTMC-reID/query\0580_c3_f0135641.jpg,580,,False,False,,
D:\deep-person-reid\reid-data\dukemtmc-reid\DukeMTMC-reID/bounding_box_test\4695_c8_f0131386.jpg,4695,0.7667213678359985,,,,,,B,949,D:\deep-person-reid\reid-data\dukemtmc-reid\DukeMTMC-reID/query\0580_c4_f0134680.jpg,580,,False,False,,
D:\deep-person-reid\reid-data\dukemtmc-reid\DukeMTMC-reID/bounding_box_test\0580_c1_f0153887.jpg,580,0.8835840821266174,,,,,,B,950,D:\deep-person-reid\reid-data\dukemtmc-reid\DukeMTMC-reID/query\0581_c1_f0153952.jpg,581,,False,False,,
D:\deep-person-reid\reid-data\dukemtmc-reid\DukeMTMC-reID/bounding_box_test\1328_c2_f0074893.jpg,1328,0.8620589971542358,,,,,,B,951,D:\deep-person-reid\reid-data\dukemtmc-reid\DukeMTMC-reID/query\0581_c2_f0157655.jpg,581,,False,False,,
D:\deep-person-reid\reid-data\dukemtmc-reid\DukeMTMC-reID/bounding_box_test\0508_c3_f0112139.jpg,508,0.8757611513137817,,,,,,B,952,D:\deep-person-reid\reid-data\dukemtmc-reid\DukeMTMC-reID/query\0581_c3_f0134935.jpg,581,,False,False,,
D:\deep-person-reid\reid-data\dukemtmc-reid\DukeMTMC-reID/bounding_box_test\4066_c6_f0037315.jpg,4066,0.8191357851028442,,,,,,B,953,D:\deep-person-reid\reid-data\dukemtmc-reid\DukeMTMC-reID/query\0581_c4_f0132958.jpg,581,,False,False,,
D:\deep-person-reid\reid-data\dukemtmc-reid\DukeMTMC-reID/bounding_box_test\0584_c1_f0154054.jpg,584,0.8349703550338745,,,,,,B,954,D:\deep-person-reid\reid-data\dukemtmc-reid\DukeMTMC-reID/query\0583_c1_f0154292.jpg,583,,False,False,,
D:\deep-person-reid\reid-data\dukemtmc-reid\DukeMTMC-reID/bounding_box_test\2777_c5_f0209862.jpg,2777,0.8413406014442444,,,,,,C,956,D:\deep-person-reid\reid-data\dukemtmc-reid\DukeMTMC-reID/query\0583_c5_f0163901.jpg,583,,False,True,,
D:\deep-person-reid\reid-data\dukemtmc-reid\DukeMTMC-reID/bounding_box_test\0584_c6_f0143063.jpg,584,0.9506219029426575,,,,,,C,957,D:\deep-person-reid\reid-data\dukemtmc-reid\DukeMTMC-reID/query\0583_c6_f0143063.jpg,583,,False,True,,
D:\deep-person-reid\reid-data\dukemtmc-reid\DukeMTMC-reID/bounding_box_test\0583_c1_f0153812.jpg,583,0.8907423615455627,,,,,,B,958,D:\deep-person-reid\reid-data\dukemtmc-reid\DukeMTMC-reID/query\0584_c1_f0153814.jpg,584,,False,False,,
D:\deep-person-reid\reid-data\dukemtmc-reid\DukeMTMC-reID/bounding_box_test\6535_c2_f0207457.jpg,6535,0.859560489654541,,,,,,C,959,D:\deep-person-reid\reid-data\dukemtmc-reid\DukeMTMC-reID/query\0584_c2_f0158489.jpg,584,,False,True,,
D:\deep-person-reid\reid-data\dukemtmc-reid\DukeMTMC-reID/bounding_box_test\0583_c6_f0143183.jpg,583,0.9460136294364929,,,,,,B,961,D:\deep-person-reid\reid-data\dukemtmc-reid\DukeMTMC-reID/query\0584_c6_f0143183.jpg,584,,False,False,,
D:\deep-person-reid\reid-data\dukemtmc-reid\DukeMTMC-reID/bounding_box_test\0850_c1_f0221600.jpg,850,0.8276749849319458,D:\deep-person-reid\reid-data\dukemtmc-reid\DukeMTMC-reID/bounding_box_test\0586_c2_f0166598.jpg,3,6,0.8210146427154541,-1.0,F,962,D:\deep-person-reid\reid-data\dukemtmc-reid\DukeMTMC-reID/query\0586_c1_f0154024.jpg,586,False,True,True,-0.006660342216491699,1.0
D:\deep-person-reid\reid-data\dukemtmc-reid\DukeMTMC-reID/bounding_box_test\0488_c5_f0129877.jpg,488,0.8069809675216675,D:\deep-person-reid\reid-data\dukemtmc-reid\DukeMTMC-reID/bounding_box_test\0586_c1_f0154264.jpg,5,2,0.7961856126785278,-0.5,F,963,D:\deep-person-reid\reid-data\dukemtmc-reid\DukeMTMC-reID/query\0586_c2_f0164318.jpg,586,False,True,True,-0.010795354843139648,-0.5
D:\deep-person-reid\reid-data\dukemtmc-reid\DukeMTMC-reID/bounding_box_test\0576_c3_f0134269.jpg,576,0.8980260491371155,,,,,,B,964,D:\deep-person-reid\reid-data\dukemtmc-reid\DukeMTMC-reID/query\0586_c3_f0144264.jpg,586,,False,False,,
D:\deep-person-reid\reid-data\dukemtmc-reid\DukeMTMC-reID/bounding_box_test\2471_c5_f0090360.jpg,2471,0.8462542295455933,,,,,,C,965,D:\deep-person-reid\reid-data\dukemtmc-reid\DukeMTMC-reID/query\0586_c5_f0172845.jpg,586,,False,True,,
D:\deep-person-reid\reid-data\dukemtmc-reid\DukeMTMC-reID/bounding_box_test\3674_c6_f0145847.jpg,3674,0.8194816708564758,,,,,,B,966,D:\deep-person-reid\reid-data\dukemtmc-reid\DukeMTMC-reID/query\0586_c6_f0151826.jpg,586,,False,False,,
D:\deep-person-reid\reid-data\dukemtmc-reid\DukeMTMC-reID/bounding_box_test\0581_c1_f0153832.jpg,581,0.8444586992263794,,,,,,B,967,D:\deep-person-reid\reid-data\dukemtmc-reid\DukeMTMC-reID/query\0587_c1_f0154326.jpg,587,,False,False,,
D:\deep-person-reid\reid-data\dukemtmc-reid\DukeMTMC-reID/bounding_box_test\0586_c2_f0158198.jpg,586,0.8076661229133606,,,,,,B,968,D:\deep-person-reid\reid-data\dukemtmc-reid\DukeMTMC-reID/query\0587_c2_f0158413.jpg,587,,False,False,,
D:\deep-person-reid\reid-data\dukemtmc-reid\DukeMTMC-reID/bounding_box_test\0581_c3_f0135175.jpg,581,0.8965043425559998,,,,,,B,969,D:\deep-person-reid\reid-data\dukemtmc-reid\DukeMTMC-reID/query\0587_c3_f0135815.jpg,587,,False,False,,
D:\deep-person-reid\reid-data\dukemtmc-reid\DukeMTMC-reID/bounding_box_test\1314_c4_f0045990.jpg,1314,0.802478551864624,,,,,,B,970,D:\deep-person-reid\reid-data\dukemtmc-reid\DukeMTMC-reID/query\0587_c4_f0133429.jpg,587,,False,False,,
D:\deep-person-reid\reid-data\dukemtmc-reid\DukeMTMC-reID/bounding_box_test\3731_c7_f0170067.jpg,3731,0.833512008190155,D:\deep-person-reid\reid-data\dukemtmc-reid\DukeMTMC-reID/bounding_box_test\0590_c5_f0163265.jpg,4,2,0.8284084796905518,1.0,F,971,D:\deep-person-reid\reid-data\dukemtmc-reid\DukeMTMC-reID/query\0590_c1_f0155083.jpg,590,False,True,True,-0.0051035284996032715,-1.0
D:\deep-person-reid\reid-data\dukemtmc-reid\DukeMTMC-reID/bounding_box_test\0003_c1_f0053758.jpg,3,0.8362318277359009,,,,,,B,975,D:\deep-person-reid\reid-data\dukemtmc-reid\DukeMTMC-reID/query\0591_c1_f0154606.jpg,591,,False,False,,
D:\deep-person-reid\reid-data\dukemtmc-reid\DukeMTMC-reID/bounding_box_test\0729_c2_f0200648.jpg,729,0.8473535776138306,,,,,,C,976,D:\deep-person-reid\reid-data\dukemtmc-reid\DukeMTMC-reID/query\0591_c2_f0158813.jpg,591,,False,True,,
D:\deep-person-reid\reid-data\dukemtmc-reid\DukeMTMC-reID/bounding_box_test\0329_c1_f0106087.jpg,329,0.9001079797744751,,,,,,B,979,D:\deep-person-reid\reid-data\dukemtmc-reid\DukeMTMC-reID/query\0592_c1_f0155107.jpg,592,,False,False,,
D:\deep-person-reid\reid-data\dukemtmc-reid\DukeMTMC-reID/bounding_box_test\0729_c2_f0201128.jpg,729,0.8685722351074219,,,,,,B,980,D:\deep-person-reid\reid-data\dukemtmc-reid\DukeMTMC-reID/query\0592_c2_f0155313.jpg,592,,False,False,,
D:\deep-person-reid\reid-data\dukemtmc-reid\DukeMTMC-reID/bounding_box_test\0072_c6_f0043021.jpg,72,0.8357051610946655,,,,,,C,982,D:\deep-person-reid\reid-data\dukemtmc-reid\DukeMTMC-reID/query\0592_c6_f0134334.jpg,592,,False,True,,
D:\deep-person-reid\reid-data\dukemtmc-reid\DukeMTMC-reID/bounding_box_test\0352_c1_f0107177.jpg,352,0.8372445702552795,,,,,,B,983,D:\deep-person-reid\reid-data\dukemtmc-reid\DukeMTMC-reID/query\0593_c1_f0155421.jpg,593,,False,False,,
D:\deep-person-reid\reid-data\dukemtmc-reid\DukeMTMC-reID/bounding_box_test\6679_c8_f0140685.jpg,6679,0.8642826080322266,,,,,,B,984,D:\deep-person-reid\reid-data\dukemtmc-reid\DukeMTMC-reID/query\0593_c8_f0110608.jpg,593,,False,False,,
D:\deep-person-reid\reid-data\dukemtmc-reid\DukeMTMC-reID/bounding_box_test\0749_c1_f0188143.jpg,749,0.8906737565994263,,,,,,C,985,D:\deep-person-reid\reid-data\dukemtmc-reid\DukeMTMC-reID/query\0594_c1_f0155572.jpg,594,,False,True,,
D:\deep-person-reid\reid-data\dukemtmc-reid\DukeMTMC-reID/bounding_box_test\1811_c2_f0160152.jpg,1811,0.8631587028503418,,,,,,B,986,D:\deep-person-reid\reid-data\dukemtmc-reid\DukeMTMC-reID/query\0594_c2_f0160182.jpg,594,,False,False,,
D:\deep-person-reid\reid-data\dukemtmc-reid\DukeMTMC-reID/bounding_box_test\0766_c1_f0191357.jpg,766,0.829784631729126,D:\deep-person-reid\reid-data\dukemtmc-reid\DukeMTMC-reID/bounding_box_test\0596_c6_f0143828.jpg,3,2,0.8205419778823853,0.0,F,987,D:\deep-person-reid\reid-data\dukemtmc-reid\DukeMTMC-reID/query\0596_c1_f0156063.jpg,596,False,True,True,-0.009242653846740723,0.0
D:\deep-person-reid\reid-data\dukemtmc-reid\DukeMTMC-reID/bounding_box_test\6416_c8_f0079527.jpg,6416,0.7769614458084106,,,,,,B,991,D:\deep-person-reid\reid-data\dukemtmc-reid\DukeMTMC-reID/query\0597_c8_f0113262.jpg,597,,False,False,,
D:\deep-person-reid\reid-data\dukemtmc-reid\DukeMTMC-reID/bounding_box_test\0765_c1_f0191328.jpg,765,0.8931438326835632,,,,,,B,992,D:\deep-person-reid\reid-data\dukemtmc-reid\DukeMTMC-reID/query\0599_c1_f0156731.jpg,599,,False,False,,
D:\deep-person-reid\reid-data\dukemtmc-reid\DukeMTMC-reID/bounding_box_test\1108_c2_f0166870.jpg,1108,0.8103731870651245,,,,,,B,993,D:\deep-person-reid\reid-data\dukemtmc-reid\DukeMTMC-reID/query\0599_c2_f0161466.jpg,599,,False,False,,
D:\deep-person-reid\reid-data\dukemtmc-reid\DukeMTMC-reID/bounding_box_test\0066_c1_f0063699.jpg,66,0.9374681711196899,,,,,,B,994,D:\deep-person-reid\reid-data\dukemtmc-reid\DukeMTMC-reID/query\0601_c1_f0156867.jpg,601,,False,False,,
D:\deep-person-reid\reid-data\dukemtmc-reid\DukeMTMC-reID/bounding_box_test\4207_c6_f0062037.jpg,4207,0.7938918471336365,,,,,,C,995,D:\deep-person-reid\reid-data\dukemtmc-reid\DukeMTMC-reID/query\0601_c2_f0161262.jpg,601,,False,True,,
D:\deep-person-reid\reid-data\dukemtmc-reid\DukeMTMC-reID/bounding_box_test\1104_c3_f0188333.jpg,1104,0.7777457237243652,,,,,,B,996,D:\deep-person-reid\reid-data\dukemtmc-reid\DukeMTMC-reID/query\0601_c3_f0138880.jpg,601,,False,False,,
D:\deep-person-reid\reid-data\dukemtmc-reid\DukeMTMC-reID/bounding_box_test\0314_c4_f0072689.jpg,314,0.8339719772338867,,,,,,B,997,D:\deep-person-reid\reid-data\dukemtmc-reid\DukeMTMC-reID/query\0601_c4_f0137323.jpg,601,,False,False,,
D:\deep-person-reid\reid-data\dukemtmc-reid\DukeMTMC-reID/bounding_box_test\0220_c1_f0092956.jpg,220,0.836277961730957,,,,,,B,998,D:\deep-person-reid\reid-data\dukemtmc-reid\DukeMTMC-reID/query\0603_c1_f0157189.jpg,603,,False,False,,
D:\deep-person-reid\reid-data\dukemtmc-reid\DukeMTMC-reID/bounding_box_test\0220_c2_f0092734.jpg,220,0.7841846942901611,,,,,,C,999,D:\deep-person-reid\reid-data\dukemtmc-reid\DukeMTMC-reID/query\0603_c2_f0161595.jpg,603,,False,True,,
D:\deep-person-reid\reid-data\dukemtmc-reid\DukeMTMC-reID/bounding_box_test\0371_c3_f0091648.jpg,371,0.8149020671844482,,,,,,B,1000,D:\deep-person-reid\reid-data\dukemtmc-reid\DukeMTMC-reID/query\0603_c3_f0138939.jpg,603,,False,False,,
D:\deep-person-reid\reid-data\dukemtmc-reid\DukeMTMC-reID/bounding_box_test\5920_c8_f0019277.jpg,5920,0.8025856018066406,,,,,,B,1001,D:\deep-person-reid\reid-data\dukemtmc-reid\DukeMTMC-reID/query\0603_c4_f0136027.jpg,603,,False,False,,
D:\deep-person-reid\reid-data\dukemtmc-reid\DukeMTMC-reID/bounding_box_test\0279_c2_f0098580.jpg,279,0.8269264698028564,D:\deep-person-reid\reid-data\dukemtmc-reid\DukeMTMC-reID/bounding_box_test\0605_c2_f0161788.jpg,2,2,0.8202304244041443,0.0,F,1004,D:\deep-person-reid\reid-data\dukemtmc-reid\DukeMTMC-reID/query\0605_c5_f0166721.jpg,605,False,True,True,-0.006696045398712158,0.0
D:\deep-person-reid\reid-data\dukemtmc-reid\DukeMTMC-reID/bounding_box_test\4071_c6_f0038082.jpg,4071,0.8694130182266235,,,,,,B,1005,D:\deep-person-reid\reid-data\dukemtmc-reid\DukeMTMC-reID/query\0605_c6_f0146840.jpg,605,,False,False,,
D:\deep-person-reid\reid-data\dukemtmc-reid\DukeMTMC-reID/bounding_box_test\0206_c1_f0090806.jpg,206,0.8390839695930481,,,,,,B,1006,D:\deep-person-reid\reid-data\dukemtmc-reid\DukeMTMC-reID/query\0608_c1_f0157906.jpg,608,,False,False,,
D:\deep-person-reid\reid-data\dukemtmc-reid\DukeMTMC-reID/bounding_box_test\0576_c2_f0156677.jpg,576,0.8235787153244019,,,,,,B,1007,D:\deep-person-reid\reid-data\dukemtmc-reid\DukeMTMC-reID/query\0608_c2_f0161637.jpg,608,,False,False,,
D:\deep-person-reid\reid-data\dukemtmc-reid\DukeMTMC-reID/bounding_box_test\0238_c1_f0094973.jpg,238,0.8375111818313599,,,,,,C,1008,D:\deep-person-reid\reid-data\dukemtmc-reid\DukeMTMC-reID/query\0611_c1_f0158718.jpg,611,,False,True,,
D:\deep-person-reid\reid-data\dukemtmc-reid\DukeMTMC-reID/bounding_box_test\0238_c2_f0094796.jpg,238,0.8448290824890137,,,,,,C,1009,D:\deep-person-reid\reid-data\dukemtmc-reid\DukeMTMC-reID/query\0611_c2_f0162949.jpg,611,,False,True,,
D:\deep-person-reid\reid-data\dukemtmc-reid\DukeMTMC-reID/bounding_box_test\0205_c2_f0090247.jpg,205,0.8236024379730225,,,,,,B,1011,D:\deep-person-reid\reid-data\dukemtmc-reid\DukeMTMC-reID/query\0612_c2_f0163295.jpg,612,,False,False,,
D:\deep-person-reid\reid-data\dukemtmc-reid\DukeMTMC-reID/bounding_box_test\0409_c1_f0115922.jpg,409,0.9428493976593018,,,,,,B,1014,D:\deep-person-reid\reid-data\dukemtmc-reid\DukeMTMC-reID/query\0620_c1_f0159323.jpg,620,,False,False,,
D:\deep-person-reid\reid-data\dukemtmc-reid\DukeMTMC-reID/bounding_box_test\0788_c3_f0176163.jpg,788,0.8370391130447388,,,,,,B,1016,D:\deep-person-reid\reid-data\dukemtmc-reid\DukeMTMC-reID/query\0620_c3_f0141203.jpg,620,,False,False,,
D:\deep-person-reid\reid-data\dukemtmc-reid\DukeMTMC-reID/bounding_box_test\0508_c4_f0110163.jpg,508,0.8606665134429932,,,,,,B,1017,D:\deep-person-reid\reid-data\dukemtmc-reid\DukeMTMC-reID/query\0620_c4_f0139339.jpg,620,,False,False,,
D:\deep-person-reid\reid-data\dukemtmc-reid\DukeMTMC-reID/bounding_box_test\0247_c1_f0095898.jpg,247,0.7906118035316467,,,,,,B,1018,D:\deep-person-reid\reid-data\dukemtmc-reid\DukeMTMC-reID/query\0621_c1_f0159814.jpg,621,,False,False,,
D:\deep-person-reid\reid-data\dukemtmc-reid\DukeMTMC-reID/bounding_box_test\1108_c3_f0148229.jpg,1108,0.7924245595932007,,,,,,C,1021,D:\deep-person-reid\reid-data\dukemtmc-reid\DukeMTMC-reID/query\0625_c1_f0159310.jpg,625,,False,True,,
D:\deep-person-reid\reid-data\dukemtmc-reid\DukeMTMC-reID/bounding_box_test\1328_c2_f0075253.jpg,1328,0.8743647336959839,D:\deep-person-reid\reid-data\dukemtmc-reid\DukeMTMC-reID/bounding_box_test\0625_c6_f0147187.jpg,4,4,0.8547126054763794,1.0,F,1022,D:\deep-person-reid\reid-data\dukemtmc-reid\DukeMTMC-reID/query\0625_c2_f0163404.jpg,625,False,True,True,-0.019652128219604492,0.0
D:\deep-person-reid\reid-data\dukemtmc-reid\DukeMTMC-reID/bounding_box_test\2942_c5_f0069179.jpg,2942,0.8940232396125793,,,,,,B,1023,D:\deep-person-reid\reid-data\dukemtmc-reid\DukeMTMC-reID/query\0625_c5_f0168382.jpg,625,,False,False,,
D:\deep-person-reid\reid-data\dukemtmc-reid\DukeMTMC-reID/bounding_box_test\4789_c7_f0194808.jpg,4789,0.8534156084060669,,,,,,B,1024,D:\deep-person-reid\reid-data\dukemtmc-reid\DukeMTMC-reID/query\0625_c6_f0146947.jpg,625,,False,False,,
D:\deep-person-reid\reid-data\dukemtmc-reid\DukeMTMC-reID/bounding_box_test\0501_c1_f0130352.jpg,501,0.7691309452056885,,,,,,C,1025,D:\deep-person-reid\reid-data\dukemtmc-reid\DukeMTMC-reID/query\0626_c1_f0160058.jpg,626,,False,True,,
D:\deep-person-reid\reid-data\dukemtmc-reid\DukeMTMC-reID/bounding_box_test\0356_c1_f0107593.jpg,356,0.8238884210586548,,,,,,B,1029,D:\deep-person-reid\reid-data\dukemtmc-reid\DukeMTMC-reID/query\0627_c1_f0159814.jpg,627,,False,False,,
D:\deep-person-reid\reid-data\dukemtmc-reid\DukeMTMC-reID/bounding_box_test\1775_c2_f0154858.jpg,1775,0.7581220269203186,,,,,,B,1030,D:\deep-person-reid\reid-data\dukemtmc-reid\DukeMTMC-reID/query\0627_c2_f0164879.jpg,627,,False,False,,
D:\deep-person-reid\reid-data\dukemtmc-reid\DukeMTMC-reID/bounding_box_test\0126_c1_f0075376.jpg,126,0.8216084241867065,,,,,,C,1031,D:\deep-person-reid\reid-data\dukemtmc-reid\DukeMTMC-reID/query\0629_c1_f0159572.jpg,629,,False,True,,
D:\deep-person-reid\reid-data\dukemtmc-reid\DukeMTMC-reID/bounding_box_test\0834_c1_f0215852.jpg,834,0.8476586937904358,,,,,,C,1033,D:\deep-person-reid\reid-data\dukemtmc-reid\DukeMTMC-reID/query\0631_c1_f0209889.jpg,631,,False,True,,
D:\deep-person-reid\reid-data\dukemtmc-reid\DukeMTMC-reID/bounding_box_test\0367_c2_f0109873.jpg,367,0.8015042543411255,,,,,,B,1036,D:\deep-person-reid\reid-data\dukemtmc-reid\DukeMTMC-reID/query\0632_c1_f0160919.jpg,632,,False,False,,
D:\deep-person-reid\reid-data\dukemtmc-reid\DukeMTMC-reID/bounding_box_test\0717_c6_f0167472.jpg,717,0.8941593170166016,,,,,,B,1039,D:\deep-person-reid\reid-data\dukemtmc-reid\DukeMTMC-reID/query\0632_c6_f0148723.jpg,632,,False,False,,
D:\deep-person-reid\reid-data\dukemtmc-reid\DukeMTMC-reID/bounding_box_test\0698_c1_f0173209.jpg,698,0.86000657081604,,,,,,C,1040,D:\deep-person-reid\reid-data\dukemtmc-reid\DukeMTMC-reID/query\0635_c1_f0161167.jpg,635,,False,True,,
D:\deep-person-reid\reid-data\dukemtmc-reid\DukeMTMC-reID/bounding_box_test\0830_c1_f0212621.jpg,830,0.7509384155273438,,,,,,C,1043,D:\deep-person-reid\reid-data\dukemtmc-reid\DukeMTMC-reID/query\0635_c4_f0131693.jpg,635,,False,True,,
D:\deep-person-reid\reid-data\dukemtmc-reid\DukeMTMC-reID/bounding_box_test\0287_c1_f0098601.jpg,287,0.8590911030769348,,,,,,B,1044,D:\deep-person-reid\reid-data\dukemtmc-reid\DukeMTMC-reID/query\0641_c1_f0163191.jpg,641,,False,False,,
D:\deep-person-reid\reid-data\dukemtmc-reid\DukeMTMC-reID/bounding_box_test\4609_c6_f0141658.jpg,4609,0.8448400497436523,,,,,,B,1047,D:\deep-person-reid\reid-data\dukemtmc-reid\DukeMTMC-reID/query\0641_c6_f0141658.jpg,641,,False,False,,
D:\deep-person-reid\reid-data\dukemtmc-reid\DukeMTMC-reID/bounding_box_test\0729_c5_f0214681.jpg,729,0.7868271470069885,D:\deep-person-reid\reid-data\dukemtmc-reid\DukeMTMC-reID/bounding_box_test\0644_c6_f0152921.jpg,3,3,0.7704610824584961,1.0,F,1051,D:\deep-person-reid\reid-data\dukemtmc-reid\DukeMTMC-reID/query\0644_c1_f0163732.jpg,644,False,True,True,-0.01636606454849243,1.0
D:\deep-person-reid\reid-data\dukemtmc-reid\DukeMTMC-reID/bounding_box_test\0711_c2_f0181775.jpg,711,0.8582589626312256,,,,,,B,1052,D:\deep-person-reid\reid-data\dukemtmc-reid\DukeMTMC-reID/query\0644_c2_f0168266.jpg,644,,False,False,,
D:\deep-person-reid\reid-data\dukemtmc-reid\DukeMTMC-reID/bounding_box_test\0787_c8_f0155619.jpg,787,0.7884500026702881,D:\deep-person-reid\reid-data\dukemtmc-reid\DukeMTMC-reID/bounding_box_test\0644_c2_f0167906.jpg,1,2,0.7786800861358643,-1.0,E,1053,D:\deep-person-reid\reid-data\dukemtmc-reid\DukeMTMC-reID/query\0644_c5_f0173412.jpg,644,True,True,True,-0.009769916534423828,1.0
D:\deep-person-reid\reid-data\dukemtmc-reid\DukeMTMC-reID/bounding_box_test\4147_c8_f0030044.jpg,4147,0.795685887336731,D:\deep-person-reid\reid-data\dukemtmc-reid\DukeMTMC-reID/bounding_box_test\0644_c5_f0173532.jpg,5,3,0.7833809852600098,1.0,F,1054,D:\deep-person-reid\reid-data\dukemtmc-reid\DukeMTMC-reID/query\0644_c6_f0153041.jpg,644,False,True,True,-0.012304902076721191,0.0
D:\deep-person-reid\reid-data\dukemtmc-reid\DukeMTMC-reID/bounding_box_test\0488_c1_f0127612.jpg,488,0.8176944255828857,,,,,,B,1055,D:\deep-person-reid\reid-data\dukemtmc-reid\DukeMTMC-reID/query\0646_c1_f0163774.jpg,646,,False,False,,
D:\deep-person-reid\reid-data\dukemtmc-reid\DukeMTMC-reID/bounding_box_test\6389_c8_f0075832.jpg,6389,0.797477126121521,,,,,,C,1056,D:\deep-person-reid\reid-data\dukemtmc-reid\DukeMTMC-reID/query\0646_c2_f0163884.jpg,646,,False,True,,
D:\deep-person-reid\reid-data\dukemtmc-reid\DukeMTMC-reID/bounding_box_test\6301_c8_f0066521.jpg,6301,0.8220319151878357,,,,,,B,1058,D:\deep-person-reid\reid-data\dukemtmc-reid\DukeMTMC-reID/query\0646_c4_f0133387.jpg,646,,False,False,,
D:\deep-person-reid\reid-data\dukemtmc-reid\DukeMTMC-reID/bounding_box_test\4480_c7_f0106747.jpg,4480,0.836144208908081,,,,,,B,1059,D:\deep-person-reid\reid-data\dukemtmc-reid\DukeMTMC-reID/query\0647_c1_f0164609.jpg,647,,False,False,,
D:\deep-person-reid\reid-data\dukemtmc-reid\DukeMTMC-reID/bounding_box_test\6246_c8_f0058297.jpg,6246,0.7474590539932251,,,,,,C,1060,D:\deep-person-reid\reid-data\dukemtmc-reid\DukeMTMC-reID/query\0647_c5_f0166452.jpg,647,,False,True,,
D:\deep-person-reid\reid-data\dukemtmc-reid\DukeMTMC-reID/bounding_box_test\0344_c6_f0083376.jpg,344,0.8867893218994141,,,,,,B,1061,D:\deep-person-reid\reid-data\dukemtmc-reid\DukeMTMC-reID/query\0647_c6_f0142313.jpg,647,,False,False,,
D:\deep-person-reid\reid-data\dukemtmc-reid\DukeMTMC-reID/bounding_box_test\4152_c6_f0052612.jpg,4152,0.8293047547340393,,,,,,C,1064,D:\deep-person-reid\reid-data\dukemtmc-reid\DukeMTMC-reID/query\0648_c6_f0152711.jpg,648,,False,True,,
D:\deep-person-reid\reid-data\dukemtmc-reid\DukeMTMC-reID/bounding_box_test\0652_c1_f0164765.jpg,652,0.9272089600563049,,,,,,B,1067,D:\deep-person-reid\reid-data\dukemtmc-reid\DukeMTMC-reID/query\0651_c1_f0164753.jpg,651,,False,False,,
D:\deep-person-reid\reid-data\dukemtmc-reid\DukeMTMC-reID/bounding_box_test\0652_c2_f0169428.jpg,652,0.9033799171447754,,,,,,C,1068,D:\deep-person-reid\reid-data\dukemtmc-reid\DukeMTMC-reID/query\0651_c2_f0169434.jpg,651,,False,True,,
D:\deep-person-reid\reid-data\dukemtmc-reid\DukeMTMC-reID/bounding_box_test\0652_c3_f0147073.jpg,652,0.9352736473083496,,,,,,C,1069,D:\deep-person-reid\reid-data\dukemtmc-reid\DukeMTMC-reID/query\0651_c3_f0147065.jpg,651,,False,True,,
D:\deep-person-reid\reid-data\dukemtmc-reid\DukeMTMC-reID/bounding_box_test\0652_c4_f0144640.jpg,652,0.8091366291046143,,,,,,B,1070,D:\deep-person-reid\reid-data\dukemtmc-reid\DukeMTMC-reID/query\0651_c4_f0144647.jpg,651,,False,False,,
D:\deep-person-reid\reid-data\dukemtmc-reid\DukeMTMC-reID/bounding_box_test\0651_c1_f0165113.jpg,651,0.9196240901947021,,,,,,C,1071,D:\deep-person-reid\reid-data\dukemtmc-reid\DukeMTMC-reID/query\0652_c1_f0165125.jpg,652,,False,True,,
D:\deep-person-reid\reid-data\dukemtmc-reid\DukeMTMC-reID/bounding_box_test\0651_c2_f0169794.jpg,651,0.8988871574401855,,,,,,C,1072,D:\deep-person-reid\reid-data\dukemtmc-reid\DukeMTMC-reID/query\0652_c2_f0169788.jpg,652,,False,True,,
D:\deep-person-reid\reid-data\dukemtmc-reid\DukeMTMC-reID/bounding_box_test\0651_c3_f0146945.jpg,651,0.9419339299201965,,,,,,C,1073,D:\deep-person-reid\reid-data\dukemtmc-reid\DukeMTMC-reID/query\0652_c3_f0146953.jpg,652,,False,True,,
D:\deep-person-reid\reid-data\dukemtmc-reid\DukeMTMC-reID/bounding_box_test\0651_c4_f0144887.jpg,651,0.8311904668807983,,,,,,B,1074,D:\deep-person-reid\reid-data\dukemtmc-reid\DukeMTMC-reID/query\0652_c4_f0145000.jpg,652,,False,False,,
D:\deep-person-reid\reid-data\dukemtmc-reid\DukeMTMC-reID/bounding_box_test\0303_c1_f0100405.jpg,303,0.8843261003494263,,,,,,B,1075,D:\deep-person-reid\reid-data\dukemtmc-reid\DukeMTMC-reID/query\0654_c1_f0165081.jpg,654,,False,False,,
D:\deep-person-reid\reid-data\dukemtmc-reid\DukeMTMC-reID/bounding_box_test\0693_c6_f0150419.jpg,693,0.794532299041748,,,,,,B,1076,D:\deep-person-reid\reid-data\dukemtmc-reid\DukeMTMC-reID/query\0654_c2_f0170023.jpg,654,,False,False,,
D:\deep-person-reid\reid-data\dukemtmc-reid\DukeMTMC-reID/bounding_box_test\0375_c6_f0087944.jpg,375,0.7546423673629761,D:\deep-person-reid\reid-data\dukemtmc-reid\DukeMTMC-reID/bounding_box_test\0656_c2_f0169889.jpg,2,6,0.7447312474250793,0.5,F,1081,D:\deep-person-reid\reid-data\dukemtmc-reid\DukeMTMC-reID/query\0656_c7_f0156240.jpg,656,False,True,True,-0.009911119937896729,0.5
D:\deep-person-reid\reid-data\dukemtmc-reid\DukeMTMC-reID/bounding_box_test\0142_c1_f0078601.jpg,142,0.9252381920814514,,,,,,B,1082,D:\deep-person-reid\reid-data\dukemtmc-reid\DukeMTMC-reID/query\0661_c1_f0167273.jpg,661,,False,False,,
D:\deep-person-reid\reid-data\dukemtmc-reid\DukeMTMC-reID/bounding_box_test\6252_c8_f0059420.jpg,6252,0.7746973633766174,,,,,,B,1083,D:\deep-person-reid\reid-data\dukemtmc-reid\DukeMTMC-reID/query\0661_c5_f0169114.jpg,661,,False,False,,
D:\deep-person-reid\reid-data\dukemtmc-reid\DukeMTMC-reID/bounding_box_test\6161_c8_f0050208.jpg,6161,0.7830786108970642,,,,,,B,1084,D:\deep-person-reid\reid-data\dukemtmc-reid\DukeMTMC-reID/query\0661_c7_f0149108.jpg,661,,False,False,,
D:\deep-person-reid\reid-data\dukemtmc-reid\DukeMTMC-reID/bounding_box_test\0347_c1_f0106337.jpg,347,0.8048060536384583,,,,,,C,1085,D:\deep-person-reid\reid-data\dukemtmc-reid\DukeMTMC-reID/query\0663_c1_f0167408.jpg,663,,False,True,,
D:\deep-person-reid\reid-data\dukemtmc-reid\DukeMTMC-reID/bounding_box_test\0276_c1_f0098021.jpg,276,0.8588836193084717,D:\deep-person-reid\reid-data\dukemtmc-reid\DukeMTMC-reID/bounding_box_test\0672_c5_f0178396.jpg,2,2,0.8506207466125488,-1.0,F,1087,D:\deep-person-reid\reid-data\dukemtmc-reid\DukeMTMC-reID/query\0672_c1_f0169358.jpg,672,False,True,True,-0.008262872695922852,-1.0
D:\deep-person-reid\reid-data\dukemtmc-reid\DukeMTMC-reID/bounding_box_test\4477_c6_f0104086.jpg,4477,0.8110500574111938,D:\deep-person-reid\reid-data\dukemtmc-reid\DukeMTMC-reID/bounding_box_test\0674_c3_f0150919.jpg,3,3,0.8100306987762451,0.5,F,1092,D:\deep-person-reid\reid-data\dukemtmc-reid\DukeMTMC-reID/query\0674_c2_f0173604.jpg,674,False,True,True,-0.0010193586349487305,0.0
D:\deep-person-reid\reid-data\dukemtmc-reid\DukeMTMC-reID/bounding_box_test\1699_c4_f0106766.jpg,1699,0.8662517666816711,,,,,,C,1094,D:\deep-person-reid\reid-data\dukemtmc-reid\DukeMTMC-reID/query\0674_c4_f0148493.jpg,674,,False,True,,
D:\deep-person-reid\reid-data\dukemtmc-reid\DukeMTMC-reID/bounding_box_test\0698_c3_f0148878.jpg,698,0.8728342652320862,,,,,,C,1097,D:\deep-person-reid\reid-data\dukemtmc-reid\DukeMTMC-reID/query\0676_c3_f0145844.jpg,676,,False,True,,
D:\deep-person-reid\reid-data\dukemtmc-reid\DukeMTMC-reID/bounding_box_test\1518_c4_f0071904.jpg,1518,0.8313117027282715,,,,,,B,1098,D:\deep-person-reid\reid-data\dukemtmc-reid\DukeMTMC-reID/query\0676_c4_f0139942.jpg,676,,False,False,,
D:\deep-person-reid\reid-data\dukemtmc-reid\DukeMTMC-reID/bounding_box_test\0586_c1_f0153904.jpg,586,0.7696828246116638,,,,,,B,1099,D:\deep-person-reid\reid-data\dukemtmc-reid\DukeMTMC-reID/query\0678_c1_f0170334.jpg,678,,False,False,,
D:\deep-person-reid\reid-data\dukemtmc-reid\DukeMTMC-reID/bounding_box_test\0760_c8_f0146255.jpg,760,0.8100395202636719,,,,,,B,1100,D:\deep-person-reid\reid-data\dukemtmc-reid\DukeMTMC-reID/query\0678_c8_f0132921.jpg,678,,False,False,,
D:\deep-person-reid\reid-data\dukemtmc-reid\DukeMTMC-reID/bounding_box_test\0681_c1_f0170285.jpg,681,0.889306366443634,,,,,,C,1101,D:\deep-person-reid\reid-data\dukemtmc-reid\DukeMTMC-reID/query\0680_c1_f0170134.jpg,680,,False,True,,
D:\deep-person-reid\reid-data\dukemtmc-reid\DukeMTMC-reID/bounding_box_test\0681_c8_f0133099.jpg,681,0.8335680365562439,,,,,,C,1102,D:\deep-person-reid\reid-data\dukemtmc-reid\DukeMTMC-reID/query\0680_c8_f0132909.jpg,680,,False,True,,
D:\deep-person-reid\reid-data\dukemtmc-reid\DukeMTMC-reID/bounding_box_test\0680_c8_f0133029.jpg,680,0.8713306188583374,,,,,,C,1104,D:\deep-person-reid\reid-data\dukemtmc-reid\DukeMTMC-reID/query\0681_c8_f0132979.jpg,681,,False,True,,
D:\deep-person-reid\reid-data\dukemtmc-reid\DukeMTMC-reID/bounding_box_test\0626_c2_f0159311.jpg,626,0.8188600540161133,,,,,,C,1105,D:\deep-person-reid\reid-data\dukemtmc-reid\DukeMTMC-reID/query\0683_c1_f0170610.jpg,683,,False,True,,
D:\deep-person-reid\reid-data\dukemtmc-reid\DukeMTMC-reID/bounding_box_test\0125_c2_f0082171.jpg,125,0.7634949684143066,,,,,,B,1106,D:\deep-person-reid\reid-data\dukemtmc-reid\DukeMTMC-reID/query\0683_c5_f0173266.jpg,683,,False,False,,
D:\deep-person-reid\reid-data\dukemtmc-reid\DukeMTMC-reID/bounding_box_test\0344_c6_f0083496.jpg,344,0.8015096187591553,,,,,,C,1107,D:\deep-person-reid\reid-data\dukemtmc-reid\DukeMTMC-reID/query\0683_c6_f0149532.jpg,683,,False,True,,
D:\deep-person-reid\reid-data\dukemtmc-reid\DukeMTMC-reID/bounding_box_test\0705_c1_f0175628.jpg,705,0.8258094787597656,,,,,,B,1108,D:\deep-person-reid\reid-data\dukemtmc-reid\DukeMTMC-reID/query\0685_c1_f0170894.jpg,685,,False,False,,
D:\deep-person-reid\reid-data\dukemtmc-reid\DukeMTMC-reID/bounding_box_test\0738_c5_f0183635.jpg,738,0.7517299652099609,,,,,,C,1110,D:\deep-person-reid\reid-data\dukemtmc-reid\DukeMTMC-reID/query\0685_c5_f0181653.jpg,685,,False,True,,
D:\deep-person-reid\reid-data\dukemtmc-reid\DukeMTMC-reID/bounding_box_test\4452_c6_f0098973.jpg,4452,0.8156692385673523,D:\deep-person-reid\reid-data\dukemtmc-reid\DukeMTMC-reID/bounding_box_test\0685_c2_f0175388.jpg,3,2,0.8016269207000732,1.0,F,1111,D:\deep-person-reid\reid-data\dukemtmc-reid\DukeMTMC-reID/query\0685_c6_f0161499.jpg,685,False,True,True,-0.014042317867279053,-0.5
D:\deep-person-reid\reid-data\dukemtmc-reid\DukeMTMC-reID/bounding_box_test\0272_c1_f0097698.jpg,272,0.8257535099983215,,,,,,B,1112,D:\deep-person-reid\reid-data\dukemtmc-reid\DukeMTMC-reID/query\0686_c1_f0171644.jpg,686,,False,False,,
D:\deep-person-reid\reid-data\dukemtmc-reid\DukeMTMC-reID/bounding_box_test\2470_c6_f0069882.jpg,2470,0.7990038394927979,,,,,,C,1115,D:\deep-person-reid\reid-data\dukemtmc-reid\DukeMTMC-reID/query\0686_c6_f0160847.jpg,686,,False,True,,
D:\deep-person-reid\reid-data\dukemtmc-reid\DukeMTMC-reID/bounding_box_test\0329_c6_f0083028.jpg,329,0.8100800514221191,D:\deep-person-reid\reid-data\dukemtmc-reid\DukeMTMC-reID/bounding_box_test\0688_c8_f0127401.jpg,2,2,0.8082060813903809,1.0,F,1116,D:\deep-person-reid\reid-data\dukemtmc-reid\DukeMTMC-reID/query\0688_c1_f0171728.jpg,688,False,True,True,-0.0018739700317382812,1.0
D:\deep-person-reid\reid-data\dukemtmc-reid\DukeMTMC-reID/bounding_box_test\0597_c1_f0156689.jpg,597,0.8679521083831787,,,,,,B,1118,D:\deep-person-reid\reid-data\dukemtmc-reid\DukeMTMC-reID/query\0690_c1_f0172474.jpg,690,,False,False,,
D:\deep-person-reid\reid-data\dukemtmc-reid\DukeMTMC-reID/bounding_box_test\1109_c3_f0147571.jpg,1109,0.7867989540100098,D:\deep-person-reid\reid-data\dukemtmc-reid\DukeMTMC-reID/bounding_box_test\0690_c1_f0172354.jpg,2,7,0.7681719660758972,1.0,F,1120,D:\deep-person-reid\reid-data\dukemtmc-reid\DukeMTMC-reID/query\0690_c3_f0147795.jpg,690,False,True,True,-0.01862698793411255,-0.5
D:\deep-person-reid\reid-data\dukemtmc-reid\DukeMTMC-reID/bounding_box_test\0143_c4_f0049863.jpg,143,0.7539458274841309,,,,,,C,1121,D:\deep-person-reid\reid-data\dukemtmc-reid\DukeMTMC-reID/query\0690_c4_f0142152.jpg,690,,False,True,,
D:\deep-person-reid\reid-data\dukemtmc-reid\DukeMTMC-reID/bounding_box_test\0304_c1_f0100171.jpg,304,0.9312753677368164,,,,,,B,1122,D:\deep-person-reid\reid-data\dukemtmc-reid\DukeMTMC-reID/query\0691_c1_f0172071.jpg,691,,False,False,,
D:\deep-person-reid\reid-data\dukemtmc-reid\DukeMTMC-reID/bounding_box_test\0142_c1_f0079201.jpg,142,0.9118400812149048,,,,,,B,1126,D:\deep-person-reid\reid-data\dukemtmc-reid\DukeMTMC-reID/query\0693_c1_f0173023.jpg,693,,False,False,,
D:\deep-person-reid\reid-data\dukemtmc-reid\DukeMTMC-reID/bounding_box_test\0468_c2_f0125319.jpg,468,0.8602163791656494,D:\deep-person-reid\reid-data\dukemtmc-reid\DukeMTMC-reID/bounding_box_test\0693_c5_f0174116.jpg,9,7,0.84413743019104,1.0,F,1127,D:\deep-person-reid\reid-data\dukemtmc-reid\DukeMTMC-reID/query\0693_c2_f0172472.jpg,693,False,True,True,-0.016078948974609375,-0.5
D:\deep-person-reid\reid-data\dukemtmc-reid\DukeMTMC-reID/bounding_box_test\4419_c6_f0094524.jpg,4419,0.8940407037734985,,,,,,C,1129,D:\deep-person-reid\reid-data\dukemtmc-reid\DukeMTMC-reID/query\0693_c6_f0150179.jpg,693,,False,True,,
D:\deep-person-reid\reid-data\dukemtmc-reid\DukeMTMC-reID/bounding_box_test\0254_c1_f0096587.jpg,254,0.8363872766494751,,,,,,C,1130,D:\deep-person-reid\reid-data\dukemtmc-reid\DukeMTMC-reID/query\0694_c1_f0172936.jpg,694,,False,True,,
D:\deep-person-reid\reid-data\dukemtmc-reid\DukeMTMC-reID/bounding_box_test\2470_c5_f0089505.jpg,2470,0.7748486995697021,,,,,,B,1133,D:\deep-person-reid\reid-data\dukemtmc-reid\DukeMTMC-reID/query\0694_c6_f0150578.jpg,694,,False,False,,
D:\deep-person-reid\reid-data\dukemtmc-reid\DukeMTMC-reID/bounding_box_test\0346_c1_f0106289.jpg,346,0.8995686769485474,,,,,,B,1134,D:\deep-person-reid\reid-data\dukemtmc-reid\DukeMTMC-reID/query\0695_c1_f0172669.jpg,695,,False,False,,
D:\deep-person-reid\reid-data\dukemtmc-reid\DukeMTMC-reID/bounding_box_test\2754_c4_f0167480.jpg,2754,0.8348534107208252,,,,,,B,1135,D:\deep-person-reid\reid-data\dukemtmc-reid\DukeMTMC-reID/query\0695_c8_f0127749.jpg,695,,False,False,,
D:\deep-person-reid\reid-data\dukemtmc-reid\DukeMTMC-reID/bounding_box_test\0755_c1_f0189571.jpg,755,0.8021670579910278,,,,,,B,1136,D:\deep-person-reid\reid-data\dukemtmc-reid\DukeMTMC-reID/query\0698_c1_f0173689.jpg,698,,False,False,,
D:\deep-person-reid\reid-data\dukemtmc-reid\DukeMTMC-reID/bounding_box_test\0251_c3_f0071805.jpg,251,0.8161212801933289,,,,,,B,1138,D:\deep-person-reid\reid-data\dukemtmc-reid\DukeMTMC-reID/query\0698_c3_f0148278.jpg,698,,False,False,,
D:\deep-person-reid\reid-data\dukemtmc-reid\DukeMTMC-reID/bounding_box_test\1724_c4_f0105739.jpg,1724,0.8434066772460938,,,,,,B,1139,D:\deep-person-reid\reid-data\dukemtmc-reid\DukeMTMC-reID/query\0698_c4_f0143198.jpg,698,,False,False,,
D:\deep-person-reid\reid-data\dukemtmc-reid\DukeMTMC-reID/bounding_box_test\0220_c3_f0068543.jpg,220,0.8145791888237,,,,,,B,1142,D:\deep-person-reid\reid-data\dukemtmc-reid\DukeMTMC-reID/query\0699_c3_f0154568.jpg,699,,False,False,,
D:\deep-person-reid\reid-data\dukemtmc-reid\DukeMTMC-reID/bounding_box_test\0214_c4_f0061141.jpg,214,0.7791208624839783,D:\deep-person-reid\reid-data\dukemtmc-reid\DukeMTMC-reID/bounding_box_test\0699_c3_f0154808.jpg,1,2,0.7775288224220276,-1.0,E,1143,D:\deep-person-reid\reid-data\dukemtmc-reid\DukeMTMC-reID/query\0699_c4_f0152518.jpg,699,True,True,True,-0.0015920400619506836,1.0
D:\deep-person-reid\reid-data\dukemtmc-reid\DukeMTMC-reID/bounding_box_test\0122_c1_f0074593.jpg,122,0.8123850226402283,,,,,,B,1144,D:\deep-person-reid\reid-data\dukemtmc-reid\DukeMTMC-reID/query\0700_c1_f0173718.jpg,700,,False,False,,
D:\deep-person-reid\reid-data\dukemtmc-reid\DukeMTMC-reID/bounding_box_test\1901_c2_f0173921.jpg,1901,0.7934551239013672,,,,,,B,1145,D:\deep-person-reid\reid-data\dukemtmc-reid\DukeMTMC-reID/query\0700_c2_f0173928.jpg,700,,False,False,,
D:\deep-person-reid\reid-data\dukemtmc-reid\DukeMTMC-reID/bounding_box_test\2772_c3_f0199245.jpg,2772,0.7910741567611694,,,,,,B,1146,D:\deep-person-reid\reid-data\dukemtmc-reid\DukeMTMC-reID/query\0700_c3_f0149681.jpg,700,,False,False,,
D:\deep-person-reid\reid-data\dukemtmc-reid\DukeMTMC-reID/bounding_box_test\0576_c1_f0152924.jpg,576,0.8337299823760986,,,,,,B,1147,D:\deep-person-reid\reid-data\dukemtmc-reid\DukeMTMC-reID/query\0701_c1_f0174088.jpg,701,,False,False,,
D:\deep-person-reid\reid-data\dukemtmc-reid\DukeMTMC-reID/bounding_box_test\0204_c2_f0087390.jpg,204,0.756501317024231,,,,,,B,1148,D:\deep-person-reid\reid-data\dukemtmc-reid\DukeMTMC-reID/query\0701_c2_f0178449.jpg,701,,False,False,,
D:\deep-person-reid\reid-data\dukemtmc-reid\DukeMTMC-reID/bounding_box_test\0788_c1_f0200012.jpg,788,0.9104917049407959,,,,,,B,1149,D:\deep-person-reid\reid-data\dukemtmc-reid\DukeMTMC-reID/query\0702_c1_f0174643.jpg,702,,False,False,,
D:\deep-person-reid\reid-data\dukemtmc-reid\DukeMTMC-reID/bounding_box_test\0794_c1_f0200562.jpg,794,0.8667434453964233,,,,,,C,1151,D:\deep-person-reid\reid-data\dukemtmc-reid\DukeMTMC-reID/query\0703_c1_f0174315.jpg,703,,False,True,,
D:\deep-person-reid\reid-data\dukemtmc-reid\DukeMTMC-reID/bounding_box_test\0794_c5_f0210118.jpg,794,0.8766250014305115,,,,,,C,1152,D:\deep-person-reid\reid-data\dukemtmc-reid\DukeMTMC-reID/query\0703_c5_f0176526.jpg,703,,False,True,,
D:\deep-person-reid\reid-data\dukemtmc-reid\DukeMTMC-reID/bounding_box_test\0376_c1_f0110281.jpg,376,0.8440260291099548,,,,,,B,1154,D:\deep-person-reid\reid-data\dukemtmc-reid\DukeMTMC-reID/query\0705_c1_f0175748.jpg,705,,False,False,,
D:\deep-person-reid\reid-data\dukemtmc-reid\DukeMTMC-reID/bounding_box_test\0729_c2_f0198728.jpg,729,0.8046727776527405,,,,,,B,1155,D:\deep-person-reid\reid-data\dukemtmc-reid\DukeMTMC-reID/query\0705_c2_f0179576.jpg,705,,False,False,,
D:\deep-person-reid\reid-data\dukemtmc-reid\DukeMTMC-reID/bounding_box_test\0451_c1_f0122760.jpg,451,0.9001176953315735,,,,,,B,1158,D:\deep-person-reid\reid-data\dukemtmc-reid\DukeMTMC-reID/query\0706_c1_f0176472.jpg,706,,False,False,,
D:\deep-person-reid\reid-data\dukemtmc-reid\DukeMTMC-reID/bounding_box_test\0823_c2_f0209384.jpg,823,0.8735198974609375,,,,,,C,1159,D:\deep-person-reid\reid-data\dukemtmc-reid\DukeMTMC-reID/query\0706_c2_f0180834.jpg,706,,False,True,,
D:\deep-person-reid\reid-data\dukemtmc-reid\DukeMTMC-reID/bounding_box_test\0823_c3_f0184752.jpg,823,0.7787289023399353,,,,,,C,1160,D:\deep-person-reid\reid-data\dukemtmc-reid\DukeMTMC-reID/query\0706_c3_f0158781.jpg,706,,False,True,,
D:\deep-person-reid\reid-data\dukemtmc-reid\DukeMTMC-reID/bounding_box_test\0541_c1_f0139732.jpg,541,0.8322904109954834,D:\deep-person-reid\reid-data\dukemtmc-reid\DukeMTMC-reID/bounding_box_test\0707_c5_f0185316.jpg,2,2,0.8132225275039673,1.0,F,1161,D:\deep-person-reid\reid-data\dukemtmc-reid\DukeMTMC-reID/query\0707_c1_f0176667.jpg,707,False,True,True,-0.019067883491516113,1.0
D:\deep-person-reid\reid-data\dukemtmc-reid\DukeMTMC-reID/bounding_box_test\0019_c6_f0039590.jpg,19,0.8886062502861023,,,,,,B,1164,D:\deep-person-reid\reid-data\dukemtmc-reid\DukeMTMC-reID/query\0707_c6_f0164065.jpg,707,,False,False,,
D:\deep-person-reid\reid-data\dukemtmc-reid\DukeMTMC-reID/bounding_box_test\0711_c1_f0177585.jpg,711,0.9044245481491089,,,,,,B,1165,D:\deep-person-reid\reid-data\dukemtmc-reid\DukeMTMC-reID/query\0709_c1_f0177555.jpg,709,,False,False,,
D:\deep-person-reid\reid-data\dukemtmc-reid\DukeMTMC-reID/bounding_box_test\0711_c6_f0165882.jpg,711,0.8194228410720825,,,,,,B,1168,D:\deep-person-reid\reid-data\dukemtmc-reid\DukeMTMC-reID/query\0709_c6_f0165842.jpg,709,,False,False,,
D:\deep-person-reid\reid-data\dukemtmc-reid\DukeMTMC-reID/bounding_box_test\0033_c1_f0057106.jpg,33,0.8882297277450562,,,,,,B,1169,D:\deep-person-reid\reid-data\dukemtmc-reid\DukeMTMC-reID/query\0711_c1_f0176985.jpg,711,,False,False,,
D:\deep-person-reid\reid-data\dukemtmc-reid\DukeMTMC-reID/bounding_box_test\0712_c5_f0186926.jpg,712,0.8213403820991516,D:\deep-person-reid\reid-data\dukemtmc-reid\DukeMTMC-reID/bounding_box_test\0711_c2_f0181415.jpg,4,4,0.8057801723480225,1.0,F,1171,D:\deep-person-reid\reid-data\dukemtmc-reid\DukeMTMC-reID/query\0711_c5_f0186899.jpg,711,False,True,True,-0.01556020975112915,-1.0
D:\deep-person-reid\reid-data\dukemtmc-reid\DukeMTMC-reID/bounding_box_test\0709_c6_f0166082.jpg,709,0.8460267782211304,,,,,,B,1172,D:\deep-person-reid\reid-data\dukemtmc-reid\DukeMTMC-reID/query\0711_c6_f0166122.jpg,711,,False,False,,
D:\deep-person-reid\reid-data\dukemtmc-reid\DukeMTMC-reID/bounding_box_test\0469_c1_f0125396.jpg,469,0.8074853420257568,,,,,,B,1173,D:\deep-person-reid\reid-data\dukemtmc-reid\DukeMTMC-reID/query\0712_c1_f0177251.jpg,712,,False,False,,
D:\deep-person-reid\reid-data\dukemtmc-reid\DukeMTMC-reID/bounding_box_test\0150_c4_f0051441.jpg,150,0.7946007251739502,,,,,,B,1176,D:\deep-person-reid\reid-data\dukemtmc-reid\DukeMTMC-reID/query\0712_c6_f0165928.jpg,712,,False,False,,
D:\deep-person-reid\reid-data\dukemtmc-reid\DukeMTMC-reID/bounding_box_test\0143_c1_f0079622.jpg,143,0.8727372884750366,,,,,,B,1177,D:\deep-person-reid\reid-data\dukemtmc-reid\DukeMTMC-reID/query\0717_c1_f0180377.jpg,717,,False,False,,
D:\deep-person-reid\reid-data\dukemtmc-reid\DukeMTMC-reID/bounding_box_test\0590_c2_f0158344.jpg,590,0.8202207088470459,,,,,,C,1178,D:\deep-person-reid\reid-data\dukemtmc-reid\DukeMTMC-reID/query\0717_c5_f0188960.jpg,717,,False,True,,
D:\deep-person-reid\reid-data\dukemtmc-reid\DukeMTMC-reID/bounding_box_test\0591_c6_f0142913.jpg,591,0.8791710138320923,,,,,,B,1179,D:\deep-person-reid\reid-data\dukemtmc-reid\DukeMTMC-reID/query\0717_c6_f0167712.jpg,717,,False,False,,
D:\deep-person-reid\reid-data\dukemtmc-reid\DukeMTMC-reID/bounding_box_test\0788_c1_f0200132.jpg,788,0.9053250551223755,,,,,,B,1180,D:\deep-person-reid\reid-data\dukemtmc-reid\DukeMTMC-reID/query\0718_c1_f0181440.jpg,718,,False,False,,
D:\deep-person-reid\reid-data\dukemtmc-reid\DukeMTMC-reID/bounding_box_test\0685_c2_f0175388.jpg,685,0.7472175359725952,,,,,,B,1181,D:\deep-person-reid\reid-data\dukemtmc-reid\DukeMTMC-reID/query\0718_c2_f0181635.jpg,718,,False,False,,
D:\deep-person-reid\reid-data\dukemtmc-reid\DukeMTMC-reID/bounding_box_test\0027_c3_f0029682.jpg,27,0.8080816268920898,,,,,,B,1182,D:\deep-person-reid\reid-data\dukemtmc-reid\DukeMTMC-reID/query\0718_c3_f0156807.jpg,718,,False,False,,
D:\deep-person-reid\reid-data\dukemtmc-reid\DukeMTMC-reID/bounding_box_test\0027_c4_f0024467.jpg,27,0.8547441363334656,,,,,,B,1183,D:\deep-person-reid\reid-data\dukemtmc-reid\DukeMTMC-reID/query\0718_c4_f0151390.jpg,718,,False,False,,
D:\deep-person-reid\reid-data\dukemtmc-reid\DukeMTMC-reID/bounding_box_test\0792_c1_f0200758.jpg,792,0.8674527406692505,,,,,,B,1184,D:\deep-person-reid\reid-data\dukemtmc-reid\DukeMTMC-reID/query\0722_c1_f0182039.jpg,722,,False,False,,
D:\deep-person-reid\reid-data\dukemtmc-reid\DukeMTMC-reID/bounding_box_test\6366_c8_f0072625.jpg,6366,0.8027027249336243,D:\deep-person-reid\reid-data\dukemtmc-reid\DukeMTMC-reID/bounding_box_test\0722_c6_f0171475.jpg,2,3,0.795671820640564,-1.0,F,1186,D:\deep-person-reid\reid-data\dukemtmc-reid\DukeMTMC-reID/query\0722_c5_f0192213.jpg,722,False,True,True,-0.007030904293060303,1.0
D:\deep-person-reid\reid-data\dukemtmc-reid\DukeMTMC-reID/bounding_box_test\0305_c6_f0088563.jpg,305,0.7826358079910278,D:\deep-person-reid\reid-data\dukemtmc-reid\DukeMTMC-reID/bounding_box_test\0722_c5_f0191973.jpg,1,7,0.7676957249641418,0.0,E,1187,D:\deep-person-reid\reid-data\dukemtmc-reid\DukeMTMC-reID/query\0722_c6_f0171355.jpg,722,True,True,True,-0.014940083026885986,1.0
D:\deep-person-reid\reid-data\dukemtmc-reid\DukeMTMC-reID/bounding_box_test\0268_c1_f0096692.jpg,268,0.853866457939148,,,,,,B,1188,D:\deep-person-reid\reid-data\dukemtmc-reid\DukeMTMC-reID/query\0726_c1_f0182271.jpg,726,,False,False,,
D:\deep-person-reid\reid-data\dukemtmc-reid\DukeMTMC-reID/bounding_box_test\1487_c2_f0099448.jpg,1487,0.7497073411941528,,,,,,C,1189,D:\deep-person-reid\reid-data\dukemtmc-reid\DukeMTMC-reID/query\0726_c2_f0182392.jpg,726,,False,True,,
D:\deep-person-reid\reid-data\dukemtmc-reid\DukeMTMC-reID/bounding_box_test\0187_c3_f0068945.jpg,187,0.8507858514785767,,,,,,C,1190,D:\deep-person-reid\reid-data\dukemtmc-reid\DukeMTMC-reID/query\0726_c3_f0158108.jpg,726,,False,True,,
D:\deep-person-reid\reid-data\dukemtmc-reid\DukeMTMC-reID/bounding_box_test\0268_c4_f0066533.jpg,268,0.8047477006912231,,,,,,B,1191,D:\deep-person-reid\reid-data\dukemtmc-reid\DukeMTMC-reID/query\0726_c4_f0152264.jpg,726,,False,False,,
D:\deep-person-reid\reid-data\dukemtmc-reid\DukeMTMC-reID/bounding_box_test\1104_c1_f0205286.jpg,1104,0.8540346622467041,,,,,,B,1192,D:\deep-person-reid\reid-data\dukemtmc-reid\DukeMTMC-reID/query\0729_c1_f0183229.jpg,729,,False,False,,
D:\deep-person-reid\reid-data\dukemtmc-reid\DukeMTMC-reID/bounding_box_test\0709_c2_f0181624.jpg,709,0.7976392507553101,D:\deep-person-reid\reid-data\dukemtmc-reid\DukeMTMC-reID/bounding_box_test\0729_c2_f0187519.jpg,3,2,0.7863830327987671,0.0,E,1195,D:\deep-person-reid\reid-data\dukemtmc-reid\DukeMTMC-reID/query\0729_c6_f0197978.jpg,729,True,True,True,-0.011256217956542969,0.0
D:\deep-person-reid\reid-data\dukemtmc-reid\DukeMTMC-reID/bounding_box_test\0418_c1_f0117990.jpg,418,0.8261243104934692,,,,,,B,1196,D:\deep-person-reid\reid-data\dukemtmc-reid\DukeMTMC-reID/query\0733_c1_f0184116.jpg,733,,False,False,,
D:\deep-person-reid\reid-data\dukemtmc-reid\DukeMTMC-reID/bounding_box_test\0313_c1_f0102591.jpg,313,0.85936439037323,,,,,,B,1201,D:\deep-person-reid\reid-data\dukemtmc-reid\DukeMTMC-reID/query\0734_c1_f0185042.jpg,734,,False,False,,
D:\deep-person-reid\reid-data\dukemtmc-reid\DukeMTMC-reID/bounding_box_test\0257_c2_f0096941.jpg,257,0.8248878717422485,,,,,,B,1202,D:\deep-person-reid\reid-data\dukemtmc-reid\DukeMTMC-reID/query\0734_c2_f0185107.jpg,734,,False,False,,
D:\deep-person-reid\reid-data\dukemtmc-reid\DukeMTMC-reID/bounding_box_test\0337_c1_f0106139.jpg,337,0.8503363132476807,,,,,,B,1205,D:\deep-person-reid\reid-data\dukemtmc-reid\DukeMTMC-reID/query\0738_c1_f0185790.jpg,738,,False,False,,
D:\deep-person-reid\reid-data\dukemtmc-reid\DukeMTMC-reID/bounding_box_test\1314_c2_f0070715.jpg,1314,0.8075435161590576,D:\deep-person-reid\reid-data\dukemtmc-reid\DukeMTMC-reID/bounding_box_test\0738_c5_f0179702.jpg,2,2,0.8038768172264099,0.0,F,1206,D:\deep-person-reid\reid-data\dukemtmc-reid\DukeMTMC-reID/query\0738_c2_f0185448.jpg,738,False,True,True,-0.003666698932647705,0.0
D:\deep-person-reid\reid-data\dukemtmc-reid\DukeMTMC-reID/bounding_box_test\0631_c5_f0182397.jpg,631,0.8674604296684265,,,,,,B,1207,D:\deep-person-reid\reid-data\dukemtmc-reid\DukeMTMC-reID/query\0738_c5_f0180062.jpg,738,,False,False,,
D:\deep-person-reid\reid-data\dukemtmc-reid\DukeMTMC-reID/bounding_box_test\0594_c1_f0155812.jpg,594,0.8496508002281189,,,,,,C,1209,D:\deep-person-reid\reid-data\dukemtmc-reid\DukeMTMC-reID/query\0741_c1_f0186294.jpg,741,,False,True,,
D:\deep-person-reid\reid-data\dukemtmc-reid\DukeMTMC-reID/bounding_box_test\0488_c2_f0127897.jpg,488,0.8546508550643921,,,,,,C,1210,D:\deep-person-reid\reid-data\dukemtmc-reid\DukeMTMC-reID/query\0741_c2_f0186066.jpg,741,,False,True,,
D:\deep-person-reid\reid-data\dukemtmc-reid\DukeMTMC-reID/bounding_box_test\0201_c5_f0091591.jpg,201,0.778334379196167,D:\deep-person-reid\reid-data\dukemtmc-reid\DukeMTMC-reID/bounding_box_test\0742_c1_f0186814.jpg,2,3,0.7607172727584839,1.0,F,1212,D:\deep-person-reid\reid-data\dukemtmc-reid\DukeMTMC-reID/query\0742_c5_f0195520.jpg,742,False,True,True,-0.017617106437683105,1.0
D:\deep-person-reid\reid-data\dukemtmc-reid\DukeMTMC-reID/bounding_box_test\2768_c3_f0199641.jpg,2768,0.8446690440177917,,,,,,C,1214,D:\deep-person-reid\reid-data\dukemtmc-reid\DukeMTMC-reID/query\0742_c7_f0177207.jpg,742,,False,True,,
D:\deep-person-reid\reid-data\dukemtmc-reid\DukeMTMC-reID/bounding_box_test\0361_c1_f0108519.jpg,361,0.7961275577545166,D:\deep-person-reid\reid-data\dukemtmc-reid\DukeMTMC-reID/bounding_box_test\0743_c5_f0189733.jpg,5,3,0.7939660549163818,-1.0,F,1215,D:\deep-person-reid\reid-data\dukemtmc-reid\DukeMTMC-reID/query\0743_c1_f0187015.jpg,743,False,True,True,-0.0021615028381347656,-1.0
D:\deep-person-reid\reid-data\dukemtmc-reid\DukeMTMC-reID/bounding_box_test\2988_c5_f0088668.jpg,2988,0.8006349802017212,,,,,,B,1217,D:\deep-person-reid\reid-data\dukemtmc-reid\DukeMTMC-reID/query\0743_c5_f0189133.jpg,743,,False,False,,
D:\deep-person-reid\reid-data\dukemtmc-reid\DukeMTMC-reID/bounding_box_test\6407_c8_f0077754.jpg,6407,0.8306691646575928,,,,,,C,1220,D:\deep-person-reid\reid-data\dukemtmc-reid\DukeMTMC-reID/query\0746_c8_f0143434.jpg,746,,False,True,,
D:\deep-person-reid\reid-data\dukemtmc-reid\DukeMTMC-reID/bounding_box_test\0765_c1_f0191808.jpg,765,0.8296828269958496,D:\deep-person-reid\reid-data\dukemtmc-reid\DukeMTMC-reID/bounding_box_test\0748_c2_f0193486.jpg,1,2,0.8250476121902466,-0.5,E,1221,D:\deep-person-reid\reid-data\dukemtmc-reid\DukeMTMC-reID/query\0748_c1_f0188781.jpg,748,True,True,True,-0.004635214805603027,0.5
D:\deep-person-reid\reid-data\dukemtmc-reid\DukeMTMC-reID/bounding_box_test\0594_c1_f0155812.jpg,594,0.8747888803482056,,,,,,C,1225,D:\deep-person-reid\reid-data\dukemtmc-reid\DukeMTMC-reID/query\0749_c1_f0188863.jpg,749,,False,True,,
D:\deep-person-reid\reid-data\dukemtmc-reid\DukeMTMC-reID/bounding_box_test\0748_c6_f0179063.jpg,748,0.8238840103149414,,,,,,B,1228,D:\deep-person-reid\reid-data\dukemtmc-reid\DukeMTMC-reID/query\0749_c6_f0179171.jpg,749,,False,False,,
D:\deep-person-reid\reid-data\dukemtmc-reid\DukeMTMC-reID/bounding_box_test\0151_c1_f0081874.jpg,151,0.9166334867477417,,,,,,B,1229,D:\deep-person-reid\reid-data\dukemtmc-reid\DukeMTMC-reID/query\0750_c1_f0188299.jpg,750,,False,False,,
D:\deep-person-reid\reid-data\dukemtmc-reid\DukeMTMC-reID/bounding_box_test\4504_c6_f0110012.jpg,4504,0.8903690576553345,D:\deep-person-reid\reid-data\dukemtmc-reid\DukeMTMC-reID/bounding_box_test\0750_c2_f0193373.jpg,2,2,0.8801702857017517,1.0,F,1232,D:\deep-person-reid\reid-data\dukemtmc-reid\DukeMTMC-reID/query\0750_c6_f0179999.jpg,750,False,True,True,-0.010198771953582764,0.0
D:\deep-person-reid\reid-data\dukemtmc-reid\DukeMTMC-reID/bounding_box_test\0078_c1_f0066312.jpg,78,0.7889715433120728,,,,,,B,1233,D:\deep-person-reid\reid-data\dukemtmc-reid\DukeMTMC-reID/query\0752_c1_f0188413.jpg,752,,False,False,,
D:\deep-person-reid\reid-data\dukemtmc-reid\DukeMTMC-reID/bounding_box_test\0492_c2_f0132714.jpg,492,0.8278651237487793,,,,,,B,1234,D:\deep-person-reid\reid-data\dukemtmc-reid\DukeMTMC-reID/query\0752_c2_f0192518.jpg,752,,False,False,,
D:\deep-person-reid\reid-data\dukemtmc-reid\DukeMTMC-reID/bounding_box_test\0027_c3_f0029562.jpg,27,0.8443265557289124,,,,,,B,1235,D:\deep-person-reid\reid-data\dukemtmc-reid\DukeMTMC-reID/query\0752_c3_f0169378.jpg,752,,False,False,,
D:\deep-person-reid\reid-data\dukemtmc-reid\DukeMTMC-reID/bounding_box_test\0492_c4_f0107230.jpg,492,0.8608981966972351,,,,,,B,1236,D:\deep-person-reid\reid-data\dukemtmc-reid\DukeMTMC-reID/query\0752_c4_f0166331.jpg,752,,False,False,,
D:\deep-person-reid\reid-data\dukemtmc-reid\DukeMTMC-reID/bounding_box_test\0756_c1_f0189343.jpg,756,0.9025171399116516,,,,,,C,1239,D:\deep-person-reid\reid-data\dukemtmc-reid\DukeMTMC-reID/query\0755_c1_f0189331.jpg,755,,False,True,,
D:\deep-person-reid\reid-data\dukemtmc-reid\DukeMTMC-reID/bounding_box_test\0756_c2_f0189348.jpg,756,0.8726727366447449,D:\deep-person-reid\reid-data\dukemtmc-reid\DukeMTMC-reID/bounding_box_test\0755_c1_f0189211.jpg,2,2,0.861724853515625,0.0,F,1240,D:\deep-person-reid\reid-data\dukemtmc-reid\DukeMTMC-reID/query\0755_c2_f0189161.jpg,755,False,True,True,-0.010947883129119873,0.0
D:\deep-person-reid\reid-data\dukemtmc-reid\DukeMTMC-reID/bounding_box_test\0755_c1_f0189571.jpg,755,0.9319126605987549,,,,,,B,1241,D:\deep-person-reid\reid-data\dukemtmc-reid\DukeMTMC-reID/query\0756_c1_f0189583.jpg,756,,False,False,,
D:\deep-person-reid\reid-data\dukemtmc-reid\DukeMTMC-reID/bounding_box_test\1328_c2_f0073933.jpg,1328,0.8575109243392944,,,,,,B,1242,D:\deep-person-reid\reid-data\dukemtmc-reid\DukeMTMC-reID/query\0756_c2_f0188508.jpg,756,,False,False,,
D:\deep-person-reid\reid-data\dukemtmc-reid\DukeMTMC-reID/bounding_box_test\4774_c6_f0185244.jpg,4774,0.8100112676620483,D:\deep-person-reid\reid-data\dukemtmc-reid\DukeMTMC-reID/bounding_box_test\0757_c7_f0178978.jpg,1,2,0.8023434281349182,-1.0,E,1246,D:\deep-person-reid\reid-data\dukemtmc-reid\DukeMTMC-reID/query\0757_c6_f0176371.jpg,757,True,True,True,-0.007667839527130127,-0.5
D:\deep-person-reid\reid-data\dukemtmc-reid\DukeMTMC-reID/bounding_box_test\0197_c7_f0079317.jpg,197,0.7717187404632568,,,,,,B,1247,D:\deep-person-reid\reid-data\dukemtmc-reid\DukeMTMC-reID/query\0757_c7_f0178858.jpg,757,,False,False,,
D:\deep-person-reid\reid-data\dukemtmc-reid\DukeMTMC-reID/bounding_box_test\0201_c5_f0091711.jpg,201,0.8079313039779663,D:\deep-person-reid\reid-data\dukemtmc-reid\DukeMTMC-reID/bounding_box_test\0758_c7_f0172986.jpg,5,2,0.8023849725723267,1.0,F,1248,D:\deep-person-reid\reid-data\dukemtmc-reid\DukeMTMC-reID/query\0758_c1_f0190129.jpg,758,False,True,True,-0.0055463314056396484,0.0
D:\deep-person-reid\reid-data\dukemtmc-reid\DukeMTMC-reID/bounding_box_test\0459_c7_f0106809.jpg,459,0.865874171257019,,,,,,B,1249,D:\deep-person-reid\reid-data\dukemtmc-reid\DukeMTMC-reID/query\0758_c7_f0173346.jpg,758,,False,False,,
D:\deep-person-reid\reid-data\dukemtmc-reid\DukeMTMC-reID/bounding_box_test\0702_c1_f0174163.jpg,702,0.899713397026062,,,,,,B,1250,D:\deep-person-reid\reid-data\dukemtmc-reid\DukeMTMC-reID/query\0760_c1_f0190445.jpg,760,,False,False,,
D:\deep-person-reid\reid-data\dukemtmc-reid\DukeMTMC-reID/bounding_box_test\0593_c8_f0110728.jpg,593,0.8352421522140503,,,,,,B,1251,D:\deep-person-reid\reid-data\dukemtmc-reid\DukeMTMC-reID/query\0760_c8_f0145895.jpg,760,,False,False,,
D:\deep-person-reid\reid-data\dukemtmc-reid\DukeMTMC-reID/bounding_box_test\0571_c1_f0151201.jpg,571,0.8742498755455017,,,,,,B,1252,D:\deep-person-reid\reid-data\dukemtmc-reid\DukeMTMC-reID/query\0763_c1_f0191379.jpg,763,,False,False,,
D:\deep-person-reid\reid-data\dukemtmc-reid\DukeMTMC-reID/bounding_box_test\0106_c3_f0047180.jpg,106,0.7970807552337646,D:\deep-person-reid\reid-data\dukemtmc-reid\DukeMTMC-reID/bounding_box_test\0763_c2_f0195673.jpg,6,4,0.7883350253105164,-1.0,F,1254,D:\deep-person-reid\reid-data\dukemtmc-reid\DukeMTMC-reID/query\0763_c3_f0173182.jpg,763,False,True,True,-0.008745729923248291,-1.0
D:\deep-person-reid\reid-data\dukemtmc-reid\DukeMTMC-reID/bounding_box_test\0080_c3_f0047024.jpg,80,0.8188027739524841,D:\deep-person-reid\reid-data\dukemtmc-reid\DukeMTMC-reID/bounding_box_test\0765_c2_f0195573.jpg,2,2,0.8084888458251953,0.5,F,1257,D:\deep-person-reid\reid-data\dukemtmc-reid\DukeMTMC-reID/query\0765_c3_f0173201.jpg,765,False,True,True,-0.010313928127288818,0.5
D:\deep-person-reid\reid-data\dukemtmc-reid\DukeMTMC-reID/bounding_box_test\0329_c1_f0105367.jpg,329,0.8148387670516968,,,,,,C,1258,D:\deep-person-reid\reid-data\dukemtmc-reid\DukeMTMC-reID/query\0766_c1_f0191477.jpg,766,,False,True,,
D:\deep-person-reid\reid-data\dukemtmc-reid\DukeMTMC-reID/bounding_box_test\6813_c8_f0076267.jpg,6813,0.8116565942764282,,,,,,B,1260,D:\deep-person-reid\reid-data\dukemtmc-reid\DukeMTMC-reID/query\0766_c5_f0198391.jpg,766,,False,False,,
D:\deep-person-reid\reid-data\dukemtmc-reid\DukeMTMC-reID/bounding_box_test\4646_c7_f0150578.jpg,4646,0.8645418882369995,,,,,,B,1261,D:\deep-person-reid\reid-data\dukemtmc-reid\DukeMTMC-reID/query\0766_c6_f0176828.jpg,766,,False,False,,
D:\deep-person-reid\reid-data\dukemtmc-reid\DukeMTMC-reID/bounding_box_test\0285_c3_f0081587.jpg,285,0.888602614402771,,,,,,B,1262,D:\deep-person-reid\reid-data\dukemtmc-reid\DukeMTMC-reID/query\0766_c7_f0179860.jpg,766,,False,False,,
D:\deep-person-reid\reid-data\dukemtmc-reid\DukeMTMC-reID/bounding_box_test\0072_c1_f0064974.jpg,72,0.9115594029426575,,,,,,B,1263,D:\deep-person-reid\reid-data\dukemtmc-reid\DukeMTMC-reID/query\0769_c1_f0192691.jpg,769,,False,False,,
D:\deep-person-reid\reid-data\dukemtmc-reid\DukeMTMC-reID/bounding_box_test\0292_c1_f0099477.jpg,292,0.8253133893013,,,,,,C,1267,D:\deep-person-reid\reid-data\dukemtmc-reid\DukeMTMC-reID/query\0772_c1_f0193005.jpg,772,,False,True,,
D:\deep-person-reid\reid-data\dukemtmc-reid\DukeMTMC-reID/bounding_box_test\0608_c2_f0162237.jpg,608,0.7812719345092773,,,,,,B,1268,D:\deep-person-reid\reid-data\dukemtmc-reid\DukeMTMC-reID/query\0772_c2_f0193199.jpg,772,,False,False,,
D:\deep-person-reid\reid-data\dukemtmc-reid\DukeMTMC-reID/bounding_box_test\0358_c1_f0107617.jpg,358,0.7769775986671448,,,,,,B,1269,D:\deep-person-reid\reid-data\dukemtmc-reid\DukeMTMC-reID/query\0773_c1_f0193290.jpg,773,,False,False,,
D:\deep-person-reid\reid-data\dukemtmc-reid\DukeMTMC-reID/bounding_box_test\0466_c2_f0129159.jpg,466,0.742569625377655,,,,,,B,1270,D:\deep-person-reid\reid-data\dukemtmc-reid\DukeMTMC-reID/query\0773_c2_f0198704.jpg,773,,False,False,,
D:\deep-person-reid\reid-data\dukemtmc-reid\DukeMTMC-reID/bounding_box_test\0820_c2_f0215014.jpg,820,0.861386775970459,,,,,,C,1272,D:\deep-person-reid\reid-data\dukemtmc-reid\DukeMTMC-reID/query\0775_c2_f0198140.jpg,775,,False,True,,
D:\deep-person-reid\reid-data\dukemtmc-reid\DukeMTMC-reID/bounding_box_test\1626_c3_f0098059.jpg,1626,0.809156596660614,,,,,,B,1273,D:\deep-person-reid\reid-data\dukemtmc-reid\DukeMTMC-reID/query\0775_c3_f0175874.jpg,775,,False,False,,
D:\deep-person-reid\reid-data\dukemtmc-reid\DukeMTMC-reID/bounding_box_test\1642_c4_f0098874.jpg,1642,0.8352141380310059,,,,,,B,1274,D:\deep-person-reid\reid-data\dukemtmc-reid\DukeMTMC-reID/query\0775_c4_f0173821.jpg,775,,False,False,,
D:\deep-person-reid\reid-data\dukemtmc-reid\DukeMTMC-reID/bounding_box_test\0276_c1_f0098021.jpg,276,0.8313969373703003,,,,,,C,1275,D:\deep-person-reid\reid-data\dukemtmc-reid\DukeMTMC-reID/query\0777_c1_f0195309.jpg,777,,False,True,,
D:\deep-person-reid\reid-data\dukemtmc-reid\DukeMTMC-reID/bounding_box_test\1642_c2_f0123545.jpg,1642,0.849484920501709,,,,,,C,1276,D:\deep-person-reid\reid-data\dukemtmc-reid\DukeMTMC-reID/query\0777_c2_f0199405.jpg,777,,False,True,,
D:\deep-person-reid\reid-data\dukemtmc-reid\DukeMTMC-reID/bounding_box_test\0672_c6_f0157043.jpg,672,0.8109186887741089,,,,,,C,1277,D:\deep-person-reid\reid-data\dukemtmc-reid\DukeMTMC-reID/query\0777_c3_f0176760.jpg,777,,False,True,,
D:\deep-person-reid\reid-data\dukemtmc-reid\DukeMTMC-reID/bounding_box_test\1642_c4_f0098754.jpg,1642,0.79690021276474,,,,,,B,1278,D:\deep-person-reid\reid-data\dukemtmc-reid\DukeMTMC-reID/query\0777_c4_f0174618.jpg,777,,False,False,,
D:\deep-person-reid\reid-data\dukemtmc-reid\DukeMTMC-reID/bounding_box_test\0257_c2_f0096821.jpg,257,0.7840300798416138,,,,,,B,1283,D:\deep-person-reid\reid-data\dukemtmc-reid\DukeMTMC-reID/query\0786_c1_f0199087.jpg,786,,False,False,,
D:\deep-person-reid\reid-data\dukemtmc-reid\DukeMTMC-reID/bounding_box_test\0766_c6_f0176708.jpg,766,0.85331791639328,,,,,,C,1284,D:\deep-person-reid\reid-data\dukemtmc-reid\DukeMTMC-reID/query\0786_c6_f0178739.jpg,786,,False,True,,
D:\deep-person-reid\reid-data\dukemtmc-reid\DukeMTMC-reID/bounding_box_test\0431_c8_f0076074.jpg,431,0.8392869234085083,,,,,,B,1286,D:\deep-person-reid\reid-data\dukemtmc-reid\DukeMTMC-reID/query\0786_c8_f0156589.jpg,786,,False,False,,
D:\deep-person-reid\reid-data\dukemtmc-reid\DukeMTMC-reID/bounding_box_test\0826_c1_f0210014.jpg,826,0.8125364780426025,,,,,,C,1287,D:\deep-person-reid\reid-data\dukemtmc-reid\DukeMTMC-reID/query\0787_c1_f0199071.jpg,787,,False,True,,
D:\deep-person-reid\reid-data\dukemtmc-reid\DukeMTMC-reID/bounding_box_test\4113_c8_f0024055.jpg,4113,0.7921130061149597,,,,,,B,1288,D:\deep-person-reid\reid-data\dukemtmc-reid\DukeMTMC-reID/query\0787_c8_f0155739.jpg,787,,False,False,,
D:\deep-person-reid\reid-data\dukemtmc-reid\DukeMTMC-reID/bounding_box_test\0239_c1_f0094693.jpg,239,0.8530284762382507,,,,,,C,1289,D:\deep-person-reid\reid-data\dukemtmc-reid\DukeMTMC-reID/query\0788_c1_f0199532.jpg,788,,False,True,,
D:\deep-person-reid\reid-data\dukemtmc-reid\DukeMTMC-reID/bounding_box_test\0068_c2_f0067824.jpg,68,0.8265392780303955,,,,,,B,1290,D:\deep-person-reid\reid-data\dukemtmc-reid\DukeMTMC-reID/query\0788_c2_f0200573.jpg,788,,False,False,,
D:\deep-person-reid\reid-data\dukemtmc-reid\DukeMTMC-reID/bounding_box_test\1758_c3_f0125782.jpg,1758,0.8406455516815186,,,,,,B,1291,D:\deep-person-reid\reid-data\dukemtmc-reid\DukeMTMC-reID/query\0788_c3_f0175923.jpg,788,,False,False,,
D:\deep-person-reid\reid-data\dukemtmc-reid\DukeMTMC-reID/bounding_box_test\0078_c4_f0033685.jpg,78,0.7818132638931274,,,,,,B,1292,D:\deep-person-reid\reid-data\dukemtmc-reid\DukeMTMC-reID/query\0788_c4_f0170496.jpg,788,,False,False,,
D:\deep-person-reid\reid-data\dukemtmc-reid\DukeMTMC-reID/bounding_box_test\0705_c6_f0163490.jpg,705,0.793994128704071,,,,,,B,1293,D:\deep-person-reid\reid-data\dukemtmc-reid\DukeMTMC-reID/query\0790_c1_f0200112.jpg,790,,False,False,,
D:\deep-person-reid\reid-data\dukemtmc-reid\DukeMTMC-reID/bounding_box_test\4563_c6_f0129721.jpg,4563,0.8488274812698364,D:\deep-person-reid\reid-data\dukemtmc-reid\DukeMTMC-reID/bounding_box_test\0790_c4_f0169903.jpg,1,2,0.8377348184585571,-0.5,E,1295,D:\deep-person-reid\reid-data\dukemtmc-reid\DukeMTMC-reID/query\0790_c3_f0175572.jpg,790,True,True,True,-0.011092662811279297,0.0
D:\deep-person-reid\reid-data\dukemtmc-reid\DukeMTMC-reID/bounding_box_test\4563_c7_f0132167.jpg,4563,0.8046895265579224,,,,,,C,1296,D:\deep-person-reid\reid-data\dukemtmc-reid\DukeMTMC-reID/query\0790_c4_f0169663.jpg,790,,False,True,,
D:\deep-person-reid\reid-data\dukemtmc-reid\DukeMTMC-reID/bounding_box_test\0760_c1_f0190565.jpg,760,0.8784599900245667,,,,,,B,1297,D:\deep-person-reid\reid-data\dukemtmc-reid\DukeMTMC-reID/query\0791_c1_f0200160.jpg,791,,False,False,,
D:\deep-person-reid\reid-data\dukemtmc-reid\DukeMTMC-reID/bounding_box_test\0061_c2_f0066345.jpg,61,0.8148512840270996,,,,,,B,1298,D:\deep-person-reid\reid-data\dukemtmc-reid\DukeMTMC-reID/query\0791_c6_f0177898.jpg,791,,False,False,,
D:\deep-person-reid\reid-data\dukemtmc-reid\DukeMTMC-reID/bounding_box_test\4321_c7_f0081942.jpg,4321,0.7853342294692993,,,,,,C,1299,D:\deep-person-reid\reid-data\dukemtmc-reid\DukeMTMC-reID/query\0791_c7_f0182278.jpg,791,,False,True,,
D:\deep-person-reid\reid-data\dukemtmc-reid\DukeMTMC-reID/bounding_box_test\4699_c7_f0164597.jpg,4699,0.7782596349716187,,,,,,B,1300,D:\deep-person-reid\reid-data\dukemtmc-reid\DukeMTMC-reID/query\0791_c8_f0156066.jpg,791,,False,False,,
D:\deep-person-reid\reid-data\dukemtmc-reid\DukeMTMC-reID/bounding_box_test\0332_c5_f0115051.jpg,332,0.7905837297439575,D:\deep-person-reid\reid-data\dukemtmc-reid\DukeMTMC-reID/bounding_box_test\0792_c8_f0155705.jpg,2,2,0.7875181436538696,1.0,F,1301,D:\deep-person-reid\reid-data\dukemtmc-reid\DukeMTMC-reID/query\0792_c1_f0200158.jpg,792,False,True,True,-0.0030655860900878906,1.0
D:\deep-person-reid\reid-data\dukemtmc-reid\DukeMTMC-reID/bounding_box_test\0500_c1_f0129634.jpg,500,0.8727203011512756,,,,,,B,1303,D:\deep-person-reid\reid-data\dukemtmc-reid\DukeMTMC-reID/query\0794_c1_f0200202.jpg,794,,False,False,,
D:\deep-person-reid\reid-data\dukemtmc-reid\DukeMTMC-reID/bounding_box_test\0287_c2_f0099015.jpg,287,0.8888452053070068,,,,,,C,1304,D:\deep-person-reid\reid-data\dukemtmc-reid\DukeMTMC-reID/query\0794_c2_f0204788.jpg,794,,False,True,,
D:\deep-person-reid\reid-data\dukemtmc-reid\DukeMTMC-reID/bounding_box_test\0238_c1_f0095093.jpg,238,0.8281141519546509,,,,,,B,1307,D:\deep-person-reid\reid-data\dukemtmc-reid\DukeMTMC-reID/query\0804_c1_f0204340.jpg,804,,False,False,,
D:\deep-person-reid\reid-data\dukemtmc-reid\DukeMTMC-reID/bounding_box_test\1785_c3_f0131261.jpg,1785,0.9045119285583496,,,,,,B,1309,D:\deep-person-reid\reid-data\dukemtmc-reid\DukeMTMC-reID/query\0804_c3_f0187070.jpg,804,,False,False,,
D:\deep-person-reid\reid-data\dukemtmc-reid\DukeMTMC-reID/bounding_box_test\0033_c1_f0057586.jpg,33,0.8437312245368958,,,,,,B,1310,D:\deep-person-reid\reid-data\dukemtmc-reid\DukeMTMC-reID/query\0806_c1_f0204615.jpg,806,,False,False,,
D:\deep-person-reid\reid-data\dukemtmc-reid\DukeMTMC-reID/bounding_box_test\1104_c2_f0210299.jpg,1104,0.8331165313720703,,,,,,B,1311,D:\deep-person-reid\reid-data\dukemtmc-reid\DukeMTMC-reID/query\0806_c2_f0207320.jpg,806,,False,False,,
D:\deep-person-reid\reid-data\dukemtmc-reid\DukeMTMC-reID/bounding_box_test\0570_c3_f0133227.jpg,570,0.8500332236289978,,,,,,B,1312,D:\deep-person-reid\reid-data\dukemtmc-reid\DukeMTMC-reID/query\0806_c3_f0184124.jpg,806,,False,False,,
D:\deep-person-reid\reid-data\dukemtmc-reid\DukeMTMC-reID/bounding_box_test\1104_c4_f0187723.jpg,1104,0.87251877784729,,,,,,B,1313,D:\deep-person-reid\reid-data\dukemtmc-reid\DukeMTMC-reID/query\0806_c4_f0180979.jpg,806,,False,False,,
D:\deep-person-reid\reid-data\dukemtmc-reid\DukeMTMC-reID/bounding_box_test\0212_c1_f0090730.jpg,212,0.8366241455078125,,,,,,B,1314,D:\deep-person-reid\reid-data\dukemtmc-reid\DukeMTMC-reID/query\0807_c1_f0101261.jpg,807,,False,False,,
D:\deep-person-reid\reid-data\dukemtmc-reid\DukeMTMC-reID/bounding_box_test\0299_c8_f0056866.jpg,299,0.8556156158447266,,,,,,B,1315,D:\deep-person-reid\reid-data\dukemtmc-reid\DukeMTMC-reID/query\0807_c8_f0058266.jpg,807,,False,False,,
D:\deep-person-reid\reid-data\dukemtmc-reid\DukeMTMC-reID/bounding_box_test\0612_c4_f0138461.jpg,612,0.788205623626709,,,,,,C,1317,D:\deep-person-reid\reid-data\dukemtmc-reid\DukeMTMC-reID/query\0809_c8_f0162346.jpg,809,,False,True,,
D:\deep-person-reid\reid-data\dukemtmc-reid\DukeMTMC-reID/bounding_box_test\0204_c1_f0090870.jpg,204,0.7783918976783752,,,,,,B,1318,D:\deep-person-reid\reid-data\dukemtmc-reid\DukeMTMC-reID/query\0810_c1_f0205508.jpg,810,,False,False,,
D:\deep-person-reid\reid-data\dukemtmc-reid\DukeMTMC-reID/bounding_box_test\0812_c2_f0206162.jpg,812,0.7982265949249268,,,,,,B,1319,D:\deep-person-reid\reid-data\dukemtmc-reid\DukeMTMC-reID/query\0810_c2_f0208641.jpg,810,,False,False,,
D:\deep-person-reid\reid-data\dukemtmc-reid\DukeMTMC-reID/bounding_box_test\6476_c8_f0055378.jpg,6476,0.8034095764160156,,,,,,B,1320,D:\deep-person-reid\reid-data\dukemtmc-reid\DukeMTMC-reID/query\0810_c3_f0185898.jpg,810,,False,False,,
D:\deep-person-reid\reid-data\dukemtmc-reid\DukeMTMC-reID/bounding_box_test\0361_c1_f0108159.jpg,361,0.9132851362228394,,,,,,B,1321,D:\deep-person-reid\reid-data\dukemtmc-reid\DukeMTMC-reID/query\0812_c1_f0205728.jpg,812,,False,False,,
D:\deep-person-reid\reid-data\dukemtmc-reid\DukeMTMC-reID/bounding_box_test\0729_c2_f0196519.jpg,729,0.803114116191864,D:\deep-person-reid\reid-data\dukemtmc-reid\DukeMTMC-reID/bounding_box_test\0812_c5_f0208591.jpg,8,2,0.802009105682373,1.0,F,1322,D:\deep-person-reid\reid-data\dukemtmc-reid\DukeMTMC-reID/query\0812_c2_f0206282.jpg,812,False,True,True,-0.0011050105094909668,-1.0
D:\deep-person-reid\reid-data\dukemtmc-reid\DukeMTMC-reID/bounding_box_test\0576_c1_f0152924.jpg,576,0.8370093107223511,,,,,,B,1325,D:\deep-person-reid\reid-data\dukemtmc-reid\DukeMTMC-reID/query\0816_c1_f0206925.jpg,816,,False,False,,
D:\deep-person-reid\reid-data\dukemtmc-reid\DukeMTMC-reID/bounding_box_test\1784_c2_f0155482.jpg,1784,0.7706198692321777,D:\deep-person-reid\reid-data\dukemtmc-reid\DukeMTMC-reID/bounding_box_test\0816_c3_f0182526.jpg,4,4,0.7518410682678223,1.0,F,1326,D:\deep-person-reid\reid-data\dukemtmc-reid\DukeMTMC-reID/query\0816_c2_f0206679.jpg,816,False,True,True,-0.01877880096435547,-1.0
D:\deep-person-reid\reid-data\dukemtmc-reid\DukeMTMC-reID/bounding_box_test\2772_c3_f0177570.jpg,2772,0.8305648565292358,,,,,,B,1327,D:\deep-person-reid\reid-data\dukemtmc-reid\DukeMTMC-reID/query\0816_c3_f0182166.jpg,816,,False,False,,
D:\deep-person-reid\reid-data\dukemtmc-reid\DukeMTMC-reID/bounding_box_test\2479_c4_f0058787.jpg,2479,0.8225327730178833,,,,,,B,1328,D:\deep-person-reid\reid-data\dukemtmc-reid\DukeMTMC-reID/query\0816_c4_f0177057.jpg,816,,False,False,,
D:\deep-person-reid\reid-data\dukemtmc-reid\DukeMTMC-reID/bounding_box_test\1811_c3_f0135436.jpg,1811,0.7724776268005371,,,,,,C,1331,D:\deep-person-reid\reid-data\dukemtmc-reid\DukeMTMC-reID/query\0818_c3_f0183040.jpg,818,,False,True,,
D:\deep-person-reid\reid-data\dukemtmc-reid\DukeMTMC-reID/bounding_box_test\0775_c2_f0198020.jpg,775,0.8628578782081604,,,,,,C,1334,D:\deep-person-reid\reid-data\dukemtmc-reid\DukeMTMC-reID/query\0820_c2_f0215254.jpg,820,,False,True,,
D:\deep-person-reid\reid-data\dukemtmc-reid\DukeMTMC-reID/bounding_box_test\0706_c1_f0176712.jpg,706,0.8068538308143616,,,,,,C,1335,D:\deep-person-reid\reid-data\dukemtmc-reid\DukeMTMC-reID/query\0823_c1_f0209808.jpg,823,,False,True,,
D:\deep-person-reid\reid-data\dukemtmc-reid\DukeMTMC-reID/bounding_box_test\0810_c2_f0209241.jpg,810,0.8267865777015686,,,,,,C,1336,D:\deep-person-reid\reid-data\dukemtmc-reid\DukeMTMC-reID/query\0823_c2_f0209264.jpg,823,,False,True,,
D:\deep-person-reid\reid-data\dukemtmc-reid\DukeMTMC-reID/bounding_box_test\0651_c3_f0147305.jpg,651,0.7429682612419128,,,,,,C,1337,D:\deep-person-reid\reid-data\dukemtmc-reid\DukeMTMC-reID/query\0823_c3_f0184392.jpg,823,,False,True,,
D:\deep-person-reid\reid-data\dukemtmc-reid\DukeMTMC-reID/bounding_box_test\0123_c4_f0045420.jpg,123,0.8632097244262695,,,,,,C,1338,D:\deep-person-reid\reid-data\dukemtmc-reid\DukeMTMC-reID/query\0823_c4_f0178938.jpg,823,,False,True,,
D:\deep-person-reid\reid-data\dukemtmc-reid\DukeMTMC-reID/bounding_box_test\1104_c2_f0210179.jpg,1104,0.8033310174942017,D:\deep-person-reid\reid-data\dukemtmc-reid\DukeMTMC-reID/bounding_box_test\0824_c1_f0209984.jpg,2,2,0.7920258045196533,0.0,F,1340,D:\deep-person-reid\reid-data\dukemtmc-reid\DukeMTMC-reID/query\0824_c2_f0209733.jpg,824,False,True,True,-0.01130521297454834,0.0
D:\deep-person-reid\reid-data\dukemtmc-reid\DukeMTMC-reID/bounding_box_test\0347_c8_f0068624.jpg,347,0.809063196182251,,,,,,C,1341,D:\deep-person-reid\reid-data\dukemtmc-reid\DukeMTMC-reID/query\0824_c3_f0184560.jpg,824,,False,True,,
D:\deep-person-reid\reid-data\dukemtmc-reid\DukeMTMC-reID/bounding_box_test\0089_c1_f0068986.jpg,89,0.8174946904182434,,,,,,C,1343,D:\deep-person-reid\reid-data\dukemtmc-reid\DukeMTMC-reID/query\0826_c1_f0210134.jpg,826,,False,True,,
D:\deep-person-reid\reid-data\dukemtmc-reid\DukeMTMC-reID/bounding_box_test\0856_c8_f0180012.jpg,856,0.8298006057739258,,,,,,C,1344,D:\deep-person-reid\reid-data\dukemtmc-reid\DukeMTMC-reID/query\0826_c8_f0167158.jpg,826,,False,True,,
D:\deep-person-reid\reid-data\dukemtmc-reid\DukeMTMC-reID/bounding_box_test\0416_c1_f0117385.jpg,416,0.879329264163971,,,,,,B,1345,D:\deep-person-reid\reid-data\dukemtmc-reid\DukeMTMC-reID/query\0828_c1_f0211484.jpg,828,,False,False,,
D:\deep-person-reid\reid-data\dukemtmc-reid\DukeMTMC-reID/bounding_box_test\3410_c6_f0064154.jpg,3410,0.8926348686218262,,,,,,C,1346,D:\deep-person-reid\reid-data\dukemtmc-reid\DukeMTMC-reID/query\0828_c2_f0211498.jpg,828,,False,True,,
D:\deep-person-reid\reid-data\dukemtmc-reid\DukeMTMC-reID/bounding_box_test\0468_c5_f0127215.jpg,468,0.8265501260757446,,,,,,B,1347,D:\deep-person-reid\reid-data\dukemtmc-reid\DukeMTMC-reID/query\0828_c5_f0213344.jpg,828,,False,False,,
D:\deep-person-reid\reid-data\dukemtmc-reid\DukeMTMC-reID/bounding_box_test\4809_c6_f0203860.jpg,4809,0.8601182103157043,,,,,,B,1348,D:\deep-person-reid\reid-data\dukemtmc-reid\DukeMTMC-reID/query\0828_c6_f0189070.jpg,828,,False,False,,
D:\deep-person-reid\reid-data\dukemtmc-reid\DukeMTMC-reID/bounding_box_test\0294_c1_f0099591.jpg,294,0.7980801463127136,D:\deep-person-reid\reid-data\dukemtmc-reid\DukeMTMC-reID/bounding_box_test\0830_c2_f0216514.jpg,2,3,0.7939273118972778,-0.5,F,1349,D:\deep-person-reid\reid-data\dukemtmc-reid\DukeMTMC-reID/query\0830_c1_f0212261.jpg,830,False,True,True,-0.004152834415435791,1.0
D:\deep-person-reid\reid-data\dukemtmc-reid\DukeMTMC-reID/bounding_box_test\6422_c8_f0080072.jpg,6422,0.8572021722793579,D:\deep-person-reid\reid-data\dukemtmc-reid\DukeMTMC-reID/bounding_box_test\0830_c5_f0221668.jpg,2,2,0.8413416743278503,1.0,F,1350,D:\deep-person-reid\reid-data\dukemtmc-reid\DukeMTMC-reID/query\0830_c2_f0216994.jpg,830,False,True,True,-0.01586049795150757,1.0
D:\deep-person-reid\reid-data\dukemtmc-reid\DukeMTMC-reID/bounding_box_test\0238_c1_f0094973.jpg,238,0.8196960687637329,,,,,,C,1352,D:\deep-person-reid\reid-data\dukemtmc-reid\DukeMTMC-reID/query\0832_c1_f0213639.jpg,832,,False,True,,
D:\deep-person-reid\reid-data\dukemtmc-reid\DukeMTMC-reID/bounding_box_test\2023_c3_f0185881.jpg,2023,0.9244396686553955,,,,,,B,1354,D:\deep-person-reid\reid-data\dukemtmc-reid\DukeMTMC-reID/query\0832_c3_f0188118.jpg,832,,False,False,,
D:\deep-person-reid\reid-data\dukemtmc-reid\DukeMTMC-reID/bounding_box_test\0760_c1_f0190565.jpg,760,0.858089804649353,,,,,,B,1355,D:\deep-person-reid\reid-data\dukemtmc-reid\DukeMTMC-reID/query\0834_c1_f0215372.jpg,834,,False,False,,
D:\deep-person-reid\reid-data\dukemtmc-reid\DukeMTMC-reID/bounding_box_test\0514_c1_f0131787.jpg,514,0.8105055689811707,,,,,,B,1356,D:\deep-person-reid\reid-data\dukemtmc-reid\DukeMTMC-reID/query\0834_c2_f0215495.jpg,834,,False,False,,
D:\deep-person-reid\reid-data\dukemtmc-reid\DukeMTMC-reID/bounding_box_test\6415_c8_f0079037.jpg,6415,0.7876027822494507,,,,,,B,1357,D:\deep-person-reid\reid-data\dukemtmc-reid\DukeMTMC-reID/query\0834_c3_f0190667.jpg,834,,False,False,,
D:\deep-person-reid\reid-data\dukemtmc-reid\DukeMTMC-reID/bounding_box_test\1104_c4_f0189283.jpg,1104,0.8378500938415527,,,,,,B,1358,D:\deep-person-reid\reid-data\dukemtmc-reid\DukeMTMC-reID/query\0834_c4_f0184330.jpg,834,,False,False,,
D:\deep-person-reid\reid-data\dukemtmc-reid\DukeMTMC-reID/bounding_box_test\0077_c1_f0065814.jpg,77,0.7854266166687012,,,,,,B,1359,D:\deep-person-reid\reid-data\dukemtmc-reid\DukeMTMC-reID/query\0838_c1_f0217646.jpg,838,,False,False,,
D:\deep-person-reid\reid-data\dukemtmc-reid\DukeMTMC-reID/bounding_box_test\0050_c2_f0064078.jpg,50,0.8416121006011963,,,,,,B,1360,D:\deep-person-reid\reid-data\dukemtmc-reid\DukeMTMC-reID/query\0838_c2_f0221264.jpg,838,,False,False,,
D:\deep-person-reid\reid-data\dukemtmc-reid\DukeMTMC-reID/bounding_box_test\0034_c1_f0057396.jpg,34,0.8639646768569946,,,,,,B,1361,D:\deep-person-reid\reid-data\dukemtmc-reid\DukeMTMC-reID/query\0840_c1_f0217473.jpg,840,,False,False,,
D:\deep-person-reid\reid-data\dukemtmc-reid\DukeMTMC-reID/bounding_box_test\1109_c7_f0198746.jpg,1109,0.8190934062004089,D:\deep-person-reid\reid-data\dukemtmc-reid\DukeMTMC-reID/bounding_box_test\0840_c6_f0193432.jpg,3,3,0.8011462688446045,0.5,F,1363,D:\deep-person-reid\reid-data\dukemtmc-reid\DukeMTMC-reID/query\0840_c7_f0198477.jpg,840,False,True,True,-0.017947137355804443,0.5
D:\deep-person-reid\reid-data\dukemtmc-reid\DukeMTMC-reID/bounding_box_test\0466_c1_f0125105.jpg,466,0.8465473055839539,,,,,,B,1364,D:\deep-person-reid\reid-data\dukemtmc-reid\DukeMTMC-reID/query\0845_c1_f0218122.jpg,845,,False,False,,
D:\deep-person-reid\reid-data\dukemtmc-reid\DukeMTMC-reID/bounding_box_test\0852_c1_f0221259.jpg,852,0.7982347011566162,,,,,,B,1365,D:\deep-person-reid\reid-data\dukemtmc-reid\DukeMTMC-reID/query\0845_c2_f0223248.jpg,845,,False,False,,
D:\deep-person-reid\reid-data\dukemtmc-reid\DukeMTMC-reID/bounding_box_test\0003_c1_f0046078.jpg,3,0.7933618426322937,,,,,,B,1366,D:\deep-person-reid\reid-data\dukemtmc-reid\DukeMTMC-reID/query\0846_c1_f0218221.jpg,846,,False,False,,
D:\deep-person-reid\reid-data\dukemtmc-reid\DukeMTMC-reID/bounding_box_test\6758_c8_f0162571.jpg,6758,0.8052229881286621,,,,,,B,1367,D:\deep-person-reid\reid-data\dukemtmc-reid\DukeMTMC-reID/query\0846_c8_f0180744.jpg,846,,False,False,,
D:\deep-person-reid\reid-data\dukemtmc-reid\DukeMTMC-reID/bounding_box_test\0346_c1_f0106289.jpg,346,0.9240516424179077,,,,,,B,1370,D:\deep-person-reid\reid-data\dukemtmc-reid\DukeMTMC-reID/query\0849_c1_f0219362.jpg,849,,False,False,,
D:\deep-person-reid\reid-data\dukemtmc-reid\DukeMTMC-reID/bounding_box_test\6610_c8_f0119713.jpg,6610,0.8000203371047974,D:\deep-person-reid\reid-data\dukemtmc-reid\DukeMTMC-reID/bounding_box_test\0849_c2_f0219473.jpg,4,3,0.7906312942504883,0.0,F,1372,D:\deep-person-reid\reid-data\dukemtmc-reid\DukeMTMC-reID/query\0849_c5_f0220887.jpg,849,False,True,True,-0.009389042854309082,0.0
D:\deep-person-reid\reid-data\dukemtmc-reid\DukeMTMC-reID/bounding_box_test\6046_c6_f0057141.jpg,6046,0.8324097394943237,,,,,,C,1373,D:\deep-person-reid\reid-data\dukemtmc-reid\DukeMTMC-reID/query\0849_c6_f0196572.jpg,849,,False,True,,
D:\deep-person-reid\reid-data\dukemtmc-reid\DukeMTMC-reID/bounding_box_test\4622_c7_f0146739.jpg,4622,0.8615373969078064,,,,,,C,1374,D:\deep-person-reid\reid-data\dukemtmc-reid\DukeMTMC-reID/query\0849_c7_f0200969.jpg,849,,False,True,,
D:\deep-person-reid\reid-data\dukemtmc-reid\DukeMTMC-reID/bounding_box_test\0201_c1_f0089848.jpg,201,0.9240549802780151,,,,,,B,1375,D:\deep-person-reid\reid-data\dukemtmc-reid\DukeMTMC-reID/query\1104_c1_f0204686.jpg,1104,,False,False,,
D:\deep-person-reid\reid-data\dukemtmc-reid\DukeMTMC-reID/bounding_box_test\0376_c3_f0091581.jpg,376,0.8238527774810791,D:\deep-person-reid\reid-data\dukemtmc-reid\DukeMTMC-reID/bounding_box_test\1104_c4_f0189163.jpg,4,4,0.8070527911186218,0.5,F,1377,D:\deep-person-reid\reid-data\dukemtmc-reid\DukeMTMC-reID/query\1104_c3_f0188453.jpg,1104,False,True,True,-0.016799986362457275,0.5
D:\deep-person-reid\reid-data\dukemtmc-reid\DukeMTMC-reID/bounding_box_test\0834_c4_f0184930.jpg,834,0.8304327130317688,D:\deep-person-reid\reid-data\dukemtmc-reid\DukeMTMC-reID/bounding_box_test\1104_c3_f0188573.jpg,2,2,0.8244295716285706,1.0,F,1378,D:\deep-person-reid\reid-data\dukemtmc-reid\DukeMTMC-reID/query\1104_c4_f0188683.jpg,1104,False,True,True,-0.006003141403198242,1.0
D:\deep-person-reid\reid-data\dukemtmc-reid\DukeMTMC-reID/bounding_box_test\1110_c2_f0168671.jpg,1110,0.8665818572044373,,,,,,C,1379,D:\deep-person-reid\reid-data\dukemtmc-reid\DukeMTMC-reID/query\1108_c2_f0168647.jpg,1108,,False,True,,
D:\deep-person-reid\reid-data\dukemtmc-reid\DukeMTMC-reID/bounding_box_test\4789_c7_f0194928.jpg,4789,0.8291172981262207,D:\deep-person-reid\reid-data\dukemtmc-reid\DukeMTMC-reID/bounding_box_test\1109_c2_f0167030.jpg,1,2,0.8269031047821045,-1.0,E,1385,D:\deep-person-reid\reid-data\dukemtmc-reid\DukeMTMC-reID/query\1109_c3_f0147451.jpg,1109,True,True,True,-0.002214193344116211,1.0
D:\deep-person-reid\reid-data\dukemtmc-reid\DukeMTMC-reID/bounding_box_test\6073_c8_f0040061.jpg,6073,0.8361523151397705,,,,,,B,1394,D:\deep-person-reid\reid-data\dukemtmc-reid\DukeMTMC-reID/query\1228_c3_f0190848.jpg,1228,,False,False,,
D:\deep-person-reid\reid-data\dukemtmc-reid\DukeMTMC-reID/bounding_box_test\6481_c8_f0089534.jpg,6481,0.8053328990936279,D:\deep-person-reid\reid-data\dukemtmc-reid\DukeMTMC-reID/bounding_box_test\1228_c3_f0191088.jpg,3,3,0.7974365949630737,1.0,F,1395,D:\deep-person-reid\reid-data\dukemtmc-reid\DukeMTMC-reID/query\1228_c4_f0185669.jpg,1228,False,True,True,-0.0078963041305542,1.0
D:\deep-person-reid\reid-data\dukemtmc-reid\DukeMTMC-reID/bounding_box_test\0235_c5_f0076859.jpg,235,0.8227781057357788,,,,,,B,1399,D:\deep-person-reid\reid-data\dukemtmc-reid\DukeMTMC-reID/query\1290_c2_f0066585.jpg,1290,,False,False,,
D:\deep-person-reid\reid-data\dukemtmc-reid\DukeMTMC-reID/bounding_box_test\6084_c8_f0041912.jpg,6084,0.8322101831436157,D:\deep-person-reid\reid-data\dukemtmc-reid\DukeMTMC-reID/bounding_box_test\1290_c2_f0068145.jpg,3,4,0.8127298355102539,0.0,F,1400,D:\deep-person-reid\reid-data\dukemtmc-reid\DukeMTMC-reID/query\1290_c8_f0021912.jpg,1290,False,True,True,-0.019480347633361816,0.0
D:\deep-person-reid\reid-data\dukemtmc-reid\DukeMTMC-reID/bounding_box_test\2488_c3_f0066789.jpg,2488,0.8384241461753845,,,,,,B,1402,D:\deep-person-reid\reid-data\dukemtmc-reid\DukeMTMC-reID/query\1297_c3_f0046161.jpg,1297,,False,False,,
D:\deep-person-reid\reid-data\dukemtmc-reid\DukeMTMC-reID/bounding_box_test\0240_c4_f0064650.jpg,240,0.8227488398551941,,,,,,C,1403,D:\deep-person-reid\reid-data\dukemtmc-reid\DukeMTMC-reID/query\1297_c4_f0043422.jpg,1297,,False,True,,
D:\deep-person-reid\reid-data\dukemtmc-reid\DukeMTMC-reID/bounding_box_test\0078_c3_f0039462.jpg,78,0.8519527316093445,,,,,,B,1407,D:\deep-person-reid\reid-data\dukemtmc-reid\DukeMTMC-reID/query\1314_c3_f0048543.jpg,1314,,False,False,,
D:\deep-person-reid\reid-data\dukemtmc-reid\DukeMTMC-reID/bounding_box_test\0508_c4_f0109803.jpg,508,0.8618019223213196,,,,,,B,1408,D:\deep-person-reid\reid-data\dukemtmc-reid\DukeMTMC-reID/query\1314_c4_f0045630.jpg,1314,,False,False,,
D:\deep-person-reid\reid-data\dukemtmc-reid\DukeMTMC-reID/bounding_box_test\0631_c2_f0165630.jpg,631,0.8478096127510071,,,,,,B,1409,D:\deep-person-reid\reid-data\dukemtmc-reid\DukeMTMC-reID/query\1314_c5_f0075016.jpg,1314,,False,False,,
D:\deep-person-reid\reid-data\dukemtmc-reid\DukeMTMC-reID/bounding_box_test\3674_c6_f0145847.jpg,3674,0.8698917627334595,,,,,,C,1412,D:\deep-person-reid\reid-data\dukemtmc-reid\DukeMTMC-reID/query\1366_c6_f0067113.jpg,1366,,False,True,,
D:\deep-person-reid\reid-data\dukemtmc-reid\DukeMTMC-reID/bounding_box_test\1386_c3_f0064482.jpg,1386,0.9104054570198059,,,,,,C,1414,D:\deep-person-reid\reid-data\dukemtmc-reid\DukeMTMC-reID/query\1382_c3_f0064484.jpg,1382,,False,True,,
D:\deep-person-reid\reid-data\dukemtmc-reid\DukeMTMC-reID/bounding_box_test\0367_c2_f0109273.jpg,367,0.7913239002227783,,,,,,B,1417,D:\deep-person-reid\reid-data\dukemtmc-reid\DukeMTMC-reID/query\1386_c2_f0087221.jpg,1386,,False,False,,
D:\deep-person-reid\reid-data\dukemtmc-reid\DukeMTMC-reID/bounding_box_test\1382_c3_f0064244.jpg,1382,0.8126649856567383,,,,,,C,1418,D:\deep-person-reid\reid-data\dukemtmc-reid\DukeMTMC-reID/query\1386_c3_f0064242.jpg,1386,,False,True,,
D:\deep-person-reid\reid-data\dukemtmc-reid\DukeMTMC-reID/bounding_box_test\0247_c4_f0075289.jpg,247,0.810457170009613,,,,,,B,1419,D:\deep-person-reid\reid-data\dukemtmc-reid\DukeMTMC-reID/query\1386_c4_f0062288.jpg,1386,,False,False,,
D:\deep-person-reid\reid-data\dukemtmc-reid\DukeMTMC-reID/bounding_box_test\0405_c5_f0124144.jpg,405,0.8229844570159912,,,,,,B,1420,D:\deep-person-reid\reid-data\dukemtmc-reid\DukeMTMC-reID/query\1398_c2_f0089175.jpg,1398,,False,False,,
D:\deep-person-reid\reid-data\dukemtmc-reid\DukeMTMC-reID/bounding_box_test\6115_c8_f0047104.jpg,6115,0.849179744720459,,,,,,B,1421,D:\deep-person-reid\reid-data\dukemtmc-reid\DukeMTMC-reID/query\1398_c8_f0048745.jpg,1398,,False,False,,
D:\deep-person-reid\reid-data\dukemtmc-reid\DukeMTMC-reID/bounding_box_test\4480_c6_f0104923.jpg,4480,0.8069819808006287,D:\deep-person-reid\reid-data\dukemtmc-reid\DukeMTMC-reID/bounding_box_test\1403_c5_f0095529.jpg,9,4,0.7975664734840393,1.0,F,1422,D:\deep-person-reid\reid-data\dukemtmc-reid\DukeMTMC-reID/query\1403_c2_f0089218.jpg,1403,False,True,True,-0.009415507316589355,-0.5
D:\deep-person-reid\reid-data\dukemtmc-reid\DukeMTMC-reID/bounding_box_test\0261_c6_f0075069.jpg,261,0.8141939640045166,D:\deep-person-reid\reid-data\dukemtmc-reid\DukeMTMC-reID/bounding_box_test\1403_c2_f0089458.jpg,2,2,0.8038536906242371,0.5,F,1425,D:\deep-person-reid\reid-data\dukemtmc-reid\DukeMTMC-reID/query\1403_c6_f0075533.jpg,1403,False,True,True,-0.010340273380279541,0.5
D:\deep-person-reid\reid-data\dukemtmc-reid\DukeMTMC-reID/bounding_box_test\4060_c7_f0039490.jpg,4060,0.8498548269271851,,,,,,B,1427,D:\deep-person-reid\reid-data\dukemtmc-reid\DukeMTMC-reID/query\1421_c3_f0069829.jpg,1421,,False,False,,
D:\deep-person-reid\reid-data\dukemtmc-reid\DukeMTMC-reID/bounding_box_test\2768_c3_f0199641.jpg,2768,0.8544362783432007,,,,,,C,1430,D:\deep-person-reid\reid-data\dukemtmc-reid\DukeMTMC-reID/query\1440_c3_f0069697.jpg,1440,,False,True,,
D:\deep-person-reid\reid-data\dukemtmc-reid\DukeMTMC-reID/bounding_box_test\0237_c4_f0064227.jpg,237,0.8412649631500244,,,,,,B,1431,D:\deep-person-reid\reid-data\dukemtmc-reid\DukeMTMC-reID/query\1440_c4_f0064347.jpg,1440,,False,False,,
D:\deep-person-reid\reid-data\dukemtmc-reid\DukeMTMC-reID/bounding_box_test\2772_c4_f0172409.jpg,2772,0.7969154119491577,D:\deep-person-reid\reid-data\dukemtmc-reid\DukeMTMC-reID/bounding_box_test\1480_c3_f0073658.jpg,3,3,0.7829347252845764,-1.0,F,1439,D:\deep-person-reid\reid-data\dukemtmc-reid\DukeMTMC-reID/query\1480_c4_f0068086.jpg,1480,False,True,True,-0.013980686664581299,-1.0
D:\deep-person-reid\reid-data\dukemtmc-reid\DukeMTMC-reID/bounding_box_test\0469_c6_f0113972.jpg,469,0.7932926416397095,D:\deep-person-reid\reid-data\dukemtmc-reid\DukeMTMC-reID/bounding_box_test\1480_c4_f0068446.jpg,1,3,0.787720799446106,-1.0,E,1440,D:\deep-person-reid\reid-data\dukemtmc-reid\DukeMTMC-reID/query\1480_c5_f0101437.jpg,1480,True,True,True,-0.005571842193603516,1.0
D:\deep-person-reid\reid-data\dukemtmc-reid\DukeMTMC-reID/bounding_box_test\4634_c8_f0119094.jpg,4634,0.8343143463134766,D:\deep-person-reid\reid-data\dukemtmc-reid\DukeMTMC-reID/bounding_box_test\1480_c4_f0068326.jpg,2,2,0.8304452896118164,1.0,F,1441,D:\deep-person-reid\reid-data\dukemtmc-reid\DukeMTMC-reID/query\1480_c8_f0056799.jpg,1480,False,True,True,-0.0038690567016601562,1.0
D:\deep-person-reid\reid-data\dukemtmc-reid\DukeMTMC-reID/bounding_box_test\1487_c2_f0099928.jpg,1487,0.933627724647522,,,,,,B,1442,D:\deep-person-reid\reid-data\dukemtmc-reid\DukeMTMC-reID/query\1486_c2_f0099926.jpg,1486,,False,False,,
D:\deep-person-reid\reid-data\dukemtmc-reid\DukeMTMC-reID/bounding_box_test\1487_c3_f0074717.jpg,1487,0.760369062423706,,,,,,B,1443,D:\deep-person-reid\reid-data\dukemtmc-reid\DukeMTMC-reID/query\1486_c3_f0074486.jpg,1486,,False,False,,
D:\deep-person-reid\reid-data\dukemtmc-reid\DukeMTMC-reID/bounding_box_test\1486_c2_f0099806.jpg,1486,0.8973913192749023,,,,,,B,1445,D:\deep-person-reid\reid-data\dukemtmc-reid\DukeMTMC-reID/query\1487_c2_f0099808.jpg,1487,,False,False,,
D:\deep-person-reid\reid-data\dukemtmc-reid\DukeMTMC-reID/bounding_box_test\0187_c3_f0068825.jpg,187,0.8974792957305908,,,,,,B,1446,D:\deep-person-reid\reid-data\dukemtmc-reid\DukeMTMC-reID/query\1487_c3_f0075077.jpg,1487,,False,False,,
D:\deep-person-reid\reid-data\dukemtmc-reid\DukeMTMC-reID/bounding_box_test\0264_c4_f0075949.jpg,264,0.7813576459884644,,,,,,B,1447,D:\deep-person-reid\reid-data\dukemtmc-reid\DukeMTMC-reID/query\1487_c4_f0068564.jpg,1487,,False,False,,
D:\deep-person-reid\reid-data\dukemtmc-reid\DukeMTMC-reID/bounding_box_test\0699_c3_f0154808.jpg,699,0.7198750972747803,,,,,,C,1449,D:\deep-person-reid\reid-data\dukemtmc-reid\DukeMTMC-reID/query\1489_c8_f0055188.jpg,1489,,False,True,,
D:\deep-person-reid\reid-data\dukemtmc-reid\DukeMTMC-reID/bounding_box_test\6049_c8_f0036382.jpg,6049,0.7689146399497986,,,,,,B,1451,D:\deep-person-reid\reid-data\dukemtmc-reid\DukeMTMC-reID/query\1490_c3_f0074655.jpg,1490,,False,False,,
D:\deep-person-reid\reid-data\dukemtmc-reid\DukeMTMC-reID/bounding_box_test\1758_c2_f0148230.jpg,1758,0.8375031352043152,,,,,,C,1452,D:\deep-person-reid\reid-data\dukemtmc-reid\DukeMTMC-reID/query\1518_c2_f0103260.jpg,1518,,False,True,,
D:\deep-person-reid\reid-data\dukemtmc-reid\DukeMTMC-reID/bounding_box_test\1750_c3_f0118628.jpg,1750,0.8263201713562012,,,,,,B,1453,D:\deep-person-reid\reid-data\dukemtmc-reid\DukeMTMC-reID/query\1518_c3_f0077661.jpg,1518,,False,False,,
D:\deep-person-reid\reid-data\dukemtmc-reid\DukeMTMC-reID/bounding_box_test\1635_c4_f0090681.jpg,1635,0.8787190914154053,,,,,,B,1454,D:\deep-person-reid\reid-data\dukemtmc-reid\DukeMTMC-reID/query\1518_c4_f0072264.jpg,1518,,False,False,,
D:\deep-person-reid\reid-data\dukemtmc-reid\DukeMTMC-reID/bounding_box_test\0230_c2_f0093862.jpg,230,0.8443658351898193,D:\deep-person-reid\reid-data\dukemtmc-reid\DukeMTMC-reID/bounding_box_test\1518_c2_f0103020.jpg,5,2,0.8407719731330872,1.0,F,1455,D:\deep-person-reid\reid-data\dukemtmc-reid\DukeMTMC-reID/query\1518_c5_f0105880.jpg,1518,False,True,True,-0.0035938620567321777,-1.0
D:\deep-person-reid\reid-data\dukemtmc-reid\DukeMTMC-reID/bounding_box_test\0380_c5_f0113192.jpg,380,0.8442181348800659,,,,,,B,1456,D:\deep-person-reid\reid-data\dukemtmc-reid\DukeMTMC-reID/query\1555_c2_f0108163.jpg,1555,,False,False,,
D:\deep-person-reid\reid-data\dukemtmc-reid\DukeMTMC-reID/bounding_box_test\4654_c7_f0155849.jpg,4654,0.8507329225540161,D:\deep-person-reid\reid-data\dukemtmc-reid\DukeMTMC-reID/bounding_box_test\1555_c5_f0080409.jpg,4,2,0.8498426675796509,-1.0,F,1457,D:\deep-person-reid\reid-data\dukemtmc-reid\DukeMTMC-reID/query\1555_c3_f0085478.jpg,1555,False,True,True,-0.0008902549743652344,0.0
D:\deep-person-reid\reid-data\dukemtmc-reid\DukeMTMC-reID/bounding_box_test\0752_c4_f0166091.jpg,752,0.7769057750701904,,,,,,B,1458,D:\deep-person-reid\reid-data\dukemtmc-reid\DukeMTMC-reID/query\1555_c4_f0083410.jpg,1555,,False,False,,
D:\deep-person-reid\reid-data\dukemtmc-reid\DukeMTMC-reID/bounding_box_test\0694_c2_f0172601.jpg,694,0.7864608764648438,,,,,,C,1463,D:\deep-person-reid\reid-data\dukemtmc-reid\DukeMTMC-reID/query\1586_c2_f0113071.jpg,1586,,False,True,,
D:\deep-person-reid\reid-data\dukemtmc-reid\DukeMTMC-reID/bounding_box_test\0223_c4_f0063757.jpg,223,0.7892228364944458,,,,,,C,1465,D:\deep-person-reid\reid-data\dukemtmc-reid\DukeMTMC-reID/query\1586_c4_f0088680.jpg,1586,,False,True,,
D:\deep-person-reid\reid-data\dukemtmc-reid\DukeMTMC-reID/bounding_box_test\0576_c2_f0157397.jpg,576,0.793613612651825,,,,,,B,1466,D:\deep-person-reid\reid-data\dukemtmc-reid\DukeMTMC-reID/query\1598_c2_f0114536.jpg,1598,,False,False,,
D:\deep-person-reid\reid-data\dukemtmc-reid\DukeMTMC-reID/bounding_box_test\6535_c6_f0183593.jpg,6535,0.7888474464416504,,,,,,B,1467,D:\deep-person-reid\reid-data\dukemtmc-reid\DukeMTMC-reID/query\1598_c3_f0089953.jpg,1598,,False,False,,
D:\deep-person-reid\reid-data\dukemtmc-reid\DukeMTMC-reID/bounding_box_test\0076_c2_f0069914.jpg,76,0.8016536235809326,,,,,,B,1468,D:\deep-person-reid\reid-data\dukemtmc-reid\DukeMTMC-reID/query\1626_c2_f0120806.jpg,1626,,False,False,,
D:\deep-person-reid\reid-data\dukemtmc-reid\DukeMTMC-reID/bounding_box_test\0777_c3_f0176520.jpg,777,0.8223563432693481,,,,,,C,1469,D:\deep-person-reid\reid-data\dukemtmc-reid\DukeMTMC-reID/query\1626_c3_f0097579.jpg,1626,,False,True,,
D:\deep-person-reid\reid-data\dukemtmc-reid\DukeMTMC-reID/bounding_box_test\1642_c4_f0098994.jpg,1642,0.8306074142456055,,,,,,B,1470,D:\deep-person-reid\reid-data\dukemtmc-reid\DukeMTMC-reID/query\1626_c4_f0095658.jpg,1626,,False,False,,
D:\deep-person-reid\reid-data\dukemtmc-reid\DukeMTMC-reID/bounding_box_test\0592_c2_f0155073.jpg,592,0.874448299407959,,,,,,C,1471,D:\deep-person-reid\reid-data\dukemtmc-reid\DukeMTMC-reID/query\1635_c2_f0121328.jpg,1635,,False,True,,
D:\deep-person-reid\reid-data\dukemtmc-reid\DukeMTMC-reID/bounding_box_test\0834_c3_f0190907.jpg,834,0.8452354669570923,,,,,,B,1472,D:\deep-person-reid\reid-data\dukemtmc-reid\DukeMTMC-reID/query\1635_c3_f0096207.jpg,1635,,False,False,,
D:\deep-person-reid\reid-data\dukemtmc-reid\DukeMTMC-reID/bounding_box_test\0240_c4_f0065010.jpg,240,0.8456643223762512,,,,,,B,1473,D:\deep-person-reid\reid-data\dukemtmc-reid\DukeMTMC-reID/query\1635_c4_f0091041.jpg,1635,,False,False,,
D:\deep-person-reid\reid-data\dukemtmc-reid\DukeMTMC-reID/bounding_box_test\6507_c8_f0096460.jpg,6507,0.8351208567619324,,,,,,B,1476,D:\deep-person-reid\reid-data\dukemtmc-reid\DukeMTMC-reID/query\1642_c3_f0101242.jpg,1642,,False,False,,
D:\deep-person-reid\reid-data\dukemtmc-reid\DukeMTMC-reID/bounding_box_test\0777_c4_f0174858.jpg,777,0.8571279048919678,,,,,,C,1477,D:\deep-person-reid\reid-data\dukemtmc-reid\DukeMTMC-reID/query\1642_c4_f0099114.jpg,1642,,False,True,,
D:\deep-person-reid\reid-data\dukemtmc-reid\DukeMTMC-reID/bounding_box_test\4613_c7_f0145483.jpg,4613,0.8598257303237915,,,,,,B,1480,D:\deep-person-reid\reid-data\dukemtmc-reid\DukeMTMC-reID/query\1699_c3_f0109277.jpg,1699,,False,False,,
D:\deep-person-reid\reid-data\dukemtmc-reid\DukeMTMC-reID/bounding_box_test\5966_c8_f0025139.jpg,5966,0.8488600254058838,D:\deep-person-reid\reid-data\dukemtmc-reid\DukeMTMC-reID/bounding_box_test\1723_c5_f0140158.jpg,2,2,0.8466352820396423,1.0,F,1482,D:\deep-person-reid\reid-data\dukemtmc-reid\DukeMTMC-reID/query\1723_c2_f0135677.jpg,1723,False,True,True,-0.002224743366241455,1.0
D:\deep-person-reid\reid-data\dukemtmc-reid\DukeMTMC-reID/bounding_box_test\0030_c4_f0026888.jpg,30,0.8826653957366943,D:\deep-person-reid\reid-data\dukemtmc-reid\DukeMTMC-reID/bounding_box_test\1723_c3_f0113620.jpg,2,2,0.8665921092033386,1.0,F,1484,D:\deep-person-reid\reid-data\dukemtmc-reid\DukeMTMC-reID/query\1723_c4_f0111106.jpg,1723,False,True,True,-0.016073286533355713,1.0
D:\deep-person-reid\reid-data\dukemtmc-reid\DukeMTMC-reID/bounding_box_test\0506_c8_f0086795.jpg,506,0.8056020736694336,,,,,,C,1486,D:\deep-person-reid\reid-data\dukemtmc-reid\DukeMTMC-reID/query\1724_c2_f0136153.jpg,1724,,False,True,,
D:\deep-person-reid\reid-data\dukemtmc-reid\DukeMTMC-reID/bounding_box_test\0240_c4_f0064530.jpg,240,0.8623412251472473,,,,,,B,1488,D:\deep-person-reid\reid-data\dukemtmc-reid\DukeMTMC-reID/query\1724_c4_f0105859.jpg,1724,,False,False,,
D:\deep-person-reid\reid-data\dukemtmc-reid\DukeMTMC-reID/bounding_box_test\0707_c2_f0180562.jpg,707,0.8336824178695679,,,,,,B,1489,D:\deep-person-reid\reid-data\dukemtmc-reid\DukeMTMC-reID/query\1725_c2_f0135814.jpg,1725,,False,False,,
D:\deep-person-reid\reid-data\dukemtmc-reid\DukeMTMC-reID/bounding_box_test\0775_c3_f0175634.jpg,775,0.8002960085868835,,,,,,C,1490,D:\deep-person-reid\reid-data\dukemtmc-reid\DukeMTMC-reID/query\1725_c3_f0113300.jpg,1725,,False,True,,
D:\deep-person-reid\reid-data\dukemtmc-reid\DukeMTMC-reID/bounding_box_test\0354_c2_f0106253.jpg,354,0.8166844248771667,,,,,,B,1496,D:\deep-person-reid\reid-data\dukemtmc-reid\DukeMTMC-reID/query\1749_c2_f0142828.jpg,1749,,False,False,,
D:\deep-person-reid\reid-data\dukemtmc-reid\DukeMTMC-reID/bounding_box_test\0159_c7_f0073461.jpg,159,0.7725908160209656,,,,,,B,1497,D:\deep-person-reid\reid-data\dukemtmc-reid\DukeMTMC-reID/query\1749_c3_f0120561.jpg,1749,,False,False,,
D:\deep-person-reid\reid-data\dukemtmc-reid\DukeMTMC-reID/bounding_box_test\0314_c3_f0078440.jpg,314,0.8254601955413818,,,,,,B,1498,D:\deep-person-reid\reid-data\dukemtmc-reid\DukeMTMC-reID/query\1749_c4_f0118286.jpg,1749,,False,False,,
D:\deep-person-reid\reid-data\dukemtmc-reid\DukeMTMC-reID/bounding_box_test\0828_c2_f0211618.jpg,828,0.840253472328186,,,,,,B,1500,D:\deep-person-reid\reid-data\dukemtmc-reid\DukeMTMC-reID/query\1750_c2_f0143315.jpg,1750,,False,False,,
D:\deep-person-reid\reid-data\dukemtmc-reid\DukeMTMC-reID/bounding_box_test\0027_c3_f0029562.jpg,27,0.8678087592124939,,,,,,B,1501,D:\deep-person-reid\reid-data\dukemtmc-reid\DukeMTMC-reID/query\1750_c3_f0118508.jpg,1750,,False,False,,
D:\deep-person-reid\reid-data\dukemtmc-reid\DukeMTMC-reID/bounding_box_test\6115_c8_f0046984.jpg,6115,0.8381792306900024,,,,,,B,1502,D:\deep-person-reid\reid-data\dukemtmc-reid\DukeMTMC-reID/query\1750_c4_f0113868.jpg,1750,,False,False,,
D:\deep-person-reid\reid-data\dukemtmc-reid\DukeMTMC-reID/bounding_box_test\0354_c2_f0106253.jpg,354,0.8760437965393066,,,,,,B,1503,D:\deep-person-reid\reid-data\dukemtmc-reid\DukeMTMC-reID/query\1758_c2_f0148110.jpg,1758,,False,False,,
D:\deep-person-reid\reid-data\dukemtmc-reid\DukeMTMC-reID/bounding_box_test\1297_c3_f0045921.jpg,1297,0.8373128175735474,,,,,,B,1504,D:\deep-person-reid\reid-data\dukemtmc-reid\DukeMTMC-reID/query\1758_c3_f0125662.jpg,1758,,False,False,,
D:\deep-person-reid\reid-data\dukemtmc-reid\DukeMTMC-reID/bounding_box_test\1297_c4_f0044142.jpg,1297,0.8252217769622803,,,,,,B,1505,D:\deep-person-reid\reid-data\dukemtmc-reid\DukeMTMC-reID/query\1758_c4_f0123065.jpg,1758,,False,False,,
D:\deep-person-reid\reid-data\dukemtmc-reid\DukeMTMC-reID/bounding_box_test\0316_c6_f0081477.jpg,316,0.8576317429542542,,,,,,B,1513,D:\deep-person-reid\reid-data\dukemtmc-reid\DukeMTMC-reID/query\1775_c6_f0132667.jpg,1775,,False,False,,
D:\deep-person-reid\reid-data\dukemtmc-reid\DukeMTMC-reID/bounding_box_test\0468_c2_f0125319.jpg,468,0.8510251641273499,,,,,,B,1514,D:\deep-person-reid\reid-data\dukemtmc-reid\DukeMTMC-reID/query\1782_c2_f0155617.jpg,1782,,False,False,,
D:\deep-person-reid\reid-data\dukemtmc-reid\DukeMTMC-reID/bounding_box_test\5985_c8_f0027084.jpg,5985,0.8109492659568787,,,,,,B,1515,D:\deep-person-reid\reid-data\dukemtmc-reid\DukeMTMC-reID/query\1782_c8_f0111215.jpg,1782,,False,False,,
D:\deep-person-reid\reid-data\dukemtmc-reid\DukeMTMC-reID/bounding_box_test\0078_c2_f0065623.jpg,78,0.812468945980072,,,,,,C,1516,D:\deep-person-reid\reid-data\dukemtmc-reid\DukeMTMC-reID/query\1784_c2_f0155962.jpg,1784,,False,True,,
D:\deep-person-reid\reid-data\dukemtmc-reid\DukeMTMC-reID/bounding_box_test\0294_c3_f0074768.jpg,294,0.8065993785858154,,,,,,B,1517,D:\deep-person-reid\reid-data\dukemtmc-reid\DukeMTMC-reID/query\1784_c3_f0131286.jpg,1784,,False,False,,
D:\deep-person-reid\reid-data\dukemtmc-reid\DukeMTMC-reID/bounding_box_test\6340_c8_f0070885.jpg,6340,0.7759184837341309,,,,,,B,1524,D:\deep-person-reid\reid-data\dukemtmc-reid\DukeMTMC-reID/query\1788_c3_f0131192.jpg,1788,,False,False,,
D:\deep-person-reid\reid-data\dukemtmc-reid\DukeMTMC-reID/bounding_box_test\0672_c6_f0157523.jpg,672,0.7968814373016357,D:\deep-person-reid\reid-data\dukemtmc-reid\DukeMTMC-reID/bounding_box_test\1790_c5_f0161562.jpg,9,6,0.7810895442962646,0.0,F,1526,D:\deep-person-reid\reid-data\dukemtmc-reid\DukeMTMC-reID/query\1790_c2_f0156804.jpg,1790,False,True,True,-0.015791893005371094,-0.5
D:\deep-person-reid\reid-data\dukemtmc-reid\DukeMTMC-reID/bounding_box_test\5947_c8_f0023169.jpg,5947,0.7786837816238403,,,,,,C,1527,D:\deep-person-reid\reid-data\dukemtmc-reid\DukeMTMC-reID/query\1790_c3_f0135279.jpg,1790,,False,True,,
D:\deep-person-reid\reid-data\dukemtmc-reid\DukeMTMC-reID/bounding_box_test\1642_c4_f0098874.jpg,1642,0.8280946016311646,,,,,,B,1528,D:\deep-person-reid\reid-data\dukemtmc-reid\DukeMTMC-reID/query\1790_c4_f0133614.jpg,1790,,False,False,,
D:\deep-person-reid\reid-data\dukemtmc-reid\DukeMTMC-reID/bounding_box_test\1490_c2_f0099378.jpg,1490,0.8020152449607849,D:\deep-person-reid\reid-data\dukemtmc-reid\DukeMTMC-reID/bounding_box_test\1790_c2_f0157044.jpg,2,2,0.7926864624023438,0.0,F,1529,D:\deep-person-reid\reid-data\dukemtmc-reid\DukeMTMC-reID/query\1790_c5_f0161442.jpg,1790,False,True,True,-0.009328782558441162,-0.5
D:\deep-person-reid\reid-data\dukemtmc-reid\DukeMTMC-reID/bounding_box_test\0586_c2_f0159038.jpg,586,0.8940033912658691,,,,,,B,1530,D:\deep-person-reid\reid-data\dukemtmc-reid\DukeMTMC-reID/query\1811_c2_f0160032.jpg,1811,,False,False,,
D:\deep-person-reid\reid-data\dukemtmc-reid\DukeMTMC-reID/bounding_box_test\0321_c3_f0079753.jpg,321,0.8068766593933105,,,,,,C,1531,D:\deep-person-reid\reid-data\dukemtmc-reid\DukeMTMC-reID/query\1811_c3_f0135556.jpg,1811,,False,True,,
D:\deep-person-reid\reid-data\dukemtmc-reid\DukeMTMC-reID/bounding_box_test\0170_c1_f0085557.jpg,170,0.7910898327827454,D:\deep-person-reid\reid-data\dukemtmc-reid\DukeMTMC-reID/bounding_box_test\1811_c3_f0135676.jpg,1,2,0.77734375,-1.0,E,1532,D:\deep-person-reid\reid-data\dukemtmc-reid\DukeMTMC-reID/query\1811_c4_f0130245.jpg,1811,True,True,True,-0.013746082782745361,1.0
D:\deep-person-reid\reid-data\dukemtmc-reid\DukeMTMC-reID/bounding_box_test\2772_c3_f0177930.jpg,2772,0.8337159156799316,,,,,,C,1534,D:\deep-person-reid\reid-data\dukemtmc-reid\DukeMTMC-reID/query\1834_c3_f0137933.jpg,1834,,False,True,,
D:\deep-person-reid\reid-data\dukemtmc-reid\DukeMTMC-reID/bounding_box_test\2573_c3_f0081869.jpg,2573,0.7917153835296631,D:\deep-person-reid\reid-data\dukemtmc-reid\DukeMTMC-reID/bounding_box_test\1893_c6_f0150102.jpg,1,2,0.7911183834075928,-1.0,E,1539,D:\deep-person-reid\reid-data\dukemtmc-reid\DukeMTMC-reID/query\1893_c3_f0148043.jpg,1893,True,True,True,-0.0005970001220703125,0.5
D:\deep-person-reid\reid-data\dukemtmc-reid\DukeMTMC-reID/bounding_box_test\0212_c6_f0068899.jpg,212,0.8634910583496094,,,,,,C,1541,D:\deep-person-reid\reid-data\dukemtmc-reid\DukeMTMC-reID/query\1893_c6_f0150822.jpg,1893,,False,True,,
D:\deep-person-reid\reid-data\dukemtmc-reid\DukeMTMC-reID/bounding_box_test\1328_c2_f0074533.jpg,1328,0.8487862348556519,,,,,,B,1542,D:\deep-person-reid\reid-data\dukemtmc-reid\DukeMTMC-reID/query\1901_c2_f0174281.jpg,1901,,False,False,,
D:\deep-person-reid\reid-data\dukemtmc-reid\DukeMTMC-reID/bounding_box_test\2407_c3_f0031291.jpg,2407,0.8377310037612915,,,,,,B,1543,D:\deep-person-reid\reid-data\dukemtmc-reid\DukeMTMC-reID/query\1901_c3_f0149823.jpg,1901,,False,False,,
D:\deep-person-reid\reid-data\dukemtmc-reid\DukeMTMC-reID/bounding_box_test\2407_c4_f0028661.jpg,2407,0.7841215133666992,,,,,,B,1544,D:\deep-person-reid\reid-data\dukemtmc-reid\DukeMTMC-reID/query\1901_c4_f0145200.jpg,1901,,False,False,,
D:\deep-person-reid\reid-data\dukemtmc-reid\DukeMTMC-reID/bounding_box_test\0863_c3_f0199947.jpg,863,0.8361498117446899,,,,,,B,1546,D:\deep-person-reid\reid-data\dukemtmc-reid\DukeMTMC-reID/query\2001_c3_f0183632.jpg,2001,,False,False,,
D:\deep-person-reid\reid-data\dukemtmc-reid\DukeMTMC-reID/bounding_box_test\0240_c3_f0070065.jpg,240,0.8077778816223145,,,,,,B,1549,D:\deep-person-reid\reid-data\dukemtmc-reid\DukeMTMC-reID/query\2012_c3_f0185988.jpg,2012,,False,False,,
D:\deep-person-reid\reid-data\dukemtmc-reid\DukeMTMC-reID/bounding_box_test\2754_c4_f0166760.jpg,2754,0.8243750333786011,,,,,,B,1550,D:\deep-person-reid\reid-data\dukemtmc-reid\DukeMTMC-reID/query\2012_c4_f0183415.jpg,2012,,False,False,,
D:\deep-person-reid\reid-data\dukemtmc-reid\DukeMTMC-reID/bounding_box_test\0219_c1_f0092273.jpg,219,0.8527487516403198,,,,,,C,1552,D:\deep-person-reid\reid-data\dukemtmc-reid\DukeMTMC-reID/query\2023_c3_f0185641.jpg,2023,,False,True,,
D:\deep-person-reid\reid-data\dukemtmc-reid\DukeMTMC-reID/bounding_box_test\0700_c2_f0174168.jpg,700,0.7941346168518066,,,,,,C,1553,D:\deep-person-reid\reid-data\dukemtmc-reid\DukeMTMC-reID/query\2053_c2_f0222845.jpg,2053,,False,True,,
D:\deep-person-reid\reid-data\dukemtmc-reid\DukeMTMC-reID/bounding_box_test\0576_c3_f0134749.jpg,576,0.8446773886680603,,,,,,B,1554,D:\deep-person-reid\reid-data\dukemtmc-reid\DukeMTMC-reID/query\2053_c3_f0197416.jpg,2053,,False,False,,
D:\deep-person-reid\reid-data\dukemtmc-reid\DukeMTMC-reID/bounding_box_test\1635_c4_f0090921.jpg,1635,0.8051772117614746,,,,,,C,1555,D:\deep-person-reid\reid-data\dukemtmc-reid\DukeMTMC-reID/query\2053_c4_f0192069.jpg,2053,,False,True,,
D:\deep-person-reid\reid-data\dukemtmc-reid\DukeMTMC-reID/bounding_box_test\2429_c3_f0042583.jpg,2429,0.8476940989494324,,,,,,B,1556,D:\deep-person-reid\reid-data\dukemtmc-reid\DukeMTMC-reID/query\2407_c3_f0031171.jpg,2407,,False,False,,
D:\deep-person-reid\reid-data\dukemtmc-reid\DukeMTMC-reID/bounding_box_test\2488_c4_f0064575.jpg,2488,0.8441140055656433,,,,,,B,1557,D:\deep-person-reid\reid-data\dukemtmc-reid\DukeMTMC-reID/query\2407_c4_f0029021.jpg,2407,,False,False,,
D:\deep-person-reid\reid-data\dukemtmc-reid\DukeMTMC-reID/bounding_box_test\1328_c2_f0074773.jpg,1328,0.8082294464111328,,,,,,C,1558,D:\deep-person-reid\reid-data\dukemtmc-reid\DukeMTMC-reID/query\2407_c5_f0057777.jpg,2407,,False,True,,
D:\deep-person-reid\reid-data\dukemtmc-reid\DukeMTMC-reID/bounding_box_test\0405_c6_f0104009.jpg,405,0.8184504508972168,,,,,,B,1559,D:\deep-person-reid\reid-data\dukemtmc-reid\DukeMTMC-reID/query\2407_c7_f0037552.jpg,2407,,False,False,,
D:\deep-person-reid\reid-data\dukemtmc-reid\DukeMTMC-reID/bounding_box_test\2942_c5_f0064139.jpg,2942,0.8524793386459351,,,,,,B,1560,D:\deep-person-reid\reid-data\dukemtmc-reid\DukeMTMC-reID/query\2407_c8_f0008261.jpg,2407,,False,False,,
D:\deep-person-reid\reid-data\dukemtmc-reid\DukeMTMC-reID/bounding_box_test\1110_c3_f0146691.jpg,1110,0.8375390768051147,,,,,,C,1561,D:\deep-person-reid\reid-data\dukemtmc-reid\DukeMTMC-reID/query\2429_c3_f0042463.jpg,2429,,False,True,,
D:\deep-person-reid\reid-data\dukemtmc-reid\DukeMTMC-reID/bounding_box_test\5860_c8_f0008533.jpg,5860,0.8027757406234741,,,,,,C,1564,D:\deep-person-reid\reid-data\dukemtmc-reid\DukeMTMC-reID/query\2454_c3_f0053049.jpg,2454,,False,True,,
D:\deep-person-reid\reid-data\dukemtmc-reid\DukeMTMC-reID/bounding_box_test\2471_c3_f0061843.jpg,2471,0.8755106925964355,,,,,,C,1567,D:\deep-person-reid\reid-data\dukemtmc-reid\DukeMTMC-reID/query\2470_c3_f0061821.jpg,2470,,False,True,,
D:\deep-person-reid\reid-data\dukemtmc-reid\DukeMTMC-reID/bounding_box_test\3761_c6_f0172069.jpg,3761,0.7905735373497009,,,,,,B,1568,D:\deep-person-reid\reid-data\dukemtmc-reid\DukeMTMC-reID/query\2470_c4_f0055665.jpg,2470,,False,False,,
D:\deep-person-reid\reid-data\dukemtmc-reid\DukeMTMC-reID/bounding_box_test\2471_c6_f0070010.jpg,2471,0.9305974245071411,,,,,,C,1570,D:\deep-person-reid\reid-data\dukemtmc-reid\DukeMTMC-reID/query\2470_c6_f0070002.jpg,2470,,False,True,,
D:\deep-person-reid\reid-data\dukemtmc-reid\DukeMTMC-reID/bounding_box_test\4102_c8_f0023026.jpg,4102,0.7984300255775452,,,,,,B,1571,D:\deep-person-reid\reid-data\dukemtmc-reid\DukeMTMC-reID/query\2471_c3_f0061483.jpg,2471,,False,False,,
D:\deep-person-reid\reid-data\dukemtmc-reid\DukeMTMC-reID/bounding_box_test\2470_c4_f0055785.jpg,2470,0.8678162097930908,,,,,,B,1572,D:\deep-person-reid\reid-data\dukemtmc-reid\DukeMTMC-reID/query\2471_c4_f0055513.jpg,2471,,False,False,,
D:\deep-person-reid\reid-data\dukemtmc-reid\DukeMTMC-reID/bounding_box_test\0571_c2_f0156201.jpg,571,0.7773833870887756,,,,,,B,1573,D:\deep-person-reid\reid-data\dukemtmc-reid\DukeMTMC-reID/query\2471_c5_f0089520.jpg,2471,,False,False,,
D:\deep-person-reid\reid-data\dukemtmc-reid\DukeMTMC-reID/bounding_box_test\2470_c6_f0069402.jpg,2470,0.888467013835907,,,,,,B,1574,D:\deep-person-reid\reid-data\dukemtmc-reid\DukeMTMC-reID/query\2471_c6_f0069410.jpg,2471,,False,False,,
D:\deep-person-reid\reid-data\dukemtmc-reid\DukeMTMC-reID/bounding_box_test\0656_c7_f0156120.jpg,656,0.7596836090087891,,,,,,B,1575,D:\deep-person-reid\reid-data\dukemtmc-reid\DukeMTMC-reID/query\2479_c3_f0064080.jpg,2479,,False,False,,
D:\deep-person-reid\reid-data\dukemtmc-reid\DukeMTMC-reID/bounding_box_test\0240_c4_f0064650.jpg,240,0.9006125926971436,,,,,,B,1576,D:\deep-person-reid\reid-data\dukemtmc-reid\DukeMTMC-reID/query\2479_c4_f0058547.jpg,2479,,False,False,,
D:\deep-person-reid\reid-data\dukemtmc-reid\DukeMTMC-reID/bounding_box_test\2754_c5_f0196464.jpg,2754,0.7771949172019958,,,,,,B,1577,D:\deep-person-reid\reid-data\dukemtmc-reid\DukeMTMC-reID/query\2479_c5_f0091504.jpg,2479,,False,False,,
D:\deep-person-reid\reid-data\dukemtmc-reid\DukeMTMC-reID/bounding_box_test\5272_c7_f0071923.jpg,5272,0.7878881692886353,,,,,,B,1578,D:\deep-person-reid\reid-data\dukemtmc-reid\DukeMTMC-reID/query\2479_c7_f0073760.jpg,2479,,False,False,,
D:\deep-person-reid\reid-data\dukemtmc-reid\DukeMTMC-reID/bounding_box_test\2407_c4_f0028901.jpg,2407,0.8151151537895203,,,,,,B,1580,D:\deep-person-reid\reid-data\dukemtmc-reid\DukeMTMC-reID/query\2488_c4_f0064455.jpg,2488,,False,False,,
D:\deep-person-reid\reid-data\dukemtmc-reid\DukeMTMC-reID/bounding_box_test\0685_c2_f0175988.jpg,685,0.7868305444717407,,,,,,B,1581,D:\deep-person-reid\reid-data\dukemtmc-reid\DukeMTMC-reID/query\2488_c5_f0093142.jpg,2488,,False,False,,
D:\deep-person-reid\reid-data\dukemtmc-reid\DukeMTMC-reID/bounding_box_test\0027_c3_f0029922.jpg,27,0.8824201822280884,,,,,,C,1582,D:\deep-person-reid\reid-data\dukemtmc-reid\DukeMTMC-reID/query\2495_c3_f0067724.jpg,2495,,False,True,,
D:\deep-person-reid\reid-data\dukemtmc-reid\DukeMTMC-reID/bounding_box_test\4605_c6_f0142238.jpg,4605,0.8648059964179993,,,,,,C,1583,D:\deep-person-reid\reid-data\dukemtmc-reid\DukeMTMC-reID/query\2495_c5_f0095846.jpg,2495,,False,True,,
D:\deep-person-reid\reid-data\dukemtmc-reid\DukeMTMC-reID/bounding_box_test\4757_c6_f0179891.jpg,4757,0.8397302627563477,,,,,,B,1584,D:\deep-person-reid\reid-data\dukemtmc-reid\DukeMTMC-reID/query\2495_c6_f0075518.jpg,2495,,False,False,,
D:\deep-person-reid\reid-data\dukemtmc-reid\DukeMTMC-reID/bounding_box_test\0691_c6_f0151254.jpg,691,0.8212358355522156,,,,,,B,1588,D:\deep-person-reid\reid-data\dukemtmc-reid\DukeMTMC-reID/query\2556_c3_f0079445.jpg,2556,,False,False,,
D:\deep-person-reid\reid-data\dukemtmc-reid\DukeMTMC-reID/bounding_box_test\2053_c4_f0191109.jpg,2053,0.7985565662384033,,,,,,B,1590,D:\deep-person-reid\reid-data\dukemtmc-reid\DukeMTMC-reID/query\2556_c7_f0084670.jpg,2556,,False,False,,
D:\deep-person-reid\reid-data\dukemtmc-reid\DukeMTMC-reID/bounding_box_test\0274_c3_f0079702.jpg,274,0.8398433327674866,,,,,,B,1591,D:\deep-person-reid\reid-data\dukemtmc-reid\DukeMTMC-reID/query\2557_c3_f0079758.jpg,2557,,False,False,,
D:\deep-person-reid\reid-data\dukemtmc-reid\DukeMTMC-reID/bounding_box_test\0274_c3_f0079702.jpg,274,0.8165900707244873,D:\deep-person-reid\reid-data\dukemtmc-reid\DukeMTMC-reID/bounding_box_test\2557_c7_f0084779.jpg,2,3,0.7971805930137634,-1.0,F,1592,D:\deep-person-reid\reid-data\dukemtmc-reid\DukeMTMC-reID/query\2557_c5_f0105275.jpg,2557,False,True,True,-0.019409477710723877,1.0
D:\deep-person-reid\reid-data\dukemtmc-reid\DukeMTMC-reID/bounding_box_test\4572_c7_f0134579.jpg,4572,0.8671259880065918,,,,,,C,1593,D:\deep-person-reid\reid-data\dukemtmc-reid\DukeMTMC-reID/query\2557_c7_f0085259.jpg,2557,,False,True,,
D:\deep-person-reid\reid-data\dukemtmc-reid\DukeMTMC-reID/bounding_box_test\4541_c6_f0120466.jpg,4541,0.808600127696991,D:\deep-person-reid\reid-data\dukemtmc-reid\DukeMTMC-reID/bounding_box_test\2573_c7_f0088614.jpg,3,2,0.803394615650177,0.0,F,1595,D:\deep-person-reid\reid-data\dukemtmc-reid\DukeMTMC-reID/query\2573_c5_f0108428.jpg,2573,False,True,True,-0.005205512046813965,-0.5
D:\deep-person-reid\reid-data\dukemtmc-reid\DukeMTMC-reID/bounding_box_test\1785_c3_f0131021.jpg,1785,0.8234145641326904,,,,,,B,1597,D:\deep-person-reid\reid-data\dukemtmc-reid\DukeMTMC-reID/query\2599_c3_f0094872.jpg,2599,,False,False,,
D:\deep-person-reid\reid-data\dukemtmc-reid\DukeMTMC-reID/bounding_box_test\0066_c5_f0065003.jpg,66,0.8392108082771301,,,,,,B,1598,D:\deep-person-reid\reid-data\dukemtmc-reid\DukeMTMC-reID/query\2599_c5_f0123801.jpg,2599,,False,False,,
D:\deep-person-reid\reid-data\dukemtmc-reid\DukeMTMC-reID/bounding_box_test\0295_c6_f0078344.jpg,295,0.7894207239151001,,,,,,B,1599,D:\deep-person-reid\reid-data\dukemtmc-reid\DukeMTMC-reID/query\2599_c6_f0103275.jpg,2599,,False,False,,
D:\deep-person-reid\reid-data\dukemtmc-reid\DukeMTMC-reID/bounding_box_test\4150_c7_f0056557.jpg,4150,0.8131517767906189,,,,,,C,1600,D:\deep-person-reid\reid-data\dukemtmc-reid\DukeMTMC-reID/query\2724_c3_f0148690.jpg,2724,,False,True,,
D:\deep-person-reid\reid-data\dukemtmc-reid\DukeMTMC-reID/bounding_box_test\0542_c6_f0118349.jpg,542,0.8271886706352234,D:\deep-person-reid\reid-data\dukemtmc-reid\DukeMTMC-reID/bounding_box_test\2724_c8_f0127616.jpg,7,10,0.808722972869873,0.0,F,1601,D:\deep-person-reid\reid-data\dukemtmc-reid\DukeMTMC-reID/query\2724_c5_f0175396.jpg,2724,False,True,True,-0.018465697765350342,1.0
D:\deep-person-reid\reid-data\dukemtmc-reid\DukeMTMC-reID/bounding_box_test\4769_c7_f0185745.jpg,4769,0.8127596378326416,,,,,,B,1602,D:\deep-person-reid\reid-data\dukemtmc-reid\DukeMTMC-reID/query\2724_c8_f0127496.jpg,2724,,False,False,,
D:\deep-person-reid\reid-data\dukemtmc-reid\DukeMTMC-reID/bounding_box_test\1635_c3_f0096447.jpg,1635,0.7866539359092712,,,,,,B,1603,D:\deep-person-reid\reid-data\dukemtmc-reid\DukeMTMC-reID/query\2736_c3_f0157657.jpg,2736,,False,False,,
D:\deep-person-reid\reid-data\dukemtmc-reid\DukeMTMC-reID/bounding_box_test\0080_c2_f0069531.jpg,80,0.8092280626296997,,,,,,B,1604,D:\deep-person-reid\reid-data\dukemtmc-reid\DukeMTMC-reID/query\2736_c5_f0183581.jpg,2736,,False,False,,
D:\deep-person-reid\reid-data\dukemtmc-reid\DukeMTMC-reID/bounding_box_test\0592_c6_f0134214.jpg,592,0.8717658519744873,,,,,,C,1605,D:\deep-person-reid\reid-data\dukemtmc-reid\DukeMTMC-reID/query\2736_c6_f0159549.jpg,2736,,False,True,,
D:\deep-person-reid\reid-data\dukemtmc-reid\DukeMTMC-reID/bounding_box_test\0240_c4_f0064890.jpg,240,0.8618963360786438,,,,,,B,1606,D:\deep-person-reid\reid-data\dukemtmc-reid\DukeMTMC-reID/query\2754_c4_f0167000.jpg,2754,,False,False,,
D:\deep-person-reid\reid-data\dukemtmc-reid\DukeMTMC-reID/bounding_box_test\0468_c5_f0127455.jpg,468,0.8231815099716187,,,,,,C,1607,D:\deep-person-reid\reid-data\dukemtmc-reid\DukeMTMC-reID/query\2754_c5_f0195984.jpg,2754,,False,True,,
D:\deep-person-reid\reid-data\dukemtmc-reid\DukeMTMC-reID/bounding_box_test\4366_c6_f0085372.jpg,4366,0.868399977684021,,,,,,C,1608,D:\deep-person-reid\reid-data\dukemtmc-reid\DukeMTMC-reID/query\2754_c6_f0171824.jpg,2754,,False,True,,
D:\deep-person-reid\reid-data\dukemtmc-reid\DukeMTMC-reID/bounding_box_test\0285_c3_f0081587.jpg,285,0.8062853813171387,,,,,,B,1609,D:\deep-person-reid\reid-data\dukemtmc-reid\DukeMTMC-reID/query\2754_c7_f0176289.jpg,2754,,False,False,,
D:\deep-person-reid\reid-data\dukemtmc-reid\DukeMTMC-reID/bounding_box_test\0158_c3_f0064600.jpg,158,0.8446366786956787,,,,,,B,1610,D:\deep-person-reid\reid-data\dukemtmc-reid\DukeMTMC-reID/query\2768_c3_f0178153.jpg,2768,,False,False,,
D:\deep-person-reid\reid-data\dukemtmc-reid\DukeMTMC-reID/bounding_box_test\2942_c4_f0029626.jpg,2942,0.81126868724823,D:\deep-person-reid\reid-data\dukemtmc-reid\DukeMTMC-reID/bounding_box_test\2768_c3_f0177433.jpg,4,3,0.7926055788993835,1.0,F,1611,D:\deep-person-reid\reid-data\dukemtmc-reid\DukeMTMC-reID/query\2768_c4_f0171292.jpg,2768,False,True,True,-0.018663108348846436,-0.5
D:\deep-person-reid\reid-data\dukemtmc-reid\DukeMTMC-reID/bounding_box_test\0501_c5_f0132515.jpg,501,0.7776007652282715,,,,,,B,1612,D:\deep-person-reid\reid-data\dukemtmc-reid\DukeMTMC-reID/query\2768_c5_f0222678.jpg,2768,,False,False,,
D:\deep-person-reid\reid-data\dukemtmc-reid\DukeMTMC-reID/bounding_box_test\0162_c3_f0059299.jpg,162,0.8432325720787048,,,,,,C,1613,D:\deep-person-reid\reid-data\dukemtmc-reid\DukeMTMC-reID/query\2772_c3_f0199365.jpg,2772,,False,True,,
D:\deep-person-reid\reid-data\dukemtmc-reid\DukeMTMC-reID/bounding_box_test\0279_c4_f0068729.jpg,279,0.7992300987243652,,,,,,B,1614,D:\deep-person-reid\reid-data\dukemtmc-reid\DukeMTMC-reID/query\2772_c4_f0171329.jpg,2772,,False,False,,
D:\deep-person-reid\reid-data\dukemtmc-reid\DukeMTMC-reID/bounding_box_test\0693_c5_f0174476.jpg,693,0.8456770777702332,,,,,,C,1615,D:\deep-person-reid\reid-data\dukemtmc-reid\DukeMTMC-reID/query\2772_c5_f0222630.jpg,2772,,False,True,,
D:\deep-person-reid\reid-data\dukemtmc-reid\DukeMTMC-reID/bounding_box_test\4392_c6_f0089048.jpg,4392,0.8143611550331116,,,,,,B,1616,D:\deep-person-reid\reid-data\dukemtmc-reid\DukeMTMC-reID/query\2777_c3_f0181565.jpg,2777,,False,False,,
D:\deep-person-reid\reid-data\dukemtmc-reid\DukeMTMC-reID/bounding_box_test\0583_c5_f0163301.jpg,583,0.8433139324188232,D:\deep-person-reid\reid-data\dukemtmc-reid\DukeMTMC-reID/bounding_box_test\2777_c6_f0188805.jpg,1,3,0.8259624242782593,0.0,E,1617,D:\deep-person-reid\reid-data\dukemtmc-reid\DukeMTMC-reID/query\2777_c5_f0209622.jpg,2777,True,True,True,-0.017351508140563965,0.5
D:\deep-person-reid\reid-data\dukemtmc-reid\DukeMTMC-reID/bounding_box_test\0469_c6_f0113612.jpg,469,0.8462160229682922,,,,,,C,1618,D:\deep-person-reid\reid-data\dukemtmc-reid\DukeMTMC-reID/query\2777_c6_f0188445.jpg,2777,,False,True,,
D:\deep-person-reid\reid-data\dukemtmc-reid\DukeMTMC-reID/bounding_box_test\0151_c4_f0051450.jpg,151,0.8673088550567627,,,,,,B,1619,D:\deep-person-reid\reid-data\dukemtmc-reid\DukeMTMC-reID/query\2942_c4_f0029506.jpg,2942,,False,False,,
D:\deep-person-reid\reid-data\dukemtmc-reid\DukeMTMC-reID/bounding_box_test\0042_c6_f0047684.jpg,42,0.8528963923454285,,,,,,C,1621,D:\deep-person-reid\reid-data\dukemtmc-reid\DukeMTMC-reID/query\2942_c6_f0047746.jpg,2942,,False,True,,
D:\deep-person-reid\reid-data\dukemtmc-reid\DukeMTMC-reID/bounding_box_test\0412_c4_f0094991.jpg,412,0.8476505279541016,,,,,,B,1625,D:\deep-person-reid\reid-data\dukemtmc-reid\DukeMTMC-reID/query\3201_c4_f0146067.jpg,3201,,False,False,,
D:\deep-person-reid\reid-data\dukemtmc-reid\DukeMTMC-reID/bounding_box_test\0738_c5_f0184595.jpg,738,0.8697690963745117,,,,,,B,1626,D:\deep-person-reid\reid-data\dukemtmc-reid\DukeMTMC-reID/query\3201_c5_f0179605.jpg,3201,,False,False,,
D:\deep-person-reid\reid-data\dukemtmc-reid\DukeMTMC-reID/bounding_box_test\3201_c4_f0145467.jpg,3201,0.8089122772216797,D:\deep-person-reid\reid-data\dukemtmc-reid\DukeMTMC-reID/bounding_box_test\3202_c5_f0179269.jpg,3,3,0.7996695637702942,-0.5,F,1627,D:\deep-person-reid\reid-data\dukemtmc-reid\DukeMTMC-reID/query\3202_c4_f0145448.jpg,3202,False,True,True,-0.009242713451385498,-0.5
D:\deep-person-reid\reid-data\dukemtmc-reid\DukeMTMC-reID/bounding_box_test\0631_c5_f0182397.jpg,631,0.8866947889328003,,,,,,B,1628,D:\deep-person-reid\reid-data\dukemtmc-reid\DukeMTMC-reID/query\3202_c5_f0179749.jpg,3202,,False,False,,
D:\deep-person-reid\reid-data\dukemtmc-reid\DukeMTMC-reID/bounding_box_test\1724_c4_f0105739.jpg,1724,0.822045087814331,,,,,,B,1629,D:\deep-person-reid\reid-data\dukemtmc-reid\DukeMTMC-reID/query\3259_c4_f0193760.jpg,3259,,False,False,,
D:\deep-person-reid\reid-data\dukemtmc-reid\DukeMTMC-reID/bounding_box_test\0098_c5_f0079069.jpg,98,0.7702286839485168,,,,,,B,1630,D:\deep-person-reid\reid-data\dukemtmc-reid\DukeMTMC-reID/query\3259_c5_f0226876.jpg,3259,,False,False,,
D:\deep-person-reid\reid-data\dukemtmc-reid\DukeMTMC-reID/bounding_box_test\4560_c7_f0131198.jpg,4560,0.8940239548683167,D:\deep-person-reid\reid-data\dukemtmc-reid\DukeMTMC-reID/bounding_box_test\3335_c6_f0028996.jpg,2,2,0.8862873315811157,1.0,F,1632,D:\deep-person-reid\reid-data\dukemtmc-reid\DukeMTMC-reID/query\3335_c7_f0030973.jpg,3335,False,True,True,-0.007736623287200928,1.0
D:\deep-person-reid\reid-data\dukemtmc-reid\DukeMTMC-reID/bounding_box_test\3354_c5_f0064469.jpg,3354,0.8377100229263306,,,,,,C,1633,D:\deep-person-reid\reid-data\dukemtmc-reid\DukeMTMC-reID/query\3353_c5_f0064343.jpg,3353,,False,True,,
D:\deep-person-reid\reid-data\dukemtmc-reid\DukeMTMC-reID/bounding_box_test\4541_c6_f0120826.jpg,4541,0.8269170522689819,,,,,,B,1634,D:\deep-person-reid\reid-data\dukemtmc-reid\DukeMTMC-reID/query\3353_c6_f0043942.jpg,3353,,False,False,,
D:\deep-person-reid\reid-data\dukemtmc-reid\DukeMTMC-reID/bounding_box_test\3353_c5_f0064463.jpg,3353,0.8850845694541931,,,,,,C,1635,D:\deep-person-reid\reid-data\dukemtmc-reid\DukeMTMC-reID/query\3354_c5_f0064589.jpg,3354,,False,True,,
D:\deep-person-reid\reid-data\dukemtmc-reid\DukeMTMC-reID/bounding_box_test\0736_c8_f0140724.jpg,736,0.8381222486495972,,,,,,C,1636,D:\deep-person-reid\reid-data\dukemtmc-reid\DukeMTMC-reID/query\3354_c6_f0043572.jpg,3354,,False,True,,
D:\deep-person-reid\reid-data\dukemtmc-reid\DukeMTMC-reID/bounding_box_test\2768_c3_f0200121.jpg,2768,0.7936334013938904,D:\deep-person-reid\reid-data\dukemtmc-reid\DukeMTMC-reID/bounding_box_test\3358_c5_f0065650.jpg,2,3,0.7925263047218323,-1.0,F,1638,D:\deep-person-reid\reid-data\dukemtmc-reid\DukeMTMC-reID/query\3358_c7_f0069570.jpg,3358,False,True,True,-0.0011070966720581055,0.0
D:\deep-person-reid\reid-data\dukemtmc-reid\DukeMTMC-reID/bounding_box_test\2942_c6_f0048226.jpg,2942,0.8646571636199951,,,,,,B,1641,D:\deep-person-reid\reid-data\dukemtmc-reid\DukeMTMC-reID/query\3410_c6_f0064274.jpg,3410,,False,False,,
D:\deep-person-reid\reid-data\dukemtmc-reid\DukeMTMC-reID/bounding_box_test\3446_c8_f0046916.jpg,3446,0.9129275679588318,,,,,,B,1642,D:\deep-person-reid\reid-data\dukemtmc-reid\DukeMTMC-reID/query\3410_c8_f0035897.jpg,3410,,False,False,,
D:\deep-person-reid\reid-data\dukemtmc-reid\DukeMTMC-reID/bounding_box_test\0313_c2_f0107231.jpg,313,0.7991604208946228,,,,,,B,1646,D:\deep-person-reid\reid-data\dukemtmc-reid\DukeMTMC-reID/query\3495_c5_f0107184.jpg,3495,,False,False,,
D:\deep-person-reid\reid-data\dukemtmc-reid\DukeMTMC-reID/bounding_box_test\0072_c6_f0042781.jpg,72,0.8128925561904907,,,,,,B,1647,D:\deep-person-reid\reid-data\dukemtmc-reid\DukeMTMC-reID/query\3495_c6_f0085748.jpg,3495,,False,False,,
D:\deep-person-reid\reid-data\dukemtmc-reid\DukeMTMC-reID/bounding_box_test\0543_c6_f0119576.jpg,543,0.8260040283203125,,,,,,C,1649,D:\deep-person-reid\reid-data\dukemtmc-reid\DukeMTMC-reID/query\3515_c6_f0086755.jpg,3515,,False,True,,
D:\deep-person-reid\reid-data\dukemtmc-reid\DukeMTMC-reID/bounding_box_test\0230_c6_f0072842.jpg,230,0.8254165053367615,,,,,,B,1651,D:\deep-person-reid\reid-data\dukemtmc-reid\DukeMTMC-reID/query\3561_c6_f0100189.jpg,3561,,False,False,,
D:\deep-person-reid\reid-data\dukemtmc-reid\DukeMTMC-reID/bounding_box_test\0586_c6_f0151946.jpg,586,0.8152483701705933,,,,,,C,1652,D:\deep-person-reid\reid-data\dukemtmc-reid\DukeMTMC-reID/query\3609_c5_f0143617.jpg,3609,,False,True,,
D:\deep-person-reid\reid-data\dukemtmc-reid\DukeMTMC-reID/bounding_box_test\1585_c2_f0113202.jpg,1585,0.8219668865203857,,,,,,B,1653,D:\deep-person-reid\reid-data\dukemtmc-reid\DukeMTMC-reID/query\3609_c6_f0119994.jpg,3609,,False,False,,
D:\deep-person-reid\reid-data\dukemtmc-reid\DukeMTMC-reID/bounding_box_test\6535_c8_f0102078.jpg,6535,0.8740500211715698,,,,,,B,1654,D:\deep-person-reid\reid-data\dukemtmc-reid\DukeMTMC-reID/query\3609_c8_f0098273.jpg,3609,,False,False,,
D:\deep-person-reid\reid-data\dukemtmc-reid\DukeMTMC-reID/bounding_box_test\0416_c2_f0125654.jpg,416,0.8626577854156494,D:\deep-person-reid\reid-data\dukemtmc-reid\DukeMTMC-reID/bounding_box_test\3618_c6_f0127417.jpg,3,3,0.8596347570419312,1.0,F,1655,D:\deep-person-reid\reid-data\dukemtmc-reid\DukeMTMC-reID/query\3618_c5_f0148084.jpg,3618,False,True,True,-0.0030230283737182617,1.0
D:\deep-person-reid\reid-data\dukemtmc-reid\DukeMTMC-reID/bounding_box_test\0565_c6_f0128998.jpg,565,0.8868215084075928,,,,,,C,1656,D:\deep-person-reid\reid-data\dukemtmc-reid\DukeMTMC-reID/query\3618_c6_f0127177.jpg,3618,,False,True,,
D:\deep-person-reid\reid-data\dukemtmc-reid\DukeMTMC-reID/bounding_box_test\6196_c8_f0052814.jpg,6196,0.8117393255233765,,,,,,B,1657,D:\deep-person-reid\reid-data\dukemtmc-reid\DukeMTMC-reID/query\3638_c5_f0159594.jpg,3638,,False,False,,
D:\deep-person-reid\reid-data\dukemtmc-reid\DukeMTMC-reID/bounding_box_test\0694_c6_f0150098.jpg,694,0.7691580653190613,D:\deep-person-reid\reid-data\dukemtmc-reid\DukeMTMC-reID/bounding_box_test\3638_c5_f0159834.jpg,1,4,0.7562944889068604,-0.5,E,1658,D:\deep-person-reid\reid-data\dukemtmc-reid\DukeMTMC-reID/query\3638_c6_f0136119.jpg,3638,True,True,True,-0.012863576412200928,0.0
D:\deep-person-reid\reid-data\dukemtmc-reid\DukeMTMC-reID/bounding_box_test\3763_c7_f0187365.jpg,3763,0.8487038612365723,D:\deep-person-reid\reid-data\dukemtmc-reid\DukeMTMC-reID/bounding_box_test\3649_c5_f0172482.jpg,3,8,0.8337348103523254,1.0,F,1661,D:\deep-person-reid\reid-data\dukemtmc-reid\DukeMTMC-reID/query\3649_c6_f0162972.jpg,3649,False,True,True,-0.014969050884246826,-0.5
D:\deep-person-reid\reid-data\dukemtmc-reid\DukeMTMC-reID/bounding_box_test\6398_c8_f0075918.jpg,6398,0.8436965942382812,,,,,,C,1663,D:\deep-person-reid\reid-data\dukemtmc-reid\DukeMTMC-reID/query\3664_c5_f0167874.jpg,3664,,False,True,,
D:\deep-person-reid\reid-data\dukemtmc-reid\DukeMTMC-reID/bounding_box_test\0262_c6_f0074922.jpg,262,0.8185110092163086,,,,,,B,1664,D:\deep-person-reid\reid-data\dukemtmc-reid\DukeMTMC-reID/query\3664_c6_f0144061.jpg,3664,,False,False,,
D:\deep-person-reid\reid-data\dukemtmc-reid\DukeMTMC-reID/bounding_box_test\0329_c6_f0083028.jpg,329,0.829279899597168,,,,,,C,1665,D:\deep-person-reid\reid-data\dukemtmc-reid\DukeMTMC-reID/query\3674_c5_f0170132.jpg,3674,,False,True,,
D:\deep-person-reid\reid-data\dukemtmc-reid\DukeMTMC-reID/bounding_box_test\1366_c6_f0066993.jpg,1366,0.8517825603485107,,,,,,C,1666,D:\deep-person-reid\reid-data\dukemtmc-reid\DukeMTMC-reID/query\3674_c6_f0145967.jpg,3674,,False,True,,
D:\deep-person-reid\reid-data\dukemtmc-reid\DukeMTMC-reID/bounding_box_test\0361_c5_f0110305.jpg,361,0.8113031387329102,D:\deep-person-reid\reid-data\dukemtmc-reid\DukeMTMC-reID/bounding_box_test\3761_c6_f0169069.jpg,1,5,0.7955631017684937,0.0,E,1670,D:\deep-person-reid\reid-data\dukemtmc-reid\DukeMTMC-reID/query\3761_c5_f0208029.jpg,3761,True,True,True,-0.015740036964416504,1.0
D:\deep-person-reid\reid-data\dukemtmc-reid\DukeMTMC-reID/bounding_box_test\3649_c5_f0164066.jpg,3649,0.855593204498291,,,,,,B,1672,D:\deep-person-reid\reid-data\dukemtmc-reid\DukeMTMC-reID/query\3763_c5_f0208701.jpg,3763,,False,False,,
D:\deep-person-reid\reid-data\dukemtmc-reid\DukeMTMC-reID/bounding_box_test\3649_c6_f0162492.jpg,3649,0.8659799098968506,,,,,,B,1673,D:\deep-person-reid\reid-data\dukemtmc-reid\DukeMTMC-reID/query\3763_c7_f0187845.jpg,3763,,False,False,,
D:\deep-person-reid\reid-data\dukemtmc-reid\DukeMTMC-reID/bounding_box_test\4374_c6_f0087889.jpg,4374,0.8169577121734619,,,,,,C,1677,D:\deep-person-reid\reid-data\dukemtmc-reid\DukeMTMC-reID/query\4057_c6_f0032975.jpg,4057,,False,True,,
D:\deep-person-reid\reid-data\dukemtmc-reid\DukeMTMC-reID/bounding_box_test\1104_c3_f0188333.jpg,1104,0.7745920419692993,,,,,,C,1678,D:\deep-person-reid\reid-data\dukemtmc-reid\DukeMTMC-reID/query\4057_c7_f0037727.jpg,4057,,False,True,,
D:\deep-person-reid\reid-data\dukemtmc-reid\DukeMTMC-reID/bounding_box_test\0274_c3_f0079822.jpg,274,0.7731959819793701,,,,,,C,1679,D:\deep-person-reid\reid-data\dukemtmc-reid\DukeMTMC-reID/query\4057_c8_f0011362.jpg,4057,,False,True,,
D:\deep-person-reid\reid-data\dukemtmc-reid\DukeMTMC-reID/bounding_box_test\2754_c6_f0172064.jpg,2754,0.8128148317337036,D:\deep-person-reid\reid-data\dukemtmc-reid\DukeMTMC-reID/bounding_box_test\4059_c7_f0037207.jpg,2,3,0.7980653047561646,1.0,F,1680,D:\deep-person-reid\reid-data\dukemtmc-reid\DukeMTMC-reID/query\4059_c6_f0035570.jpg,4059,False,True,True,-0.014749526977539062,1.0
D:\deep-person-reid\reid-data\dukemtmc-reid\DukeMTMC-reID/bounding_box_test\4075_c7_f0041514.jpg,4075,0.7946795225143433,D:\deep-person-reid\reid-data\dukemtmc-reid\DukeMTMC-reID/bounding_box_test\4059_c6_f0034850.jpg,8,6,0.7798296213150024,1.0,F,1681,D:\deep-person-reid\reid-data\dukemtmc-reid\DukeMTMC-reID/query\4059_c7_f0037567.jpg,4059,False,True,True,-0.01484990119934082,-1.0
D:\deep-person-reid\reid-data\dukemtmc-reid\DukeMTMC-reID/bounding_box_test\0409_c5_f0117195.jpg,409,0.8276660442352295,,,,,,B,1682,D:\deep-person-reid\reid-data\dukemtmc-reid\DukeMTMC-reID/query\4059_c8_f0007513.jpg,4059,,False,False,,
D:\deep-person-reid\reid-data\dukemtmc-reid\DukeMTMC-reID/bounding_box_test\6763_c8_f0164167.jpg,6763,0.8783119916915894,,,,,,C,1685,D:\deep-person-reid\reid-data\dukemtmc-reid\DukeMTMC-reID/query\4060_c8_f0013397.jpg,4060,,False,True,,
D:\deep-person-reid\reid-data\dukemtmc-reid\DukeMTMC-reID/bounding_box_test\4708_c6_f0166042.jpg,4708,0.8543800115585327,,,,,,C,1686,D:\deep-person-reid\reid-data\dukemtmc-reid\DukeMTMC-reID/query\4062_c6_f0035774.jpg,4062,,False,True,,
D:\deep-person-reid\reid-data\dukemtmc-reid\DukeMTMC-reID/bounding_box_test\0834_c3_f0190787.jpg,834,0.8300855755805969,,,,,,C,1687,D:\deep-person-reid\reid-data\dukemtmc-reid\DukeMTMC-reID/query\4062_c7_f0040298.jpg,4062,,False,True,,
D:\deep-person-reid\reid-data\dukemtmc-reid\DukeMTMC-reID/bounding_box_test\4500_c8_f0081292.jpg,4500,0.8667361736297607,,,,,,B,1688,D:\deep-person-reid\reid-data\dukemtmc-reid\DukeMTMC-reID/query\4062_c8_f0014414.jpg,4062,,False,False,,
D:\deep-person-reid\reid-data\dukemtmc-reid\DukeMTMC-reID/bounding_box_test\4066_c7_f0042134.jpg,4066,0.8679759502410889,D:\deep-person-reid\reid-data\dukemtmc-reid\DukeMTMC-reID/bounding_box_test\4065_c7_f0042130.jpg,2,2,0.8516615629196167,0.0,F,1689,D:\deep-person-reid\reid-data\dukemtmc-reid\DukeMTMC-reID/query\4065_c6_f0036742.jpg,4065,False,True,True,-0.016314387321472168,0.0
D:\deep-person-reid\reid-data\dukemtmc-reid\DukeMTMC-reID/bounding_box_test\4066_c7_f0041774.jpg,4066,0.898676335811615,,,,,,B,1690,D:\deep-person-reid\reid-data\dukemtmc-reid\DukeMTMC-reID/query\4065_c7_f0041770.jpg,4065,,False,False,,
D:\deep-person-reid\reid-data\dukemtmc-reid\DukeMTMC-reID/bounding_box_test\4065_c6_f0037102.jpg,4065,0.8624727725982666,,,,,,C,1692,D:\deep-person-reid\reid-data\dukemtmc-reid\DukeMTMC-reID/query\4066_c6_f0036835.jpg,4066,,False,True,,
D:\deep-person-reid\reid-data\dukemtmc-reid\DukeMTMC-reID/bounding_box_test\0056_c8_f0017543.jpg,56,0.7861162424087524,,,,,,B,1694,D:\deep-person-reid\reid-data\dukemtmc-reid\DukeMTMC-reID/query\4066_c8_f0015559.jpg,4066,,False,False,,
D:\deep-person-reid\reid-data\dukemtmc-reid\DukeMTMC-reID/bounding_box_test\4174_c6_f0057535.jpg,4174,0.797387957572937,,,,,,B,1695,D:\deep-person-reid\reid-data\dukemtmc-reid\DukeMTMC-reID/query\4070_c6_f0038021.jpg,4070,,False,False,,
D:\deep-person-reid\reid-data\dukemtmc-reid\DukeMTMC-reID/bounding_box_test\0549_c8_f0098266.jpg,549,0.84059739112854,,,,,,C,1697,D:\deep-person-reid\reid-data\dukemtmc-reid\DukeMTMC-reID/query\4070_c8_f0016049.jpg,4070,,False,True,,
D:\deep-person-reid\reid-data\dukemtmc-reid\DukeMTMC-reID/bounding_box_test\4071_c7_f0040612.jpg,4071,0.9360407590866089,,,,,,C,1702,D:\deep-person-reid\reid-data\dukemtmc-reid\DukeMTMC-reID/query\4072_c7_f0040684.jpg,4072,,False,True,,
D:\deep-person-reid\reid-data\dukemtmc-reid\DukeMTMC-reID/bounding_box_test\6813_c8_f0078307.jpg,6813,0.8250993490219116,,,,,,B,1705,D:\deep-person-reid\reid-data\dukemtmc-reid\DukeMTMC-reID/query\4075_c7_f0041274.jpg,4075,,False,False,,
D:\deep-person-reid\reid-data\dukemtmc-reid\DukeMTMC-reID/bounding_box_test\6031_c8_f0034703.jpg,6031,0.865141749382019,,,,,,B,1706,D:\deep-person-reid\reid-data\dukemtmc-reid\DukeMTMC-reID/query\4075_c8_f0011197.jpg,4075,,False,False,,
D:\deep-person-reid\reid-data\dukemtmc-reid\DukeMTMC-reID/bounding_box_test\0486_c6_f0116907.jpg,486,0.8264596462249756,,,,,,C,1707,D:\deep-person-reid\reid-data\dukemtmc-reid\DukeMTMC-reID/query\4079_c6_f0040114.jpg,4079,,False,True,,
D:\deep-person-reid\reid-data\dukemtmc-reid\DukeMTMC-reID/bounding_box_test\4729_c7_f0172609.jpg,4729,0.8319587707519531,,,,,,C,1708,D:\deep-person-reid\reid-data\dukemtmc-reid\DukeMTMC-reID/query\4079_c7_f0045123.jpg,4079,,False,True,,
D:\deep-person-reid\reid-data\dukemtmc-reid\DukeMTMC-reID/bounding_box_test\0043_c6_f0037346.jpg,43,0.7799278497695923,D:\deep-person-reid\reid-data\dukemtmc-reid\DukeMTMC-reID/bounding_box_test\4082_c7_f0045586.jpg,5,5,0.7607277035713196,1.0,F,1709,D:\deep-person-reid\reid-data\dukemtmc-reid\DukeMTMC-reID/query\4082_c6_f0040940.jpg,4082,False,True,True,-0.019200146198272705,1.0
D:\deep-person-reid\reid-data\dukemtmc-reid\DukeMTMC-reID/bounding_box_test\4807_c7_f0207251.jpg,4807,0.8554991483688354,,,,,,B,1710,D:\deep-person-reid\reid-data\dukemtmc-reid\DukeMTMC-reID/query\4082_c7_f0045226.jpg,4082,,False,False,,
D:\deep-person-reid\reid-data\dukemtmc-reid\DukeMTMC-reID/bounding_box_test\4066_c8_f0015919.jpg,4066,0.8305317759513855,,,,,,B,1711,D:\deep-person-reid\reid-data\dukemtmc-reid\DukeMTMC-reID/query\4082_c8_f0019685.jpg,4082,,False,False,,
D:\deep-person-reid\reid-data\dukemtmc-reid\DukeMTMC-reID/bounding_box_test\0088_c2_f0072628.jpg,88,0.8768894672393799,D:\deep-person-reid\reid-data\dukemtmc-reid\DukeMTMC-reID/bounding_box_test\4099_c6_f0043438.jpg,2,2,0.8710111379623413,0.0,F,1714,D:\deep-person-reid\reid-data\dukemtmc-reid\DukeMTMC-reID/query\4099_c8_f0017096.jpg,4099,False,True,True,-0.005878329277038574,0.0
D:\deep-person-reid\reid-data\dukemtmc-reid\DukeMTMC-reID/bounding_box_test\0257_c2_f0096821.jpg,257,0.7828935384750366,,,,,,C,1715,D:\deep-person-reid\reid-data\dukemtmc-reid\DukeMTMC-reID/query\4100_c6_f0044284.jpg,4100,,False,True,,
D:\deep-person-reid\reid-data\dukemtmc-reid\DukeMTMC-reID/bounding_box_test\0247_c3_f0077537.jpg,247,0.7586187124252319,,,,,,C,1716,D:\deep-person-reid\reid-data\dukemtmc-reid\DukeMTMC-reID/query\4100_c7_f0048633.jpg,4100,,False,True,,
D:\deep-person-reid\reid-data\dukemtmc-reid\DukeMTMC-reID/bounding_box_test\6571_c8_f0112614.jpg,6571,0.7634650468826294,,,,,,B,1717,D:\deep-person-reid\reid-data\dukemtmc-reid\DukeMTMC-reID/query\4100_c8_f0022895.jpg,4100,,False,False,,
D:\deep-person-reid\reid-data\dukemtmc-reid\DukeMTMC-reID/bounding_box_test\4113_c7_f0050027.jpg,4113,0.8164746165275574,,,,,,B,1719,D:\deep-person-reid\reid-data\dukemtmc-reid\DukeMTMC-reID/query\4102_c7_f0049224.jpg,4102,,False,False,,
D:\deep-person-reid\reid-data\dukemtmc-reid\DukeMTMC-reID/bounding_box_test\5855_c8_f0004430.jpg,5855,0.7764108777046204,,,,,,B,1720,D:\deep-person-reid\reid-data\dukemtmc-reid\DukeMTMC-reID/query\4102_c8_f0023266.jpg,4102,,False,False,,
D:\deep-person-reid\reid-data\dukemtmc-reid\DukeMTMC-reID/bounding_box_test\6535_c6_f0048256.jpg,6535,0.8498184084892273,,,,,,C,1721,D:\deep-person-reid\reid-data\dukemtmc-reid\DukeMTMC-reID/query\4106_c6_f0045522.jpg,4106,,False,True,,
D:\deep-person-reid\reid-data\dukemtmc-reid\DukeMTMC-reID/bounding_box_test\4113_c7_f0050387.jpg,4113,0.8355037569999695,,,,,,C,1722,D:\deep-person-reid\reid-data\dukemtmc-reid\DukeMTMC-reID/query\4106_c7_f0050617.jpg,4106,,False,True,,
D:\deep-person-reid\reid-data\dukemtmc-reid\DukeMTMC-reID/bounding_box_test\4219_c8_f0037004.jpg,4219,0.8091303110122681,D:\deep-person-reid\reid-data\dukemtmc-reid\DukeMTMC-reID/bounding_box_test\4106_c6_f0045402.jpg,2,2,0.7997417449951172,1.0,F,1723,D:\deep-person-reid\reid-data\dukemtmc-reid\DukeMTMC-reID/query\4106_c8_f0024029.jpg,4106,False,True,True,-0.009388566017150879,1.0
D:\deep-person-reid\reid-data\dukemtmc-reid\DukeMTMC-reID/bounding_box_test\3674_c6_f0145847.jpg,3674,0.8398327827453613,,,,,,C,1724,D:\deep-person-reid\reid-data\dukemtmc-reid\DukeMTMC-reID/query\4110_c6_f0045575.jpg,4110,,False,True,,
D:\deep-person-reid\reid-data\dukemtmc-reid\DukeMTMC-reID/bounding_box_test\6486_c8_f0090818.jpg,6486,0.7835721373558044,,,,,,B,1726,D:\deep-person-reid\reid-data\dukemtmc-reid\DukeMTMC-reID/query\4110_c8_f0025143.jpg,4110,,False,False,,
D:\deep-person-reid\reid-data\dukemtmc-reid\DukeMTMC-reID/bounding_box_test\4547_c7_f0123893.jpg,4547,0.7725040912628174,,,,,,C,1728,D:\deep-person-reid\reid-data\dukemtmc-reid\DukeMTMC-reID/query\4113_c7_f0050267.jpg,4113,,False,True,,
D:\deep-person-reid\reid-data\dukemtmc-reid\DukeMTMC-reID/bounding_box_test\4106_c8_f0023909.jpg,4106,0.8078169226646423,,,,,,B,1729,D:\deep-person-reid\reid-data\dukemtmc-reid\DukeMTMC-reID/query\4113_c8_f0023695.jpg,4113,,False,False,,
D:\deep-person-reid\reid-data\dukemtmc-reid\DukeMTMC-reID/bounding_box_test\4605_c6_f0141638.jpg,4605,0.8018960952758789,,,,,,B,1730,D:\deep-person-reid\reid-data\dukemtmc-reid\DukeMTMC-reID/query\4114_c6_f0046212.jpg,4114,,False,False,,
D:\deep-person-reid\reid-data\dukemtmc-reid\DukeMTMC-reID/bounding_box_test\0329_c7_f0087943.jpg,329,0.8731451034545898,,,,,,C,1731,D:\deep-person-reid\reid-data\dukemtmc-reid\DukeMTMC-reID/query\4114_c7_f0050416.jpg,4114,,False,True,,
D:\deep-person-reid\reid-data\dukemtmc-reid\DukeMTMC-reID/bounding_box_test\4634_c7_f0148794.jpg,4634,0.8711617588996887,,,,,,B,1734,D:\deep-person-reid\reid-data\dukemtmc-reid\DukeMTMC-reID/query\4116_c7_f0050638.jpg,4116,,False,False,,
D:\deep-person-reid\reid-data\dukemtmc-reid\DukeMTMC-reID/bounding_box_test\6353_c8_f0071664.jpg,6353,0.8674529194831848,,,,,,C,1735,D:\deep-person-reid\reid-data\dukemtmc-reid\DukeMTMC-reID/query\4116_c8_f0024630.jpg,4116,,False,True,,
D:\deep-person-reid\reid-data\dukemtmc-reid\DukeMTMC-reID/bounding_box_test\4102_c6_f0045139.jpg,4102,0.8237252235412598,,,,,,B,1736,D:\deep-person-reid\reid-data\dukemtmc-reid\DukeMTMC-reID/query\4117_c6_f0046413.jpg,4117,,False,False,,
D:\deep-person-reid\reid-data\dukemtmc-reid\DukeMTMC-reID/bounding_box_test\6188_c8_f0052506.jpg,6188,0.7761013507843018,,,,,,B,1738,D:\deep-person-reid\reid-data\dukemtmc-reid\DukeMTMC-reID/query\4117_c8_f0019475.jpg,4117,,False,False,,
D:\deep-person-reid\reid-data\dukemtmc-reid\DukeMTMC-reID/bounding_box_test\4119_c6_f0047493.jpg,4119,0.8325740098953247,,,,,,C,1739,D:\deep-person-reid\reid-data\dukemtmc-reid\DukeMTMC-reID/query\4118_c6_f0046964.jpg,4118,,False,True,,
D:\deep-person-reid\reid-data\dukemtmc-reid\DukeMTMC-reID/bounding_box_test\4119_c7_f0051959.jpg,4119,0.874579131603241,,,,,,C,1740,D:\deep-person-reid\reid-data\dukemtmc-reid\DukeMTMC-reID/query\4118_c7_f0052216.jpg,4118,,False,True,,
D:\deep-person-reid\reid-data\dukemtmc-reid\DukeMTMC-reID/bounding_box_test\4070_c8_f0015809.jpg,4070,0.8140199184417725,,,,,,C,1741,D:\deep-person-reid\reid-data\dukemtmc-reid\DukeMTMC-reID/query\4118_c8_f0025956.jpg,4118,,False,True,,
D:\deep-person-reid\reid-data\dukemtmc-reid\DukeMTMC-reID/bounding_box_test\1408_c2_f0090325.jpg,1408,0.8418696522712708,,,,,,C,1745,D:\deep-person-reid\reid-data\dukemtmc-reid\DukeMTMC-reID/query\4121_c6_f0047307.jpg,4121,,False,True,,
D:\deep-person-reid\reid-data\dukemtmc-reid\DukeMTMC-reID/bounding_box_test\4329_c7_f0083183.jpg,4329,0.7952057123184204,D:\deep-person-reid\reid-data\dukemtmc-reid\DukeMTMC-reID/bounding_box_test\4121_c6_f0047427.jpg,11,10,0.7764945030212402,1.0,F,1746,D:\deep-person-reid\reid-data\dukemtmc-reid\DukeMTMC-reID/query\4121_c7_f0052482.jpg,4121,False,True,True,-0.018711209297180176,-1.0
D:\deep-person-reid\reid-data\dukemtmc-reid\DukeMTMC-reID/bounding_box_test\5855_c8_f0004430.jpg,5855,0.8304270505905151,,,,,,B,1747,D:\deep-person-reid\reid-data\dukemtmc-reid\DukeMTMC-reID/query\4121_c8_f0026195.jpg,4121,,False,False,,
D:\deep-person-reid\reid-data\dukemtmc-reid\DukeMTMC-reID/bounding_box_test\4573_c6_f0132423.jpg,4573,0.7388337850570679,,,,,,C,1751,D:\deep-person-reid\reid-data\dukemtmc-reid\DukeMTMC-reID/query\4134_c6_f0049764.jpg,4134,,False,True,,
D:\deep-person-reid\reid-data\dukemtmc-reid\DukeMTMC-reID/bounding_box_test\2557_c7_f0084539.jpg,2557,0.8195012807846069,,,,,,B,1753,D:\deep-person-reid\reid-data\dukemtmc-reid\DukeMTMC-reID/query\4134_c8_f0028135.jpg,4134,,False,False,,
D:\deep-person-reid\reid-data\dukemtmc-reid\DukeMTMC-reID/bounding_box_test\6726_c8_f0151930.jpg,6726,0.8128633499145508,,,,,,B,1755,D:\deep-person-reid\reid-data\dukemtmc-reid\DukeMTMC-reID/query\4141_c7_f0052589.jpg,4141,,False,False,,
D:\deep-person-reid\reid-data\dukemtmc-reid\DukeMTMC-reID/bounding_box_test\2942_c6_f0048466.jpg,2942,0.8498212695121765,D:\deep-person-reid\reid-data\dukemtmc-reid\DukeMTMC-reID/bounding_box_test\4143_c7_f0053263.jpg,4,4,0.8422414660453796,1.0,F,1757,D:\deep-person-reid\reid-data\dukemtmc-reid\DukeMTMC-reID/query\4143_c6_f0050799.jpg,4143,False,True,True,-0.007579803466796875,1.0
D:\deep-person-reid\reid-data\dukemtmc-reid\DukeMTMC-reID/bounding_box_test\0329_c7_f0087943.jpg,329,0.8673301935195923,D:\deep-person-reid\reid-data\dukemtmc-reid\DukeMTMC-reID/bounding_box_test\4143_c6_f0051279.jpg,6,6,0.8515255451202393,1.0,F,1758,D:\deep-person-reid\reid-data\dukemtmc-reid\DukeMTMC-reID/query\4143_c7_f0053383.jpg,4143,False,True,True,-0.015804648399353027,0.0
D:\deep-person-reid\reid-data\dukemtmc-reid\DukeMTMC-reID/bounding_box_test\4324_c8_f0051645.jpg,4324,0.8114385604858398,,,,,,B,1759,D:\deep-person-reid\reid-data\dukemtmc-reid\DukeMTMC-reID/query\4143_c8_f0023992.jpg,4143,,False,False,,
D:\deep-person-reid\reid-data\dukemtmc-reid\DukeMTMC-reID/bounding_box_test\0119_c6_f0050959.jpg,119,0.8031348586082458,D:\deep-person-reid\reid-data\dukemtmc-reid\DukeMTMC-reID/bounding_box_test\4144_c6_f0050587.jpg,2,2,0.7974263429641724,1.0,F,1761,D:\deep-person-reid\reid-data\dukemtmc-reid\DukeMTMC-reID/query\4144_c7_f0055604.jpg,4144,False,True,True,-0.005708515644073486,1.0
D:\deep-person-reid\reid-data\dukemtmc-reid\DukeMTMC-reID/bounding_box_test\6071_c8_f0040019.jpg,6071,0.7466785907745361,D:\deep-person-reid\reid-data\dukemtmc-reid\DukeMTMC-reID/bounding_box_test\4144_c6_f0050467.jpg,2,3,0.7408882975578308,1.0,F,1762,D:\deep-person-reid\reid-data\dukemtmc-reid\DukeMTMC-reID/query\4144_c8_f0029854.jpg,4144,False,True,True,-0.005790293216705322,1.0
D:\deep-person-reid\reid-data\dukemtmc-reid\DukeMTMC-reID/bounding_box_test\4147_c6_f0050961.jpg,4147,0.8443275690078735,,,,,,C,1763,D:\deep-person-reid\reid-data\dukemtmc-reid\DukeMTMC-reID/query\4146_c6_f0051660.jpg,4146,,False,True,,
D:\deep-person-reid\reid-data\dukemtmc-reid\DukeMTMC-reID/bounding_box_test\4147_c6_f0050961.jpg,4147,0.776252031326294,D:\deep-person-reid\reid-data\dukemtmc-reid\DukeMTMC-reID/bounding_box_test\4146_c6_f0050940.jpg,2,2,0.7736374139785767,0.5,F,1765,D:\deep-person-reid\reid-data\dukemtmc-reid\DukeMTMC-reID/query\4146_c8_f0029749.jpg,4146,False,True,True,-0.002614617347717285,0.5
D:\deep-person-reid\reid-data\dukemtmc-reid\DukeMTMC-reID/bounding_box_test\4541_c6_f0120706.jpg,4541,0.7678754329681396,D:\deep-person-reid\reid-data\dukemtmc-reid\DukeMTMC-reID/bounding_box_test\4147_c8_f0030044.jpg,1,2,0.7624372243881226,0.0,E,1766,D:\deep-person-reid\reid-data\dukemtmc-reid\DukeMTMC-reID/query\4147_c6_f0051321.jpg,4147,True,True,True,-0.00543820858001709,1.0
D:\deep-person-reid\reid-data\dukemtmc-reid\DukeMTMC-reID/bounding_box_test\4146_c7_f0056035.jpg,4146,0.9223881959915161,,,,,,C,1767,D:\deep-person-reid\reid-data\dukemtmc-reid\DukeMTMC-reID/query\4147_c7_f0056038.jpg,4147,,False,True,,
D:\deep-person-reid\reid-data\dukemtmc-reid\DukeMTMC-reID/bounding_box_test\4121_c8_f0025955.jpg,4121,0.8292273283004761,,,,,,B,1768,D:\deep-person-reid\reid-data\dukemtmc-reid\DukeMTMC-reID/query\4147_c8_f0029684.jpg,4147,,False,False,,
D:\deep-person-reid\reid-data\dukemtmc-reid\DukeMTMC-reID/bounding_box_test\1314_c4_f0045990.jpg,1314,0.7991466522216797,D:\deep-person-reid\reid-data\dukemtmc-reid\DukeMTMC-reID/bounding_box_test\4150_c6_f0051888.jpg,10,8,0.7845180034637451,0.0,F,1771,D:\deep-person-reid\reid-data\dukemtmc-reid\DukeMTMC-reID/query\4150_c8_f0031082.jpg,4150,False,True,True,-0.01462864875793457,-1.0
D:\deep-person-reid\reid-data\dukemtmc-reid\DukeMTMC-reID/bounding_box_test\6763_c8_f0163927.jpg,6763,0.8326618671417236,,,,,,C,1778,D:\deep-person-reid\reid-data\dukemtmc-reid\DukeMTMC-reID/query\4159_c6_f0054556.jpg,4159,,False,True,,
D:\deep-person-reid\reid-data\dukemtmc-reid\DukeMTMC-reID/bounding_box_test\6763_c8_f0164287.jpg,6763,0.9010605216026306,,,,,,C,1780,D:\deep-person-reid\reid-data\dukemtmc-reid\DukeMTMC-reID/query\4159_c8_f0032907.jpg,4159,,False,True,,
D:\deep-person-reid\reid-data\dukemtmc-reid\DukeMTMC-reID/bounding_box_test\0717_c6_f0167592.jpg,717,0.8364806175231934,,,,,,B,1781,D:\deep-person-reid\reid-data\dukemtmc-reid\DukeMTMC-reID/query\4163_c6_f0056485.jpg,4163,,False,False,,
D:\deep-person-reid\reid-data\dukemtmc-reid\DukeMTMC-reID/bounding_box_test\6087_c8_f0042245.jpg,6087,0.8378753662109375,,,,,,C,1783,D:\deep-person-reid\reid-data\dukemtmc-reid\DukeMTMC-reID/query\4163_c8_f0034899.jpg,4163,,False,True,,
D:\deep-person-reid\reid-data\dukemtmc-reid\DukeMTMC-reID/bounding_box_test\6046_c6_f0056901.jpg,6046,0.8600234985351562,,,,,,C,1784,D:\deep-person-reid\reid-data\dukemtmc-reid\DukeMTMC-reID/query\4169_c6_f0056931.jpg,4169,,False,True,,
D:\deep-person-reid\reid-data\dukemtmc-reid\DukeMTMC-reID/bounding_box_test\4169_c7_f0061772.jpg,4169,0.8730922937393188,,,,,,C,1788,D:\deep-person-reid\reid-data\dukemtmc-reid\DukeMTMC-reID/query\4170_c7_f0061757.jpg,4170,,False,True,,
D:\deep-person-reid\reid-data\dukemtmc-reid\DukeMTMC-reID/bounding_box_test\4169_c8_f0035801.jpg,4169,0.9223054647445679,,,,,,B,1789,D:\deep-person-reid\reid-data\dukemtmc-reid\DukeMTMC-reID/query\4170_c8_f0035692.jpg,4170,,False,False,,
D:\deep-person-reid\reid-data\dukemtmc-reid\DukeMTMC-reID/bounding_box_test\4170_c6_f0057069.jpg,4170,0.8389870524406433,,,,,,C,1790,D:\deep-person-reid\reid-data\dukemtmc-reid\DukeMTMC-reID/query\4174_c6_f0057055.jpg,4174,,False,True,,
D:\deep-person-reid\reid-data\dukemtmc-reid\DukeMTMC-reID/bounding_box_test\6046_c7_f0061981.jpg,6046,0.8474802374839783,,,,,,B,1791,D:\deep-person-reid\reid-data\dukemtmc-reid\DukeMTMC-reID/query\4174_c7_f0061981.jpg,4174,,False,False,,
D:\deep-person-reid\reid-data\dukemtmc-reid\DukeMTMC-reID/bounding_box_test\0137_c5_f0087062.jpg,137,0.8033201098442078,,,,,,B,1792,D:\deep-person-reid\reid-data\dukemtmc-reid\DukeMTMC-reID/query\4174_c8_f0035753.jpg,4174,,False,False,,
D:\deep-person-reid\reid-data\dukemtmc-reid\DukeMTMC-reID/bounding_box_test\4177_c6_f0057808.jpg,4177,0.9136193990707397,,,,,,C,1793,D:\deep-person-reid\reid-data\dukemtmc-reid\DukeMTMC-reID/query\4176_c6_f0057706.jpg,4176,,False,True,,
D:\deep-person-reid\reid-data\dukemtmc-reid\DukeMTMC-reID/bounding_box_test\4177_c7_f0059778.jpg,4177,0.8329157829284668,,,,,,B,1794,D:\deep-person-reid\reid-data\dukemtmc-reid\DukeMTMC-reID/query\4176_c7_f0059691.jpg,4176,,False,False,,
D:\deep-person-reid\reid-data\dukemtmc-reid\DukeMTMC-reID/bounding_box_test\0047_c2_f0063716.jpg,47,0.7726209163665771,,,,,,B,1795,D:\deep-person-reid\reid-data\dukemtmc-reid\DukeMTMC-reID/query\4176_c8_f0029782.jpg,4176,,False,False,,
D:\deep-person-reid\reid-data\dukemtmc-reid\DukeMTMC-reID/bounding_box_test\4654_c6_f0150454.jpg,4654,0.7977836728096008,D:\deep-person-reid\reid-data\dukemtmc-reid\DukeMTMC-reID/bounding_box_test\4177_c7_f0059298.jpg,1,4,0.7853707075119019,-0.5,E,1796,D:\deep-person-reid\reid-data\dukemtmc-reid\DukeMTMC-reID/query\4177_c6_f0057448.jpg,4177,True,True,True,-0.012412965297698975,1.0
D:\deep-person-reid\reid-data\dukemtmc-reid\DukeMTMC-reID/bounding_box_test\4176_c7_f0059451.jpg,4176,0.8180034160614014,,,,,,C,1797,D:\deep-person-reid\reid-data\dukemtmc-reid\DukeMTMC-reID/query\4177_c7_f0059658.jpg,4177,,False,True,,
D:\deep-person-reid\reid-data\dukemtmc-reid\DukeMTMC-reID/bounding_box_test\4176_c8_f0029902.jpg,4176,0.8202539682388306,,,,,,B,1798,D:\deep-person-reid\reid-data\dukemtmc-reid\DukeMTMC-reID/query\4177_c8_f0029788.jpg,4177,,False,False,,
D:\deep-person-reid\reid-data\dukemtmc-reid\DukeMTMC-reID/bounding_box_test\0832_c1_f0213879.jpg,832,0.7988361120223999,D:\deep-person-reid\reid-data\dukemtmc-reid\DukeMTMC-reID/bounding_box_test\4178_c6_f0057390.jpg,1,2,0.7862907648086548,-1.0,E,1800,D:\deep-person-reid\reid-data\dukemtmc-reid\DukeMTMC-reID/query\4178_c7_f0059693.jpg,4178,True,True,True,-0.012545347213745117,1.0
D:\deep-person-reid\reid-data\dukemtmc-reid\DukeMTMC-reID/bounding_box_test\6440_c8_f0081562.jpg,6440,0.7814769148826599,,,,,,B,1804,D:\deep-person-reid\reid-data\dukemtmc-reid\DukeMTMC-reID/query\4185_c8_f0031708.jpg,4185,,False,False,,
D:\deep-person-reid\reid-data\dukemtmc-reid\DukeMTMC-reID/bounding_box_test\4315_c6_f0076694.jpg,4315,0.7690929770469666,D:\deep-person-reid\reid-data\dukemtmc-reid\DukeMTMC-reID/bounding_box_test\4190_c7_f0064800.jpg,1,3,0.7580657005310059,-1.0,E,1805,D:\deep-person-reid\reid-data\dukemtmc-reid\DukeMTMC-reID/query\4190_c6_f0060181.jpg,4190,True,True,True,-0.011027276515960693,1.0
D:\deep-person-reid\reid-data\dukemtmc-reid\DukeMTMC-reID/bounding_box_test\0056_c8_f0013823.jpg,56,0.7788659930229187,,,,,,C,1807,D:\deep-person-reid\reid-data\dukemtmc-reid\DukeMTMC-reID/query\4190_c8_f0038517.jpg,4190,,False,True,,
D:\deep-person-reid\reid-data\dukemtmc-reid\DukeMTMC-reID/bounding_box_test\4185_c7_f0060790.jpg,4185,0.7960002422332764,,,,,,B,1809,D:\deep-person-reid\reid-data\dukemtmc-reid\DukeMTMC-reID/query\4197_c7_f0063237.jpg,4197,,False,False,,
D:\deep-person-reid\reid-data\dukemtmc-reid\DukeMTMC-reID/bounding_box_test\6151_c8_f0050332.jpg,6151,0.7547762393951416,,,,,,C,1810,D:\deep-person-reid\reid-data\dukemtmc-reid\DukeMTMC-reID/query\4197_c8_f0034161.jpg,4197,,False,True,,
D:\deep-person-reid\reid-data\dukemtmc-reid\DukeMTMC-reID/bounding_box_test\0314_c2_f0103104.jpg,314,0.8275955319404602,D:\deep-person-reid\reid-data\dukemtmc-reid\DukeMTMC-reID/bounding_box_test\4204_c7_f0064035.jpg,3,4,0.8096083402633667,1.0,F,1811,D:\deep-person-reid\reid-data\dukemtmc-reid\DukeMTMC-reID/query\4204_c6_f0061718.jpg,4204,False,True,True,-0.017987191677093506,1.0
D:\deep-person-reid\reid-data\dukemtmc-reid\DukeMTMC-reID/bounding_box_test\1229_c4_f0018935.jpg,1229,0.8142880201339722,,,,,,C,1813,D:\deep-person-reid\reid-data\dukemtmc-reid\DukeMTMC-reID/query\4204_c8_f0034354.jpg,4204,,False,True,,
D:\deep-person-reid\reid-data\dukemtmc-reid\DukeMTMC-reID/bounding_box_test\0089_c1_f0068626.jpg,89,0.8114135265350342,,,,,,C,1817,D:\deep-person-reid\reid-data\dukemtmc-reid\DukeMTMC-reID/query\4207_c6_f0062397.jpg,4207,,False,True,,
D:\deep-person-reid\reid-data\dukemtmc-reid\DukeMTMC-reID/bounding_box_test\4285_c7_f0076339.jpg,4285,0.7739925384521484,,,,,,B,1818,D:\deep-person-reid\reid-data\dukemtmc-reid\DukeMTMC-reID/query\4207_c7_f0064669.jpg,4207,,False,False,,
D:\deep-person-reid\reid-data\dukemtmc-reid\DukeMTMC-reID/bounding_box_test\4519_c8_f0088763.jpg,4519,0.8359880447387695,,,,,,B,1819,D:\deep-person-reid\reid-data\dukemtmc-reid\DukeMTMC-reID/query\4207_c8_f0035625.jpg,4207,,False,False,,
D:\deep-person-reid\reid-data\dukemtmc-reid\DukeMTMC-reID/bounding_box_test\0137_c6_f0066920.jpg,137,0.8374733328819275,,,,,,C,1820,D:\deep-person-reid\reid-data\dukemtmc-reid\DukeMTMC-reID/query\4210_c6_f0062450.jpg,4210,,False,True,,
D:\deep-person-reid\reid-data\dukemtmc-reid\DukeMTMC-reID/bounding_box_test\0354_c7_f0088339.jpg,354,0.8649775981903076,,,,,,C,1821,D:\deep-person-reid\reid-data\dukemtmc-reid\DukeMTMC-reID/query\4210_c7_f0064987.jpg,4210,,False,True,,
D:\deep-person-reid\reid-data\dukemtmc-reid\DukeMTMC-reID/bounding_box_test\4219_c8_f0036884.jpg,4219,0.7941596508026123,,,,,,B,1822,D:\deep-person-reid\reid-data\dukemtmc-reid\DukeMTMC-reID/query\4210_c8_f0035539.jpg,4210,,False,False,,
D:\deep-person-reid\reid-data\dukemtmc-reid\DukeMTMC-reID/bounding_box_test\6225_c8_f0056433.jpg,6225,0.8630890846252441,,,,,,B,1825,D:\deep-person-reid\reid-data\dukemtmc-reid\DukeMTMC-reID/query\4219_c8_f0036644.jpg,4219,,False,False,,
D:\deep-person-reid\reid-data\dukemtmc-reid\DukeMTMC-reID/bounding_box_test\4106_c6_f0045042.jpg,4106,0.8275086879730225,,,,,,B,1829,D:\deep-person-reid\reid-data\dukemtmc-reid\DukeMTMC-reID/query\4226_c6_f0065884.jpg,4226,,False,False,,
D:\deep-person-reid\reid-data\dukemtmc-reid\DukeMTMC-reID/bounding_box_test\6279_c8_f0063095.jpg,6279,0.7846883535385132,,,,,,C,1831,D:\deep-person-reid\reid-data\dukemtmc-reid\DukeMTMC-reID/query\4226_c8_f0039006.jpg,4226,,False,True,,
D:\deep-person-reid\reid-data\dukemtmc-reid\DukeMTMC-reID/bounding_box_test\0427_c2_f0123363.jpg,427,0.7934572696685791,D:\deep-person-reid\reid-data\dukemtmc-reid\DukeMTMC-reID/bounding_box_test\4227_c7_f0068285.jpg,3,2,0.7875375151634216,-0.5,E,1832,D:\deep-person-reid\reid-data\dukemtmc-reid\DukeMTMC-reID/query\4227_c6_f0065671.jpg,4227,True,True,True,-0.005919754505157471,-0.5
D:\deep-person-reid\reid-data\dukemtmc-reid\DukeMTMC-reID/bounding_box_test\6048_c8_f0036304.jpg,6048,0.7851846218109131,D:\deep-person-reid\reid-data\dukemtmc-reid\DukeMTMC-reID/bounding_box_test\4227_c6_f0066511.jpg,14,11,0.7671715021133423,1.0,F,1834,D:\deep-person-reid\reid-data\dukemtmc-reid\DukeMTMC-reID/query\4227_c8_f0038288.jpg,4227,False,True,True,-0.0180131196975708,-1.0
D:\deep-person-reid\reid-data\dukemtmc-reid\DukeMTMC-reID/bounding_box_test\6031_c8_f0034943.jpg,6031,0.844505250453949,,,,,,B,1837,D:\deep-person-reid\reid-data\dukemtmc-reid\DukeMTMC-reID/query\4228_c8_f0038211.jpg,4228,,False,False,,
D:\deep-person-reid\reid-data\dukemtmc-reid\DukeMTMC-reID/bounding_box_test\0449_c8_f0078657.jpg,449,0.8864843249320984,,,,,,C,1838,D:\deep-person-reid\reid-data\dukemtmc-reid\DukeMTMC-reID/query\4230_c6_f0066215.jpg,4230,,False,True,,
D:\deep-person-reid\reid-data\dukemtmc-reid\DukeMTMC-reID/bounding_box_test\4459_c7_f0105941.jpg,4459,0.7993568181991577,,,,,,B,1839,D:\deep-person-reid\reid-data\dukemtmc-reid\DukeMTMC-reID/query\4230_c7_f0070872.jpg,4230,,False,False,,
D:\deep-person-reid\reid-data\dukemtmc-reid\DukeMTMC-reID/bounding_box_test\6689_c8_f0142018.jpg,6689,0.8396199941635132,D:\deep-person-reid\reid-data\dukemtmc-reid\DukeMTMC-reID/bounding_box_test\4230_c6_f0065975.jpg,2,2,0.8382649421691895,-0.5,F,1840,D:\deep-person-reid\reid-data\dukemtmc-reid\DukeMTMC-reID/query\4230_c8_f0044806.jpg,4230,False,True,True,-0.0013550519943237305,-0.5
D:\deep-person-reid\reid-data\dukemtmc-reid\DukeMTMC-reID/bounding_box_test\6369_c8_f0073040.jpg,6369,0.8570554852485657,,,,,,B,1841,D:\deep-person-reid\reid-data\dukemtmc-reid\DukeMTMC-reID/query\4239_c6_f0067853.jpg,4239,,False,False,,
D:\deep-person-reid\reid-data\dukemtmc-reid\DukeMTMC-reID/bounding_box_test\0285_c3_f0080987.jpg,285,0.8806145787239075,,,,,,C,1842,D:\deep-person-reid\reid-data\dukemtmc-reid\DukeMTMC-reID/query\4239_c7_f0070022.jpg,4239,,False,True,,
D:\deep-person-reid\reid-data\dukemtmc-reid\DukeMTMC-reID/bounding_box_test\4205_c8_f0034811.jpg,4205,0.8152967691421509,D:\deep-person-reid\reid-data\dukemtmc-reid\DukeMTMC-reID/bounding_box_test\4239_c6_f0068093.jpg,1,2,0.8043947219848633,-1.0,E,1843,D:\deep-person-reid\reid-data\dukemtmc-reid\DukeMTMC-reID/query\4239_c8_f0040606.jpg,4239,True,True,True,-0.010902047157287598,1.0
D:\deep-person-reid\reid-data\dukemtmc-reid\DukeMTMC-reID/bounding_box_test\4422_c6_f0095019.jpg,4422,0.8335873484611511,,,,,,C,1844,D:\deep-person-reid\reid-data\dukemtmc-reid\DukeMTMC-reID/query\4245_c6_f0069342.jpg,4245,,False,True,,
D:\deep-person-reid\reid-data\dukemtmc-reid\DukeMTMC-reID/bounding_box_test\6813_c8_f0131251.jpg,6813,0.7955926656723022,D:\deep-person-reid\reid-data\dukemtmc-reid\DukeMTMC-reID/bounding_box_test\4245_c6_f0069222.jpg,1,7,0.7823114395141602,-1.0,E,1845,D:\deep-person-reid\reid-data\dukemtmc-reid\DukeMTMC-reID/query\4245_c7_f0073821.jpg,4245,True,True,True,-0.01328122615814209,1.0
D:\deep-person-reid\reid-data\dukemtmc-reid\DukeMTMC-reID/bounding_box_test\4639_c8_f0119527.jpg,4639,0.8255739212036133,,,,,,B,1846,D:\deep-person-reid\reid-data\dukemtmc-reid\DukeMTMC-reID/query\4245_c8_f0047974.jpg,4245,,False,False,,
D:\deep-person-reid\reid-data\dukemtmc-reid\DukeMTMC-reID/bounding_box_test\4247_c7_f0073941.jpg,4247,0.7882736921310425,,,,,,C,1847,D:\deep-person-reid\reid-data\dukemtmc-reid\DukeMTMC-reID/query\4246_c6_f0069150.jpg,4246,,False,True,,
D:\deep-person-reid\reid-data\dukemtmc-reid\DukeMTMC-reID/bounding_box_test\4247_c7_f0073581.jpg,4247,0.8772114515304565,,,,,,C,1848,D:\deep-person-reid\reid-data\dukemtmc-reid\DukeMTMC-reID/query\4246_c7_f0073588.jpg,4246,,False,True,,
D:\deep-person-reid\reid-data\dukemtmc-reid\DukeMTMC-reID/bounding_box_test\4247_c8_f0047891.jpg,4247,0.7874389886856079,,,,,,B,1849,D:\deep-person-reid\reid-data\dukemtmc-reid\DukeMTMC-reID/query\4246_c8_f0047892.jpg,4246,,False,False,,
D:\deep-person-reid\reid-data\dukemtmc-reid\DukeMTMC-reID/bounding_box_test\4639_c7_f0149350.jpg,4639,0.7970110177993774,,,,,,C,1850,D:\deep-person-reid\reid-data\dukemtmc-reid\DukeMTMC-reID/query\4247_c6_f0068939.jpg,4247,,False,True,,
D:\deep-person-reid\reid-data\dukemtmc-reid\DukeMTMC-reID/bounding_box_test\4246_c7_f0074188.jpg,4246,0.8321021795272827,,,,,,C,1851,D:\deep-person-reid\reid-data\dukemtmc-reid\DukeMTMC-reID/query\4247_c7_f0074181.jpg,4247,,False,True,,
D:\deep-person-reid\reid-data\dukemtmc-reid\DukeMTMC-reID/bounding_box_test\4246_c8_f0047772.jpg,4246,0.9015194177627563,,,,,,C,1852,D:\deep-person-reid\reid-data\dukemtmc-reid\DukeMTMC-reID/query\4247_c8_f0047771.jpg,4247,,False,True,,
D:\deep-person-reid\reid-data\dukemtmc-reid\DukeMTMC-reID/bounding_box_test\4114_c6_f0045732.jpg,4114,0.8518875241279602,D:\deep-person-reid\reid-data\dukemtmc-reid\DukeMTMC-reID/bounding_box_test\4249_c7_f0073843.jpg,6,6,0.8345611691474915,-1.0,F,1853,D:\deep-person-reid\reid-data\dukemtmc-reid\DukeMTMC-reID/query\4249_c6_f0068968.jpg,4249,False,True,True,-0.01732635498046875,-1.0
D:\deep-person-reid\reid-data\dukemtmc-reid\DukeMTMC-reID/bounding_box_test\4060_c6_f0035411.jpg,4060,0.8397761583328247,,,,,,C,1856,D:\deep-person-reid\reid-data\dukemtmc-reid\DukeMTMC-reID/query\4254_c6_f0070025.jpg,4254,,False,True,,
D:\deep-person-reid\reid-data\dukemtmc-reid\DukeMTMC-reID/bounding_box_test\4060_c6_f0035411.jpg,4060,0.8664534687995911,D:\deep-person-reid\reid-data\dukemtmc-reid\DukeMTMC-reID/bounding_box_test\4254_c6_f0069425.jpg,4,2,0.8562374711036682,1.0,F,1857,D:\deep-person-reid\reid-data\dukemtmc-reid\DukeMTMC-reID/query\4254_c7_f0074387.jpg,4254,False,True,True,-0.010215997695922852,-0.5
D:\deep-person-reid\reid-data\dukemtmc-reid\DukeMTMC-reID/bounding_box_test\6763_c8_f0164047.jpg,6763,0.8393495082855225,,,,,,B,1858,D:\deep-person-reid\reid-data\dukemtmc-reid\DukeMTMC-reID/query\4254_c8_f0048148.jpg,4254,,False,False,,
D:\deep-person-reid\reid-data\dukemtmc-reid\DukeMTMC-reID/bounding_box_test\4257_c6_f0070120.jpg,4257,0.7910633087158203,,,,,,B,1859,D:\deep-person-reid\reid-data\dukemtmc-reid\DukeMTMC-reID/query\4255_c6_f0070070.jpg,4255,,False,False,,
D:\deep-person-reid\reid-data\dukemtmc-reid\DukeMTMC-reID/bounding_box_test\4247_c7_f0074061.jpg,4247,0.810300350189209,,,,,,C,1860,D:\deep-person-reid\reid-data\dukemtmc-reid\DukeMTMC-reID/query\4255_c7_f0074603.jpg,4255,,False,True,,
D:\deep-person-reid\reid-data\dukemtmc-reid\DukeMTMC-reID/bounding_box_test\4207_c7_f0064789.jpg,4207,0.7962927222251892,,,,,,B,1861,D:\deep-person-reid\reid-data\dukemtmc-reid\DukeMTMC-reID/query\4255_c8_f0047999.jpg,4255,,False,False,,
D:\deep-person-reid\reid-data\dukemtmc-reid\DukeMTMC-reID/bounding_box_test\4324_c8_f0051885.jpg,4324,0.7639064788818359,,,,,,B,1864,D:\deep-person-reid\reid-data\dukemtmc-reid\DukeMTMC-reID/query\4271_c6_f0072399.jpg,4271,,False,False,,
D:\deep-person-reid\reid-data\dukemtmc-reid\DukeMTMC-reID/bounding_box_test\6031_c8_f0034823.jpg,6031,0.7453455924987793,D:\deep-person-reid\reid-data\dukemtmc-reid\DukeMTMC-reID/bounding_box_test\4272_c6_f0072944.jpg,3,5,0.7330381274223328,0.5,F,1868,D:\deep-person-reid\reid-data\dukemtmc-reid\DukeMTMC-reID/query\4272_c8_f0045644.jpg,4272,False,True,True,-0.012307465076446533,0.5
D:\deep-person-reid\reid-data\dukemtmc-reid\DukeMTMC-reID/bounding_box_test\4789_c8_f0168571.jpg,4789,0.8535107374191284,D:\deep-person-reid\reid-data\dukemtmc-reid\DukeMTMC-reID/bounding_box_test\4280_c7_f0077605.jpg,9,10,0.8388105630874634,0.0,F,1873,D:\deep-person-reid\reid-data\dukemtmc-reid\DukeMTMC-reID/query\4280_c8_f0051444.jpg,4280,False,True,True,-0.014700174331665039,1.0
D:\deep-person-reid\reid-data\dukemtmc-reid\DukeMTMC-reID/bounding_box_test\4274_c7_f0075106.jpg,4274,0.816658616065979,,,,,,B,1874,D:\deep-person-reid\reid-data\dukemtmc-reid\DukeMTMC-reID/query\4284_c6_f0073657.jpg,4284,,False,False,,
D:\deep-person-reid\reid-data\dukemtmc-reid\DukeMTMC-reID/bounding_box_test\0514_c7_f0121283.jpg,514,0.8137061595916748,,,,,,C,1875,D:\deep-person-reid\reid-data\dukemtmc-reid\DukeMTMC-reID/query\4284_c7_f0078656.jpg,4284,,False,True,,
D:\deep-person-reid\reid-data\dukemtmc-reid\DukeMTMC-reID/bounding_box_test\5272_c8_f0045366.jpg,5272,0.8783259391784668,,,,,,B,1876,D:\deep-person-reid\reid-data\dukemtmc-reid\DukeMTMC-reID/query\4284_c8_f0052276.jpg,4284,,False,False,,
D:\deep-person-reid\reid-data\dukemtmc-reid\DukeMTMC-reID/bounding_box_test\6048_c8_f0036064.jpg,6048,0.7906270027160645,,,,,,B,1879,D:\deep-person-reid\reid-data\dukemtmc-reid\DukeMTMC-reID/query\4285_c8_f0047010.jpg,4285,,False,False,,
D:\deep-person-reid\reid-data\dukemtmc-reid\DukeMTMC-reID/bounding_box_test\5920_c8_f0019157.jpg,5920,0.7952877283096313,D:\deep-person-reid\reid-data\dukemtmc-reid\DukeMTMC-reID/bounding_box_test\4310_c7_f0080593.jpg,2,2,0.7933300137519836,1.0,F,1880,D:\deep-person-reid\reid-data\dukemtmc-reid\DukeMTMC-reID/query\4310_c6_f0075658.jpg,4310,False,True,True,-0.001957714557647705,-1.0
D:\deep-person-reid\reid-data\dukemtmc-reid\DukeMTMC-reID/bounding_box_test\4205_c8_f0034931.jpg,4205,0.7418034076690674,,,,,,B,1882,D:\deep-person-reid\reid-data\dukemtmc-reid\DukeMTMC-reID/query\4310_c8_f0054247.jpg,4310,,False,False,,
D:\deep-person-reid\reid-data\dukemtmc-reid\DukeMTMC-reID/bounding_box_test\4804_c6_f0202460.jpg,4804,0.8356239199638367,,,,,,B,1883,D:\deep-person-reid\reid-data\dukemtmc-reid\DukeMTMC-reID/query\4315_c6_f0076814.jpg,4315,,False,False,,
D:\deep-person-reid\reid-data\dukemtmc-reid\DukeMTMC-reID/bounding_box_test\4622_c7_f0146379.jpg,4622,0.8274414539337158,D:\deep-person-reid\reid-data\dukemtmc-reid\DukeMTMC-reID/bounding_box_test\4315_c6_f0076334.jpg,7,5,0.816004753112793,0.0,F,1884,D:\deep-person-reid\reid-data\dukemtmc-reid\DukeMTMC-reID/query\4315_c7_f0081121.jpg,4315,False,True,True,-0.011436700820922852,-1.0
D:\deep-person-reid\reid-data\dukemtmc-reid\DukeMTMC-reID/bounding_box_test\4622_c8_f0116827.jpg,4622,0.832739531993866,,,,,,C,1885,D:\deep-person-reid\reid-data\dukemtmc-reid\DukeMTMC-reID/query\4315_c8_f0054966.jpg,4315,,False,True,,
D:\deep-person-reid\reid-data\dukemtmc-reid\DukeMTMC-reID/bounding_box_test\0151_c3_f0056829.jpg,151,0.8099207282066345,,,,,,B,1887,D:\deep-person-reid\reid-data\dukemtmc-reid\DukeMTMC-reID/query\4321_c7_f0081702.jpg,4321,,False,False,,
D:\deep-person-reid\reid-data\dukemtmc-reid\DukeMTMC-reID/bounding_box_test\6252_c8_f0059060.jpg,6252,0.8261289596557617,,,,,,B,1888,D:\deep-person-reid\reid-data\dukemtmc-reid\DukeMTMC-reID/query\4321_c8_f0055595.jpg,4321,,False,False,,
D:\deep-person-reid\reid-data\dukemtmc-reid\DukeMTMC-reID/bounding_box_test\2495_c6_f0075158.jpg,2495,0.8456436395645142,,,,,,C,1889,D:\deep-person-reid\reid-data\dukemtmc-reid\DukeMTMC-reID/query\4324_c6_f0077835.jpg,4324,,False,True,,
D:\deep-person-reid\reid-data\dukemtmc-reid\DukeMTMC-reID/bounding_box_test\0515_c8_f0051732.jpg,515,0.7871307134628296,,,,,,B,1891,D:\deep-person-reid\reid-data\dukemtmc-reid\DukeMTMC-reID/query\4324_c8_f0051765.jpg,4324,,False,False,,
D:\deep-person-reid\reid-data\dukemtmc-reid\DukeMTMC-reID/bounding_box_test\4315_c7_f0081241.jpg,4315,0.8601716756820679,D:\deep-person-reid\reid-data\dukemtmc-reid\DukeMTMC-reID/bounding_box_test\4326_c6_f0078816.jpg,1,3,0.8512022495269775,0.0,E,1893,D:\deep-person-reid\reid-data\dukemtmc-reid\DukeMTMC-reID/query\4326_c7_f0080795.jpg,4326,True,True,True,-0.008969426155090332,1.0
D:\deep-person-reid\reid-data\dukemtmc-reid\DukeMTMC-reID/bounding_box_test\0428_c8_f0075313.jpg,428,0.8253452777862549,,,,,,B,1894,D:\deep-person-reid\reid-data\dukemtmc-reid\DukeMTMC-reID/query\4326_c8_f0051422.jpg,4326,,False,False,,
D:\deep-person-reid\reid-data\dukemtmc-reid\DukeMTMC-reID/bounding_box_test\4147_c6_f0051201.jpg,4147,0.8462297916412354,,,,,,B,1895,D:\deep-person-reid\reid-data\dukemtmc-reid\DukeMTMC-reID/query\4329_c6_f0078777.jpg,4329,,False,False,,
D:\deep-person-reid\reid-data\dukemtmc-reid\DukeMTMC-reID/bounding_box_test\4062_c7_f0040658.jpg,4062,0.8771129250526428,,,,,,B,1896,D:\deep-person-reid\reid-data\dukemtmc-reid\DukeMTMC-reID/query\4329_c7_f0083303.jpg,4329,,False,False,,
D:\deep-person-reid\reid-data\dukemtmc-reid\DukeMTMC-reID/bounding_box_test\4392_c8_f0086852.jpg,4392,0.8618029356002808,,,,,,B,1897,D:\deep-person-reid\reid-data\dukemtmc-reid\DukeMTMC-reID/query\4329_c8_f0056818.jpg,4329,,False,False,,
D:\deep-person-reid\reid-data\dukemtmc-reid\DukeMTMC-reID/bounding_box_test\4197_c7_f0063117.jpg,4197,0.8290843367576599,,,,,,C,1899,D:\deep-person-reid\reid-data\dukemtmc-reid\DukeMTMC-reID/query\4331_c7_f0081089.jpg,4331,,False,True,,
D:\deep-person-reid\reid-data\dukemtmc-reid\DukeMTMC-reID/bounding_box_test\6338_c8_f0070507.jpg,6338,0.8023589849472046,,,,,,B,1900,D:\deep-person-reid\reid-data\dukemtmc-reid\DukeMTMC-reID/query\4331_c8_f0051594.jpg,4331,,False,False,,
D:\deep-person-reid\reid-data\dukemtmc-reid\DukeMTMC-reID/bounding_box_test\4807_c6_f0203121.jpg,4807,0.7998942732810974,,,,,,B,1901,D:\deep-person-reid\reid-data\dukemtmc-reid\DukeMTMC-reID/query\4332_c6_f0079921.jpg,4332,,False,False,,
D:\deep-person-reid\reid-data\dukemtmc-reid\DukeMTMC-reID/bounding_box_test\4489_c7_f0111602.jpg,4489,0.7652561664581299,,,,,,B,1902,D:\deep-person-reid\reid-data\dukemtmc-reid\DukeMTMC-reID/query\4332_c7_f0084451.jpg,4332,,False,False,,
D:\deep-person-reid\reid-data\dukemtmc-reid\DukeMTMC-reID/bounding_box_test\4366_c8_f0058115.jpg,4366,0.822147786617279,D:\deep-person-reid\reid-data\dukemtmc-reid\DukeMTMC-reID/bounding_box_test\4332_c7_f0084211.jpg,7,7,0.8027963638305664,-1.0,F,1903,D:\deep-person-reid\reid-data\dukemtmc-reid\DukeMTMC-reID/query\4332_c8_f0058046.jpg,4332,False,True,True,-0.019351422786712646,-1.0
D:\deep-person-reid\reid-data\dukemtmc-reid\DukeMTMC-reID/bounding_box_test\4315_c7_f0080881.jpg,4315,0.7862238883972168,,,,,,C,1905,D:\deep-person-reid\reid-data\dukemtmc-reid\DukeMTMC-reID/query\4334_c7_f0084070.jpg,4334,,False,True,,
D:\deep-person-reid\reid-data\dukemtmc-reid\DukeMTMC-reID/bounding_box_test\6779_c8_f0173602.jpg,6779,0.7917418479919434,,,,,,C,1906,D:\deep-person-reid\reid-data\dukemtmc-reid\DukeMTMC-reID/query\4334_c8_f0058160.jpg,4334,,False,True,,
D:\deep-person-reid\reid-data\dukemtmc-reid\DukeMTMC-reID/bounding_box_test\6369_c8_f0072800.jpg,6369,0.7968907356262207,,,,,,C,1909,D:\deep-person-reid\reid-data\dukemtmc-reid\DukeMTMC-reID/query\4335_c8_f0052639.jpg,4335,,False,True,,
D:\deep-person-reid\reid-data\dukemtmc-reid\DukeMTMC-reID/bounding_box_test\0414_c4_f0097022.jpg,414,0.8230435252189636,,,,,,C,1910,D:\deep-person-reid\reid-data\dukemtmc-reid\DukeMTMC-reID/query\4337_c6_f0080459.jpg,4337,,False,True,,
D:\deep-person-reid\reid-data\dukemtmc-reid\DukeMTMC-reID/bounding_box_test\6148_c8_f0049199.jpg,6148,0.8573819398880005,D:\deep-person-reid\reid-data\dukemtmc-reid\DukeMTMC-reID/bounding_box_test\4337_c6_f0080699.jpg,4,4,0.8386009931564331,1.0,F,1912,D:\deep-person-reid\reid-data\dukemtmc-reid\DukeMTMC-reID/query\4337_c8_f0053460.jpg,4337,False,True,True,-0.018780946731567383,1.0
D:\deep-person-reid\reid-data\dukemtmc-reid\DukeMTMC-reID/bounding_box_test\4060_c8_f0013037.jpg,4060,0.8332219123840332,D:\deep-person-reid\reid-data\dukemtmc-reid\DukeMTMC-reID/bounding_box_test\4341_c7_f0085232.jpg,6,7,0.8198264837265015,1.0,F,1915,D:\deep-person-reid\reid-data\dukemtmc-reid\DukeMTMC-reID/query\4341_c8_f0059160.jpg,4341,False,True,True,-0.013395428657531738,1.0
D:\deep-person-reid\reid-data\dukemtmc-reid\DukeMTMC-reID/bounding_box_test\4473_c7_f0105127.jpg,4473,0.7758405208587646,,,,,,B,1917,D:\deep-person-reid\reid-data\dukemtmc-reid\DukeMTMC-reID/query\4349_c7_f0087163.jpg,4349,,False,False,,
D:\deep-person-reid\reid-data\dukemtmc-reid\DukeMTMC-reID/bounding_box_test\0593_c8_f0111088.jpg,593,0.7830617427825928,,,,,,B,1918,D:\deep-person-reid\reid-data\dukemtmc-reid\DukeMTMC-reID/query\4349_c8_f0061399.jpg,4349,,False,False,,
D:\deep-person-reid\reid-data\dukemtmc-reid\DukeMTMC-reID/bounding_box_test\6393_c8_f0077916.jpg,6393,0.7884126901626587,,,,,,B,1919,D:\deep-person-reid\reid-data\dukemtmc-reid\DukeMTMC-reID/query\4356_c6_f0083678.jpg,4356,,False,False,,
D:\deep-person-reid\reid-data\dukemtmc-reid\DukeMTMC-reID/bounding_box_test\4511_c8_f0084515.jpg,4511,0.78643798828125,,,,,,C,1921,D:\deep-person-reid\reid-data\dukemtmc-reid\DukeMTMC-reID/query\4356_c8_f0062392.jpg,4356,,False,True,,
D:\deep-person-reid\reid-data\dukemtmc-reid\DukeMTMC-reID/bounding_box_test\5899_c8_f0016334.jpg,5899,0.7734312415122986,D:\deep-person-reid\reid-data\dukemtmc-reid\DukeMTMC-reID/bounding_box_test\4361_c6_f0085509.jpg,6,8,0.7538325190544128,0.0,F,1924,D:\deep-person-reid\reid-data\dukemtmc-reid\DukeMTMC-reID/query\4361_c8_f0056651.jpg,4361,False,True,True,-0.019598722457885742,1.0
D:\deep-person-reid\reid-data\dukemtmc-reid\DukeMTMC-reID/bounding_box_test\0109_c6_f0060062.jpg,109,0.8089072704315186,D:\deep-person-reid\reid-data\dukemtmc-reid\DukeMTMC-reID/bounding_box_test\4366_c7_f0087650.jpg,6,3,0.8046544790267944,0.5,F,1925,D:\deep-person-reid\reid-data\dukemtmc-reid\DukeMTMC-reID/query\4366_c6_f0085612.jpg,4366,False,True,True,-0.004252791404724121,-0.5
D:\deep-person-reid\reid-data\dukemtmc-reid\DukeMTMC-reID/bounding_box_test\4459_c7_f0106301.jpg,4459,0.8218610286712646,,,,,,B,1926,D:\deep-person-reid\reid-data\dukemtmc-reid\DukeMTMC-reID/query\4366_c7_f0087170.jpg,4366,,False,False,,
D:\deep-person-reid\reid-data\dukemtmc-reid\DukeMTMC-reID/bounding_box_test\4059_c6_f0034850.jpg,4059,0.7924450039863586,,,,,,B,1928,D:\deep-person-reid\reid-data\dukemtmc-reid\DukeMTMC-reID/query\4372_c6_f0085925.jpg,4372,,False,False,,
D:\deep-person-reid\reid-data\dukemtmc-reid\DukeMTMC-reID/bounding_box_test\4416_c8_f0066921.jpg,4416,0.7888615131378174,,,,,,B,1930,D:\deep-person-reid\reid-data\dukemtmc-reid\DukeMTMC-reID/query\4372_c8_f0059174.jpg,4372,,False,False,,
D:\deep-person-reid\reid-data\dukemtmc-reid\DukeMTMC-reID/bounding_box_test\4521_c6_f0116153.jpg,4521,0.8194220066070557,,,,,,B,1931,D:\deep-person-reid\reid-data\dukemtmc-reid\DukeMTMC-reID/query\4373_c6_f0086371.jpg,4373,,False,False,,
D:\deep-person-reid\reid-data\dukemtmc-reid\DukeMTMC-reID/bounding_box_test\4521_c7_f0118729.jpg,4521,0.8397694230079651,,,,,,C,1932,D:\deep-person-reid\reid-data\dukemtmc-reid\DukeMTMC-reID/query\4373_c7_f0088940.jpg,4373,,False,True,,
D:\deep-person-reid\reid-data\dukemtmc-reid\DukeMTMC-reID/bounding_box_test\0428_c8_f0075553.jpg,428,0.7786094546318054,,,,,,B,1933,D:\deep-person-reid\reid-data\dukemtmc-reid\DukeMTMC-reID/query\4373_c8_f0059359.jpg,4373,,False,False,,
D:\deep-person-reid\reid-data\dukemtmc-reid\DukeMTMC-reID/bounding_box_test\4057_c7_f0037847.jpg,4057,0.8026280403137207,D:\deep-person-reid\reid-data\dukemtmc-reid\DukeMTMC-reID/bounding_box_test\4374_c6_f0086329.jpg,2,2,0.7940694093704224,-0.5,F,1935,D:\deep-person-reid\reid-data\dukemtmc-reid\DukeMTMC-reID/query\4374_c7_f0093773.jpg,4374,False,True,True,-0.00855863094329834,-1.0
D:\deep-person-reid\reid-data\dukemtmc-reid\DukeMTMC-reID/bounding_box_test\0746_c1_f0188161.jpg,746,0.7466026544570923,D:\deep-person-reid\reid-data\dukemtmc-reid\DukeMTMC-reID/bounding_box_test\4380_c6_f0087069.jpg,3,4,0.7364978790283203,0.0,F,1938,D:\deep-person-reid\reid-data\dukemtmc-reid\DukeMTMC-reID/query\4380_c7_f0089246.jpg,4380,False,True,True,-0.010104775428771973,0.5
D:\deep-person-reid\reid-data\dukemtmc-reid\DukeMTMC-reID/bounding_box_test\6449_c8_f0083053.jpg,6449,0.7535521388053894,D:\deep-person-reid\reid-data\dukemtmc-reid\DukeMTMC-reID/bounding_box_test\4380_c7_f0089726.jpg,2,2,0.751692533493042,0.0,F,1939,D:\deep-person-reid\reid-data\dukemtmc-reid\DukeMTMC-reID/query\4380_c8_f0060124.jpg,4380,False,True,True,-0.0018596053123474121,0.0
D:\deep-person-reid\reid-data\dukemtmc-reid\DukeMTMC-reID/bounding_box_test\0299_c8_f0056626.jpg,299,0.7593794465065002,,,,,,B,1942,D:\deep-person-reid\reid-data\dukemtmc-reid\DukeMTMC-reID/query\4386_c8_f0060390.jpg,4386,,False,False,,
D:\deep-person-reid\reid-data\dukemtmc-reid\DukeMTMC-reID/bounding_box_test\2768_c3_f0199641.jpg,2768,0.7995193004608154,,,,,,B,1944,D:\deep-person-reid\reid-data\dukemtmc-reid\DukeMTMC-reID/query\4392_c7_f0094695.jpg,4392,,False,False,,
D:\deep-person-reid\reid-data\dukemtmc-reid\DukeMTMC-reID/bounding_box_test\6476_c8_f0082954.jpg,6476,0.9709336757659912,,,,,,B,1945,D:\deep-person-reid\reid-data\dukemtmc-reid\DukeMTMC-reID/query\4392_c8_f0082292.jpg,4392,,False,False,,
D:\deep-person-reid\reid-data\dukemtmc-reid\DukeMTMC-reID/bounding_box_test\4729_c7_f0172609.jpg,4729,0.8566969037055969,D:\deep-person-reid\reid-data\dukemtmc-reid\DukeMTMC-reID/bounding_box_test\4398_c6_f0089641.jpg,2,2,0.8435572385787964,0.0,F,1947,D:\deep-person-reid\reid-data\dukemtmc-reid\DukeMTMC-reID/query\4398_c7_f0094200.jpg,4398,False,True,True,-0.013139665126800537,0.0
D:\deep-person-reid\reid-data\dukemtmc-reid\DukeMTMC-reID/bounding_box_test\1366_c6_f0067353.jpg,1366,0.8029187917709351,D:\deep-person-reid\reid-data\dukemtmc-reid\DukeMTMC-reID/bounding_box_test\4398_c7_f0093720.jpg,7,5,0.789702832698822,0.0,F,1948,D:\deep-person-reid\reid-data\dukemtmc-reid\DukeMTMC-reID/query\4398_c8_f0067292.jpg,4398,False,True,True,-0.013215959072113037,0.0
D:\deep-person-reid\reid-data\dukemtmc-reid\DukeMTMC-reID/bounding_box_test\0409_c6_f0091215.jpg,409,0.8478034734725952,D:\deep-person-reid\reid-data\dukemtmc-reid\DukeMTMC-reID/bounding_box_test\4405_c7_f0092700.jpg,2,2,0.8294098377227783,1.0,F,1949,D:\deep-person-reid\reid-data\dukemtmc-reid\DukeMTMC-reID/query\4405_c6_f0090766.jpg,4405,False,True,True,-0.018393635749816895,1.0
D:\deep-person-reid\reid-data\dukemtmc-reid\DukeMTMC-reID/bounding_box_test\0409_c6_f0091215.jpg,409,0.7758578062057495,,,,,,C,1951,D:\deep-person-reid\reid-data\dukemtmc-reid\DukeMTMC-reID/query\4405_c8_f0063257.jpg,4405,,False,True,,
D:\deep-person-reid\reid-data\dukemtmc-reid\DukeMTMC-reID/bounding_box_test\4324_c6_f0077955.jpg,4324,0.8537731766700745,,,,,,C,1952,D:\deep-person-reid\reid-data\dukemtmc-reid\DukeMTMC-reID/query\4416_c6_f0094075.jpg,4416,,False,True,,
D:\deep-person-reid\reid-data\dukemtmc-reid\DukeMTMC-reID/bounding_box_test\4239_c7_f0069902.jpg,4239,0.8541933298110962,,,,,,C,1956,D:\deep-person-reid\reid-data\dukemtmc-reid\DukeMTMC-reID/query\4419_c7_f0093567.jpg,4419,,False,True,,
D:\deep-person-reid\reid-data\dukemtmc-reid\DukeMTMC-reID/bounding_box_test\4500_c8_f0081652.jpg,4500,0.7670223712921143,,,,,,C,1957,D:\deep-person-reid\reid-data\dukemtmc-reid\DukeMTMC-reID/query\4419_c8_f0064584.jpg,4419,,False,True,,
D:\deep-person-reid\reid-data\dukemtmc-reid\DukeMTMC-reID/bounding_box_test\6603_c8_f0119138.jpg,6603,0.8078471422195435,,,,,,C,1963,D:\deep-person-reid\reid-data\dukemtmc-reid\DukeMTMC-reID/query\4427_c8_f0073757.jpg,4427,,False,True,,
D:\deep-person-reid\reid-data\dukemtmc-reid\DukeMTMC-reID/bounding_box_test\4207_c6_f0062637.jpg,4207,0.7803636193275452,,,,,,B,1964,D:\deep-person-reid\reid-data\dukemtmc-reid\DukeMTMC-reID/query\4428_c6_f0095815.jpg,4428,,False,False,,
D:\deep-person-reid\reid-data\dukemtmc-reid\DukeMTMC-reID/bounding_box_test\4117_c7_f0048502.jpg,4117,0.8102693557739258,,,,,,B,1965,D:\deep-person-reid\reid-data\dukemtmc-reid\DukeMTMC-reID/query\4428_c7_f0097764.jpg,4428,,False,False,,
D:\deep-person-reid\reid-data\dukemtmc-reid\DukeMTMC-reID/bounding_box_test\0123_c4_f0045540.jpg,123,0.8289632797241211,,,,,,B,1966,D:\deep-person-reid\reid-data\dukemtmc-reid\DukeMTMC-reID/query\4428_c8_f0068557.jpg,4428,,False,False,,
D:\deep-person-reid\reid-data\dukemtmc-reid\DukeMTMC-reID/bounding_box_test\3335_c6_f0028396.jpg,3335,0.9176630973815918,,,,,,C,1967,D:\deep-person-reid\reid-data\dukemtmc-reid\DukeMTMC-reID/query\4433_c6_f0095945.jpg,4433,,False,True,,
D:\deep-person-reid\reid-data\dukemtmc-reid\DukeMTMC-reID/bounding_box_test\4480_c7_f0107107.jpg,4480,0.8796233534812927,D:\deep-person-reid\reid-data\dukemtmc-reid\DukeMTMC-reID/bounding_box_test\4433_c6_f0096305.jpg,4,4,0.8602568507194519,1.0,F,1968,D:\deep-person-reid\reid-data\dukemtmc-reid\DukeMTMC-reID/query\4433_c7_f0098425.jpg,4433,False,True,True,-0.01936650276184082,1.0
D:\deep-person-reid\reid-data\dukemtmc-reid\DukeMTMC-reID/bounding_box_test\4315_c6_f0076694.jpg,4315,0.8581275939941406,D:\deep-person-reid\reid-data\dukemtmc-reid\DukeMTMC-reID/bounding_box_test\4443_c7_f0100495.jpg,1,2,0.8432016968727112,-1.0,E,1970,D:\deep-person-reid\reid-data\dukemtmc-reid\DukeMTMC-reID/query\4443_c6_f0097972.jpg,4443,True,True,True,-0.014925897121429443,1.0
D:\deep-person-reid\reid-data\dukemtmc-reid\DukeMTMC-reID/bounding_box_test\0350_c8_f0063459.jpg,350,0.7904110550880432,,,,,,B,1972,D:\deep-person-reid\reid-data\dukemtmc-reid\DukeMTMC-reID/query\4443_c8_f0071084.jpg,4443,,False,False,,
D:\deep-person-reid\reid-data\dukemtmc-reid\DukeMTMC-reID/bounding_box_test\4605_c6_f0141638.jpg,4605,0.8545955419540405,,,,,,B,1973,D:\deep-person-reid\reid-data\dukemtmc-reid\DukeMTMC-reID/query\4447_c6_f0098362.jpg,4447,,False,False,,
D:\deep-person-reid\reid-data\dukemtmc-reid\DukeMTMC-reID/bounding_box_test\4459_c7_f0105221.jpg,4459,0.9047841429710388,,,,,,B,1974,D:\deep-person-reid\reid-data\dukemtmc-reid\DukeMTMC-reID/query\4447_c7_f0101279.jpg,4447,,False,False,,
D:\deep-person-reid\reid-data\dukemtmc-reid\DukeMTMC-reID/bounding_box_test\4309_c6_f0076034.jpg,4309,0.8440093398094177,,,,,,B,1975,D:\deep-person-reid\reid-data\dukemtmc-reid\DukeMTMC-reID/query\4447_c8_f0071581.jpg,4447,,False,False,,
D:\deep-person-reid\reid-data\dukemtmc-reid\DukeMTMC-reID/bounding_box_test\4719_c6_f0169116.jpg,4719,0.8402949571609497,D:\deep-person-reid\reid-data\dukemtmc-reid\DukeMTMC-reID/bounding_box_test\4449_c7_f0101294.jpg,3,3,0.8262321949005127,0.0,F,1976,D:\deep-person-reid\reid-data\dukemtmc-reid\DukeMTMC-reID/query\4449_c6_f0099329.jpg,4449,False,True,True,-0.014062762260437012,0.0
D:\deep-person-reid\reid-data\dukemtmc-reid\DukeMTMC-reID/bounding_box_test\2736_c6_f0159669.jpg,2736,0.8085930347442627,,,,,,B,1977,D:\deep-person-reid\reid-data\dukemtmc-reid\DukeMTMC-reID/query\4449_c7_f0101054.jpg,4449,,False,False,,
D:\deep-person-reid\reid-data\dukemtmc-reid\DukeMTMC-reID/bounding_box_test\4500_c8_f0081412.jpg,4500,0.8309541344642639,,,,,,C,1978,D:\deep-person-reid\reid-data\dukemtmc-reid\DukeMTMC-reID/query\4449_c8_f0072036.jpg,4449,,False,True,,
D:\deep-person-reid\reid-data\dukemtmc-reid\DukeMTMC-reID/bounding_box_test\4324_c7_f0080475.jpg,4324,0.889635443687439,,,,,,B,1980,D:\deep-person-reid\reid-data\dukemtmc-reid\DukeMTMC-reID/query\4459_c7_f0106181.jpg,4459,,False,False,,
D:\deep-person-reid\reid-data\dukemtmc-reid\DukeMTMC-reID/bounding_box_test\6094_c8_f0043166.jpg,6094,0.8687213659286499,,,,,,B,1981,D:\deep-person-reid\reid-data\dukemtmc-reid\DukeMTMC-reID/query\4459_c8_f0079508.jpg,4459,,False,False,,
D:\deep-person-reid\reid-data\dukemtmc-reid\DukeMTMC-reID/bounding_box_test\0694_c2_f0172601.jpg,694,0.7358449697494507,,,,,,C,1985,D:\deep-person-reid\reid-data\dukemtmc-reid\DukeMTMC-reID/query\4473_c6_f0103047.jpg,4473,,False,True,,
D:\deep-person-reid\reid-data\dukemtmc-reid\DukeMTMC-reID/bounding_box_test\4459_c7_f0105701.jpg,4459,0.8807249069213867,,,,,,C,1986,D:\deep-person-reid\reid-data\dukemtmc-reid\DukeMTMC-reID/query\4473_c7_f0105727.jpg,4473,,False,True,,
D:\deep-person-reid\reid-data\dukemtmc-reid\DukeMTMC-reID/bounding_box_test\4477_c6_f0104086.jpg,4477,0.8443166017532349,,,,,,B,1991,D:\deep-person-reid\reid-data\dukemtmc-reid\DukeMTMC-reID/query\4480_c6_f0104683.jpg,4480,,False,False,,
D:\deep-person-reid\reid-data\dukemtmc-reid\DukeMTMC-reID/bounding_box_test\0137_c7_f0068880.jpg,137,0.8983572125434875,D:\deep-person-reid\reid-data\dukemtmc-reid\DukeMTMC-reID/bounding_box_test\4480_c8_f0077668.jpg,2,2,0.884621262550354,1.0,F,1992,D:\deep-person-reid\reid-data\dukemtmc-reid\DukeMTMC-reID/query\4480_c7_f0106867.jpg,4480,False,True,True,-0.013735949993133545,1.0
D:\deep-person-reid\reid-data\dukemtmc-reid\DukeMTMC-reID/bounding_box_test\6365_c8_f0072882.jpg,6365,0.8721534013748169,D:\deep-person-reid\reid-data\dukemtmc-reid\DukeMTMC-reID/bounding_box_test\4480_c6_f0105163.jpg,3,3,0.8564850687980652,1.0,F,1993,D:\deep-person-reid\reid-data\dukemtmc-reid\DukeMTMC-reID/query\4480_c8_f0077788.jpg,4480,False,True,True,-0.01566833257675171,1.0
D:\deep-person-reid\reid-data\dukemtmc-reid\DukeMTMC-reID/bounding_box_test\0828_c6_f0189670.jpg,828,0.8095592260360718,,,,,,C,1994,D:\deep-person-reid\reid-data\dukemtmc-reid\DukeMTMC-reID/query\4483_c6_f0105768.jpg,4483,,False,True,,
D:\deep-person-reid\reid-data\dukemtmc-reid\DukeMTMC-reID/bounding_box_test\4057_c7_f0037367.jpg,4057,0.8479326367378235,,,,,,C,1995,D:\deep-person-reid\reid-data\dukemtmc-reid\DukeMTMC-reID/query\4483_c7_f0109900.jpg,4483,,False,True,,
D:\deep-person-reid\reid-data\dukemtmc-reid\DukeMTMC-reID/bounding_box_test\6639_c8_f0128743.jpg,6639,0.791923999786377,,,,,,C,1996,D:\deep-person-reid\reid-data\dukemtmc-reid\DukeMTMC-reID/query\4483_c8_f0083869.jpg,4483,,False,True,,
D:\deep-person-reid\reid-data\dukemtmc-reid\DukeMTMC-reID/bounding_box_test\4503_c7_f0111539.jpg,4503,0.809310793876648,,,,,,C,1998,D:\deep-person-reid\reid-data\dukemtmc-reid\DukeMTMC-reID/query\4489_c7_f0111482.jpg,4489,,False,True,,
D:\deep-person-reid\reid-data\dukemtmc-reid\DukeMTMC-reID/bounding_box_test\0506_c8_f0086795.jpg,506,0.780279278755188,,,,,,B,1999,D:\deep-person-reid\reid-data\dukemtmc-reid\DukeMTMC-reID/query\4489_c8_f0084876.jpg,4489,,False,False,,
D:\deep-person-reid\reid-data\dukemtmc-reid\DukeMTMC-reID/bounding_box_test\4521_c6_f0115913.jpg,4521,0.7812218070030212,D:\deep-person-reid\reid-data\dukemtmc-reid\DukeMTMC-reID/bounding_box_test\4494_c7_f0110305.jpg,1,6,0.7704986333847046,0.0,E,2000,D:\deep-person-reid\reid-data\dukemtmc-reid\DukeMTMC-reID/query\4494_c6_f0107868.jpg,4494,True,True,True,-0.01072317361831665,1.0
D:\deep-person-reid\reid-data\dukemtmc-reid\DukeMTMC-reID/bounding_box_test\0329_c7_f0088063.jpg,329,0.841320276260376,D:\deep-person-reid\reid-data\dukemtmc-reid\DukeMTMC-reID/bounding_box_test\4494_c6_f0108348.jpg,7,5,0.829203724861145,0.0,F,2001,D:\deep-person-reid\reid-data\dukemtmc-reid\DukeMTMC-reID/query\4494_c7_f0110425.jpg,4494,False,True,True,-0.012116551399230957,-1.0
D:\deep-person-reid\reid-data\dukemtmc-reid\DukeMTMC-reID/bounding_box_test\0840_c7_f0198957.jpg,840,0.7625511288642883,,,,,,B,2002,D:\deep-person-reid\reid-data\dukemtmc-reid\DukeMTMC-reID/query\4494_c8_f0081225.jpg,4494,,False,False,,
D:\deep-person-reid\reid-data\dukemtmc-reid\DukeMTMC-reID/bounding_box_test\0429_c2_f0119061.jpg,429,0.7900329828262329,,,,,,B,2003,D:\deep-person-reid\reid-data\dukemtmc-reid\DukeMTMC-reID/query\4500_c6_f0109869.jpg,4500,,False,False,,
D:\deep-person-reid\reid-data\dukemtmc-reid\DukeMTMC-reID/bounding_box_test\0244_c7_f0078315.jpg,244,0.7611852884292603,,,,,,B,2004,D:\deep-person-reid\reid-data\dukemtmc-reid\DukeMTMC-reID/query\4500_c7_f0111171.jpg,4500,,False,False,,
D:\deep-person-reid\reid-data\dukemtmc-reid\DukeMTMC-reID/bounding_box_test\6672_c8_f0137021.jpg,6672,0.8010784387588501,,,,,,B,2005,D:\deep-person-reid\reid-data\dukemtmc-reid\DukeMTMC-reID/query\4500_c8_f0081052.jpg,4500,,False,False,,
D:\deep-person-reid\reid-data\dukemtmc-reid\DukeMTMC-reID/bounding_box_test\0469_c6_f0113972.jpg,469,0.836168110370636,,,,,,B,2006,D:\deep-person-reid\reid-data\dukemtmc-reid\DukeMTMC-reID/query\4503_c6_f0109212.jpg,4503,,False,False,,
D:\deep-person-reid\reid-data\dukemtmc-reid\DukeMTMC-reID/bounding_box_test\0023_c2_f0056823.jpg,23,0.8799179196357727,,,,,,B,2009,D:\deep-person-reid\reid-data\dukemtmc-reid\DukeMTMC-reID/query\4504_c6_f0109412.jpg,4504,,False,False,,
D:\deep-person-reid\reid-data\dukemtmc-reid\DukeMTMC-reID/bounding_box_test\4727_c7_f0172494.jpg,4727,0.7712715268135071,,,,,,B,2010,D:\deep-person-reid\reid-data\dukemtmc-reid\DukeMTMC-reID/query\4504_c7_f0111393.jpg,4504,,False,False,,
D:\deep-person-reid\reid-data\dukemtmc-reid\DukeMTMC-reID/bounding_box_test\4727_c8_f0143248.jpg,4727,0.7805100679397583,,,,,,B,2011,D:\deep-person-reid\reid-data\dukemtmc-reid\DukeMTMC-reID/query\4504_c8_f0081886.jpg,4504,,False,False,,
D:\deep-person-reid\reid-data\dukemtmc-reid\DukeMTMC-reID/bounding_box_test\4366_c7_f0087290.jpg,4366,0.857021689414978,,,,,,B,2016,D:\deep-person-reid\reid-data\dukemtmc-reid\DukeMTMC-reID/query\4510_c7_f0116190.jpg,4510,,False,False,,
D:\deep-person-reid\reid-data\dukemtmc-reid\DukeMTMC-reID/bounding_box_test\4477_c8_f0081960.jpg,4477,0.7931430339813232,,,,,,B,2017,D:\deep-person-reid\reid-data\dukemtmc-reid\DukeMTMC-reID/query\4510_c8_f0089683.jpg,4510,,False,False,,
D:\deep-person-reid\reid-data\dukemtmc-reid\DukeMTMC-reID/bounding_box_test\4070_c8_f0015689.jpg,4070,0.7703503370285034,,,,,,B,2020,D:\deep-person-reid\reid-data\dukemtmc-reid\DukeMTMC-reID/query\4511_c8_f0084635.jpg,4511,,False,False,,
D:\deep-person-reid\reid-data\dukemtmc-reid\DukeMTMC-reID/bounding_box_test\4329_c6_f0078297.jpg,4329,0.8286703824996948,,,,,,B,2021,D:\deep-person-reid\reid-data\dukemtmc-reid\DukeMTMC-reID/query\4514_c6_f0113058.jpg,4514,,False,False,,
D:\deep-person-reid\reid-data\dukemtmc-reid\DukeMTMC-reID/bounding_box_test\4284_c8_f0052516.jpg,4284,0.8284511566162109,,,,,,B,2023,D:\deep-person-reid\reid-data\dukemtmc-reid\DukeMTMC-reID/query\4514_c8_f0086403.jpg,4514,,False,False,,
D:\deep-person-reid\reid-data\dukemtmc-reid\DukeMTMC-reID/bounding_box_test\6070_c8_f0039995.jpg,6070,0.7966806888580322,,,,,,B,2026,D:\deep-person-reid\reid-data\dukemtmc-reid\DukeMTMC-reID/query\4519_c8_f0088643.jpg,4519,,False,False,,
D:\deep-person-reid\reid-data\dukemtmc-reid\DukeMTMC-reID/bounding_box_test\4230_c6_f0066455.jpg,4230,0.8087134957313538,,,,,,C,2029,D:\deep-person-reid\reid-data\dukemtmc-reid\DukeMTMC-reID/query\4521_c8_f0089230.jpg,4521,,False,True,,
D:\deep-person-reid\reid-data\dukemtmc-reid\DukeMTMC-reID/bounding_box_test\4374_c6_f0088969.jpg,4374,0.7749215960502625,,,,,,C,2030,D:\deep-person-reid\reid-data\dukemtmc-reid\DukeMTMC-reID/query\4540_c6_f0120241.jpg,4540,,False,True,,
D:\deep-person-reid\reid-data\dukemtmc-reid\DukeMTMC-reID/bounding_box_test\4594_c7_f0141793.jpg,4594,0.8722134828567505,,,,,,C,2031,D:\deep-person-reid\reid-data\dukemtmc-reid\DukeMTMC-reID/query\4540_c7_f0122587.jpg,4540,,False,True,,
D:\deep-person-reid\reid-data\dukemtmc-reid\DukeMTMC-reID/bounding_box_test\6199_c8_f0052959.jpg,6199,0.8124414682388306,,,,,,C,2032,D:\deep-person-reid\reid-data\dukemtmc-reid\DukeMTMC-reID/query\4540_c8_f0092912.jpg,4540,,False,True,,
D:\deep-person-reid\reid-data\dukemtmc-reid\DukeMTMC-reID/bounding_box_test\4547_c6_f0121427.jpg,4547,0.8421459197998047,,,,,,B,2033,D:\deep-person-reid\reid-data\dukemtmc-reid\DukeMTMC-reID/query\4541_c6_f0121186.jpg,4541,,False,False,,
D:\deep-person-reid\reid-data\dukemtmc-reid\DukeMTMC-reID/bounding_box_test\6122_c8_f0047846.jpg,6122,0.79180908203125,,,,,,B,2035,D:\deep-person-reid\reid-data\dukemtmc-reid\DukeMTMC-reID/query\4541_c8_f0099545.jpg,4541,,False,False,,
D:\deep-person-reid\reid-data\dukemtmc-reid\DukeMTMC-reID/bounding_box_test\6103_c8_f0044575.jpg,6103,0.7996646761894226,D:\deep-person-reid\reid-data\dukemtmc-reid\DukeMTMC-reID/bounding_box_test\4547_c7_f0123773.jpg,4,4,0.7815672755241394,-1.0,F,2038,D:\deep-person-reid\reid-data\dukemtmc-reid\DukeMTMC-reID/query\4547_c8_f0094365.jpg,4547,False,True,True,-0.018097400665283203,-1.0
D:\deep-person-reid\reid-data\dukemtmc-reid\DukeMTMC-reID/bounding_box_test\6191_c8_f0053063.jpg,6191,0.8513408899307251,,,,,,B,2041,D:\deep-person-reid\reid-data\dukemtmc-reid\DukeMTMC-reID/query\4550_c8_f0096776.jpg,4550,,False,False,,
D:\deep-person-reid\reid-data\dukemtmc-reid\DukeMTMC-reID/bounding_box_test\0509_c3_f0106757.jpg,509,0.8205928802490234,,,,,,C,2042,D:\deep-person-reid\reid-data\dukemtmc-reid\DukeMTMC-reID/query\4558_c6_f0127818.jpg,4558,,False,True,,
D:\deep-person-reid\reid-data\dukemtmc-reid\DukeMTMC-reID/bounding_box_test\2736_c6_f0156549.jpg,2736,0.7701166272163391,D:\deep-person-reid\reid-data\dukemtmc-reid\DukeMTMC-reID/bounding_box_test\4558_c6_f0128058.jpg,9,4,0.7582581639289856,0.0,F,2043,D:\deep-person-reid\reid-data\dukemtmc-reid\DukeMTMC-reID/query\4558_c7_f0130102.jpg,4558,False,True,True,-0.011858463287353516,-1.0
D:\deep-person-reid\reid-data\dukemtmc-reid\DukeMTMC-reID/bounding_box_test\6287_c8_f0064563.jpg,6287,0.7902637720108032,,,,,,C,2044,D:\deep-person-reid\reid-data\dukemtmc-reid\DukeMTMC-reID/query\4558_c8_f0100288.jpg,4558,,False,True,,
D:\deep-person-reid\reid-data\dukemtmc-reid\DukeMTMC-reID/bounding_box_test\3335_c6_f0028276.jpg,3335,0.8703853487968445,,,,,,B,2047,D:\deep-person-reid\reid-data\dukemtmc-reid\DukeMTMC-reID/query\4560_c8_f0101842.jpg,4560,,False,False,,
D:\deep-person-reid\reid-data\dukemtmc-reid\DukeMTMC-reID/bounding_box_test\4116_c6_f0046545.jpg,4116,0.840614914894104,D:\deep-person-reid\reid-data\dukemtmc-reid\DukeMTMC-reID/bounding_box_test\4563_c7_f0132167.jpg,5,3,0.8336169719696045,-0.5,F,2048,D:\deep-person-reid\reid-data\dukemtmc-reid\DukeMTMC-reID/query\4563_c6_f0129361.jpg,4563,False,True,True,-0.006997942924499512,-0.5
D:\deep-person-reid\reid-data\dukemtmc-reid\DukeMTMC-reID/bounding_box_test\4116_c7_f0050998.jpg,4116,0.8460191488265991,D:\deep-person-reid\reid-data\dukemtmc-reid\DukeMTMC-reID/bounding_box_test\4563_c6_f0129841.jpg,2,2,0.8376133441925049,0.0,F,2049,D:\deep-person-reid\reid-data\dukemtmc-reid\DukeMTMC-reID/query\4563_c7_f0131927.jpg,4563,False,True,True,-0.008405804634094238,0.0
D:\deep-person-reid\reid-data\dukemtmc-reid\DukeMTMC-reID/bounding_box_test\0705_c5_f0184481.jpg,705,0.8161216974258423,,,,,,C,2050,D:\deep-person-reid\reid-data\dukemtmc-reid\DukeMTMC-reID/query\4563_c8_f0102832.jpg,4563,,False,True,,
D:\deep-person-reid\reid-data\dukemtmc-reid\DukeMTMC-reID/bounding_box_test\0197_c8_f0052954.jpg,197,0.8306902647018433,,,,,,C,2053,D:\deep-person-reid\reid-data\dukemtmc-reid\DukeMTMC-reID/query\4568_c8_f0104141.jpg,4568,,False,True,,
D:\deep-person-reid\reid-data\dukemtmc-reid\DukeMTMC-reID/bounding_box_test\4572_c6_f0132534.jpg,4572,0.8420467376708984,,,,,,B,2058,D:\deep-person-reid\reid-data\dukemtmc-reid\DukeMTMC-reID/query\4573_c7_f0134670.jpg,4573,,False,False,,
D:\deep-person-reid\reid-data\dukemtmc-reid\DukeMTMC-reID/bounding_box_test\6189_c8_f0052601.jpg,6189,0.7530469298362732,,,,,,B,2059,D:\deep-person-reid\reid-data\dukemtmc-reid\DukeMTMC-reID/query\4573_c8_f0104885.jpg,4573,,False,False,,
D:\deep-person-reid\reid-data\dukemtmc-reid\DukeMTMC-reID/bounding_box_test\6094_c8_f0042686.jpg,6094,0.8158109188079834,D:\deep-person-reid\reid-data\dukemtmc-reid\DukeMTMC-reID/bounding_box_test\4580_c6_f0134630.jpg,2,2,0.8114804029464722,0.5,F,2062,D:\deep-person-reid\reid-data\dukemtmc-reid\DukeMTMC-reID/query\4580_c8_f0107471.jpg,4580,False,True,True,-0.0043305158615112305,0.5
D:\deep-person-reid\reid-data\dukemtmc-reid\DukeMTMC-reID/bounding_box_test\0197_c7_f0079077.jpg,197,0.812820553779602,,,,,,C,2064,D:\deep-person-reid\reid-data\dukemtmc-reid\DukeMTMC-reID/query\4582_c7_f0137886.jpg,4582,,False,True,,
D:\deep-person-reid\reid-data\dukemtmc-reid\DukeMTMC-reID/bounding_box_test\0111_c8_f0028550.jpg,111,0.8010557889938354,,,,,,B,2065,D:\deep-person-reid\reid-data\dukemtmc-reid\DukeMTMC-reID/query\4582_c8_f0108287.jpg,4582,,False,False,,
D:\deep-person-reid\reid-data\dukemtmc-reid\DukeMTMC-reID/bounding_box_test\0738_c5_f0182195.jpg,738,0.8417174816131592,,,,,,B,2066,D:\deep-person-reid\reid-data\dukemtmc-reid\DukeMTMC-reID/query\4587_c6_f0136640.jpg,4587,,False,False,,
D:\deep-person-reid\reid-data\dukemtmc-reid\DukeMTMC-reID/bounding_box_test\1635_c4_f0090441.jpg,1635,0.8197867274284363,,,,,,C,2068,D:\deep-person-reid\reid-data\dukemtmc-reid\DukeMTMC-reID/query\4587_c8_f0110138.jpg,4587,,False,True,,
D:\deep-person-reid\reid-data\dukemtmc-reid\DukeMTMC-reID/bounding_box_test\4540_c6_f0120361.jpg,4540,0.7644900679588318,,,,,,C,2069,D:\deep-person-reid\reid-data\dukemtmc-reid\DukeMTMC-reID/query\4594_c6_f0139332.jpg,4594,,False,True,,
D:\deep-person-reid\reid-data\dukemtmc-reid\DukeMTMC-reID/bounding_box_test\0170_c3_f0066849.jpg,170,0.7387955188751221,D:\deep-person-reid\reid-data\dukemtmc-reid\DukeMTMC-reID/bounding_box_test\4594_c6_f0140052.jpg,3,3,0.7240067720413208,0.0,F,2070,D:\deep-person-reid\reid-data\dukemtmc-reid\DukeMTMC-reID/query\4594_c7_f0142273.jpg,4594,False,True,True,-0.01478874683380127,-1.0
D:\deep-person-reid\reid-data\dukemtmc-reid\DukeMTMC-reID/bounding_box_test\6725_c8_f0151547.jpg,6725,0.8149071335792542,,,,,,B,2071,D:\deep-person-reid\reid-data\dukemtmc-reid\DukeMTMC-reID/query\4594_c8_f0112853.jpg,4594,,False,False,,
D:\deep-person-reid\reid-data\dukemtmc-reid\DukeMTMC-reID/bounding_box_test\4169_c8_f0036041.jpg,4169,0.7830429077148438,,,,,,C,2074,D:\deep-person-reid\reid-data\dukemtmc-reid\DukeMTMC-reID/query\4596_c8_f0112894.jpg,4596,,False,True,,
D:\deep-person-reid\reid-data\dukemtmc-reid\DukeMTMC-reID/bounding_box_test\4622_c7_f0146619.jpg,4622,0.8861965537071228,,,,,,C,2076,D:\deep-person-reid\reid-data\dukemtmc-reid\DukeMTMC-reID/query\4605_c7_f0144300.jpg,4605,,False,True,,
D:\deep-person-reid\reid-data\dukemtmc-reid\DukeMTMC-reID/bounding_box_test\5911_c8_f0018756.jpg,5911,0.8392265439033508,,,,,,B,2077,D:\deep-person-reid\reid-data\dukemtmc-reid\DukeMTMC-reID/query\4605_c8_f0114352.jpg,4605,,False,False,,
D:\deep-person-reid\reid-data\dukemtmc-reid\DukeMTMC-reID/bounding_box_test\6500_c8_f0095182.jpg,6500,0.849463701248169,,,,,,C,2080,D:\deep-person-reid\reid-data\dukemtmc-reid\DukeMTMC-reID/query\4613_c8_f0116095.jpg,4613,,False,True,,
D:\deep-person-reid\reid-data\dukemtmc-reid\DukeMTMC-reID/bounding_box_test\2495_c6_f0075758.jpg,2495,0.8522616624832153,D:\deep-person-reid\reid-data\dukemtmc-reid\DukeMTMC-reID/bounding_box_test\4622_c7_f0146739.jpg,5,3,0.8348879814147949,1.0,F,2081,D:\deep-person-reid\reid-data\dukemtmc-reid\DukeMTMC-reID/query\4622_c6_f0144214.jpg,4622,False,True,True,-0.01737368106842041,0.0
D:\deep-person-reid\reid-data\dukemtmc-reid\DukeMTMC-reID/bounding_box_test\4605_c7_f0143940.jpg,4605,0.8755913972854614,D:\deep-person-reid\reid-data\dukemtmc-reid\DukeMTMC-reID/bounding_box_test\4622_c6_f0144454.jpg,2,3,0.8705335855484009,1.0,F,2082,D:\deep-person-reid\reid-data\dukemtmc-reid\DukeMTMC-reID/query\4622_c7_f0146259.jpg,4622,False,True,True,-0.005057811737060547,1.0
D:\deep-person-reid\reid-data\dukemtmc-reid\DukeMTMC-reID/bounding_box_test\4605_c8_f0114472.jpg,4605,0.8463009595870972,D:\deep-person-reid\reid-data\dukemtmc-reid\DukeMTMC-reID/bounding_box_test\4622_c6_f0144334.jpg,2,2,0.8284675478935242,1.0,F,2083,D:\deep-person-reid\reid-data\dukemtmc-reid\DukeMTMC-reID/query\4622_c8_f0116707.jpg,4622,False,True,True,-0.017833411693572998,1.0
D:\deep-person-reid\reid-data\dukemtmc-reid\DukeMTMC-reID/bounding_box_test\0849_c6_f0195852.jpg,849,0.8363044261932373,,,,,,C,2084,D:\deep-person-reid\reid-data\dukemtmc-reid\DukeMTMC-reID/query\4632_c6_f0145714.jpg,4632,,False,True,,
D:\deep-person-reid\reid-data\dukemtmc-reid\DukeMTMC-reID/bounding_box_test\4247_c7_f0074061.jpg,4247,0.7841216921806335,D:\deep-person-reid\reid-data\dukemtmc-reid\DukeMTMC-reID/bounding_box_test\4632_c6_f0146554.jpg,7,4,0.7735031843185425,-0.5,F,2085,D:\deep-person-reid\reid-data\dukemtmc-reid\DukeMTMC-reID/query\4632_c7_f0151142.jpg,4632,False,True,True,-0.010618507862091064,-1.0
D:\deep-person-reid\reid-data\dukemtmc-reid\DukeMTMC-reID/bounding_box_test\4743_c8_f0149255.jpg,4743,0.8066304922103882,,,,,,B,2086,D:\deep-person-reid\reid-data\dukemtmc-reid\DukeMTMC-reID/query\4632_c8_f0124592.jpg,4632,,False,False,,
D:\deep-person-reid\reid-data\dukemtmc-reid\DukeMTMC-reID/bounding_box_test\3763_c7_f0187365.jpg,3763,0.7474716901779175,D:\deep-person-reid\reid-data\dukemtmc-reid\DukeMTMC-reID/bounding_box_test\4633_c7_f0148354.jpg,3,2,0.7396420240402222,-1.0,F,2087,D:\deep-person-reid\reid-data\dukemtmc-reid\DukeMTMC-reID/query\4633_c6_f0146080.jpg,4633,False,True,True,-0.007829666137695312,-1.0
D:\deep-person-reid\reid-data\dukemtmc-reid\DukeMTMC-reID/bounding_box_test\4114_c8_f0024000.jpg,4114,0.8282405138015747,,,,,,B,2089,D:\deep-person-reid\reid-data\dukemtmc-reid\DukeMTMC-reID/query\4633_c8_f0119378.jpg,4633,,False,False,,
D:\deep-person-reid\reid-data\dukemtmc-reid\DukeMTMC-reID/bounding_box_test\4116_c7_f0050878.jpg,4116,0.8583200573921204,D:\deep-person-reid\reid-data\dukemtmc-reid\DukeMTMC-reID/bounding_box_test\4634_c6_f0146637.jpg,3,3,0.8561094999313354,1.0,F,2091,D:\deep-person-reid\reid-data\dukemtmc-reid\DukeMTMC-reID/query\4634_c7_f0148554.jpg,4634,False,True,True,-0.002210557460784912,0.0
D:\deep-person-reid\reid-data\dukemtmc-reid\DukeMTMC-reID/bounding_box_test\1480_c8_f0056901.jpg,1480,0.814126193523407,,,,,,B,2092,D:\deep-person-reid\reid-data\dukemtmc-reid\DukeMTMC-reID/query\4634_c8_f0119214.jpg,4634,,False,False,,
D:\deep-person-reid\reid-data\dukemtmc-reid\DukeMTMC-reID/bounding_box_test\6084_c8_f0042272.jpg,6084,0.8252053260803223,,,,,,B,2095,D:\deep-person-reid\reid-data\dukemtmc-reid\DukeMTMC-reID/query\4639_c8_f0119767.jpg,4639,,False,False,,
D:\deep-person-reid\reid-data\dukemtmc-reid\DukeMTMC-reID/bounding_box_test\4639_c6_f0146504.jpg,4639,0.8073635101318359,,,,,,B,2096,D:\deep-person-reid\reid-data\dukemtmc-reid\DukeMTMC-reID/query\4640_c6_f0146557.jpg,4640,,False,False,,
D:\deep-person-reid\reid-data\dukemtmc-reid\DukeMTMC-reID/bounding_box_test\4324_c8_f0051645.jpg,4324,0.7870674729347229,,,,,,B,2098,D:\deep-person-reid\reid-data\dukemtmc-reid\DukeMTMC-reID/query\4640_c8_f0119838.jpg,4640,,False,False,,
D:\deep-person-reid\reid-data\dukemtmc-reid\DukeMTMC-reID/bounding_box_test\0303_c2_f0104545.jpg,303,0.8354277610778809,,,,,,B,2099,D:\deep-person-reid\reid-data\dukemtmc-reid\DukeMTMC-reID/query\4646_c6_f0148110.jpg,4646,,False,False,,
D:\deep-person-reid\reid-data\dukemtmc-reid\DukeMTMC-reID/bounding_box_test\0346_c7_f0088927.jpg,346,0.824855387210846,D:\deep-person-reid\reid-data\dukemtmc-reid\DukeMTMC-reID/bounding_box_test\4646_c6_f0148830.jpg,1,3,0.8091280460357666,-1.0,E,2100,D:\deep-person-reid\reid-data\dukemtmc-reid\DukeMTMC-reID/query\4646_c7_f0149978.jpg,4646,True,True,True,-0.015727341175079346,1.0
D:\deep-person-reid\reid-data\dukemtmc-reid\DukeMTMC-reID/bounding_box_test\6499_c8_f0095049.jpg,6499,0.8377447128295898,,,,,,C,2101,D:\deep-person-reid\reid-data\dukemtmc-reid\DukeMTMC-reID/query\4647_c6_f0148026.jpg,4647,,False,True,,
D:\deep-person-reid\reid-data\dukemtmc-reid\DukeMTMC-reID/bounding_box_test\4809_c6_f0204460.jpg,4809,0.8404287099838257,,,,,,B,2103,D:\deep-person-reid\reid-data\dukemtmc-reid\DukeMTMC-reID/query\4654_c6_f0150814.jpg,4654,,False,False,,
D:\deep-person-reid\reid-data\dukemtmc-reid\DukeMTMC-reID/bounding_box_test\0555_c3_f0121943.jpg,555,0.8530428409576416,,,,,,C,2104,D:\deep-person-reid\reid-data\dukemtmc-reid\DukeMTMC-reID/query\4654_c7_f0155249.jpg,4654,,False,True,,
D:\deep-person-reid\reid-data\dukemtmc-reid\DukeMTMC-reID/bounding_box_test\6328_c8_f0069188.jpg,6328,0.7941365838050842,,,,,,B,2107,D:\deep-person-reid\reid-data\dukemtmc-reid\DukeMTMC-reID/query\4672_c8_f0127633.jpg,4672,,False,False,,
D:\deep-person-reid\reid-data\dukemtmc-reid\DukeMTMC-reID/bounding_box_test\4177_c8_f0030268.jpg,4177,0.8400211334228516,,,,,,B,2110,D:\deep-person-reid\reid-data\dukemtmc-reid\DukeMTMC-reID/query\4681_c8_f0128981.jpg,4681,,False,False,,
D:\deep-person-reid\reid-data\dukemtmc-reid\DukeMTMC-reID/bounding_box_test\4356_c7_f0088703.jpg,4356,0.8023578524589539,,,,,,B,2112,D:\deep-person-reid\reid-data\dukemtmc-reid\DukeMTMC-reID/query\4693_c7_f0162772.jpg,4693,,False,False,,
D:\deep-person-reid\reid-data\dukemtmc-reid\DukeMTMC-reID/bounding_box_test\6103_c8_f0044575.jpg,6103,0.7896252870559692,,,,,,B,2113,D:\deep-person-reid\reid-data\dukemtmc-reid\DukeMTMC-reID/query\4693_c8_f0136356.jpg,4693,,False,False,,
D:\deep-person-reid\reid-data\dukemtmc-reid\DukeMTMC-reID/bounding_box_test\0272_c3_f0079285.jpg,272,0.7702708840370178,,,,,,C,2115,D:\deep-person-reid\reid-data\dukemtmc-reid\DukeMTMC-reID/query\4695_c7_f0160698.jpg,4695,,False,True,,
D:\deep-person-reid\reid-data\dukemtmc-reid\DukeMTMC-reID/bounding_box_test\0535_c8_f0093708.jpg,535,0.8123759031295776,,,,,,B,2116,D:\deep-person-reid\reid-data\dukemtmc-reid\DukeMTMC-reID/query\4695_c8_f0131626.jpg,4695,,False,False,,
D:\deep-person-reid\reid-data\dukemtmc-reid\DukeMTMC-reID/bounding_box_test\0733_c6_f0161951.jpg,733,0.826859712600708,,,,,,C,2117,D:\deep-person-reid\reid-data\dukemtmc-reid\DukeMTMC-reID/query\4699_c6_f0161965.jpg,4699,,False,True,,
D:\deep-person-reid\reid-data\dukemtmc-reid\DukeMTMC-reID/bounding_box_test\6616_c8_f0121030.jpg,6616,0.7879382967948914,,,,,,C,2119,D:\deep-person-reid\reid-data\dukemtmc-reid\DukeMTMC-reID/query\4699_c8_f0134789.jpg,4699,,False,True,,
D:\deep-person-reid\reid-data\dukemtmc-reid\DukeMTMC-reID/bounding_box_test\4121_c6_f0048027.jpg,4121,0.8571954369544983,,,,,,B,2120,D:\deep-person-reid\reid-data\dukemtmc-reid\DukeMTMC-reID/query\4708_c6_f0165682.jpg,4708,,False,False,,
D:\deep-person-reid\reid-data\dukemtmc-reid\DukeMTMC-reID/bounding_box_test\6758_c8_f0162691.jpg,6758,0.8567805290222168,,,,,,B,2122,D:\deep-person-reid\reid-data\dukemtmc-reid\DukeMTMC-reID/query\4708_c8_f0138965.jpg,4708,,False,False,,
D:\deep-person-reid\reid-data\dukemtmc-reid\DukeMTMC-reID/bounding_box_test\0812_c6_f0184713.jpg,812,0.8194814920425415,,,,,,C,2123,D:\deep-person-reid\reid-data\dukemtmc-reid\DukeMTMC-reID/query\4713_c6_f0165965.jpg,4713,,False,True,,
D:\deep-person-reid\reid-data\dukemtmc-reid\DukeMTMC-reID/bounding_box_test\4693_c8_f0136116.jpg,4693,0.9020429849624634,,,,,,B,2125,D:\deep-person-reid\reid-data\dukemtmc-reid\DukeMTMC-reID/query\4713_c8_f0144266.jpg,4713,,False,False,,
D:\deep-person-reid\reid-data\dukemtmc-reid\DukeMTMC-reID/bounding_box_test\4449_c6_f0098849.jpg,4449,0.8760397434234619,,,,,,C,2129,D:\deep-person-reid\reid-data\dukemtmc-reid\DukeMTMC-reID/query\4719_c6_f0168876.jpg,4719,,False,True,,
D:\deep-person-reid\reid-data\dukemtmc-reid\DukeMTMC-reID/bounding_box_test\4449_c7_f0101294.jpg,4449,0.8011173009872437,,,,,,B,2130,D:\deep-person-reid\reid-data\dukemtmc-reid\DukeMTMC-reID/query\4719_c7_f0171037.jpg,4719,,False,False,,
D:\deep-person-reid\reid-data\dukemtmc-reid\DukeMTMC-reID/bounding_box_test\4315_c8_f0054846.jpg,4315,0.858092188835144,,,,,,B,2131,D:\deep-person-reid\reid-data\dukemtmc-reid\DukeMTMC-reID/query\4719_c8_f0142081.jpg,4719,,False,False,,
D:\deep-person-reid\reid-data\dukemtmc-reid\DukeMTMC-reID/bounding_box_test\4227_c8_f0038528.jpg,4227,0.7827759981155396,D:\deep-person-reid\reid-data\dukemtmc-reid\DukeMTMC-reID/bounding_box_test\4723_c6_f0170561.jpg,2,2,0.7647792100906372,0.0,F,2134,D:\deep-person-reid\reid-data\dukemtmc-reid\DukeMTMC-reID/query\4723_c8_f0141954.jpg,4723,False,True,True,-0.017996788024902344,-0.5
D:\deep-person-reid\reid-data\dukemtmc-reid\DukeMTMC-reID/bounding_box_test\0244_c7_f0078315.jpg,244,0.7391617298126221,,,,,,C,2136,D:\deep-person-reid\reid-data\dukemtmc-reid\DukeMTMC-reID/query\4725_c7_f0172593.jpg,4725,,False,True,,
D:\deep-person-reid\reid-data\dukemtmc-reid\DukeMTMC-reID/bounding_box_test\0750_c6_f0179279.jpg,750,0.8650462627410889,,,,,,C,2138,D:\deep-person-reid\reid-data\dukemtmc-reid\DukeMTMC-reID/query\4726_c6_f0176566.jpg,4726,,False,True,,
D:\deep-person-reid\reid-data\dukemtmc-reid\DukeMTMC-reID/bounding_box_test\4725_c6_f0170531.jpg,4725,0.867219090461731,,,,,,B,2139,D:\deep-person-reid\reid-data\dukemtmc-reid\DukeMTMC-reID/query\4727_c6_f0170514.jpg,4727,,False,False,,
D:\deep-person-reid\reid-data\dukemtmc-reid\DukeMTMC-reID/bounding_box_test\4207_c8_f0035745.jpg,4207,0.8622024059295654,,,,,,B,2141,D:\deep-person-reid\reid-data\dukemtmc-reid\DukeMTMC-reID/query\4727_c8_f0143608.jpg,4727,,False,False,,
D:\deep-person-reid\reid-data\dukemtmc-reid\DukeMTMC-reID/bounding_box_test\4066_c6_f0037315.jpg,4066,0.8757644295692444,,,,,,B,2142,D:\deep-person-reid\reid-data\dukemtmc-reid\DukeMTMC-reID/query\4729_c6_f0170302.jpg,4729,,False,False,,
D:\deep-person-reid\reid-data\dukemtmc-reid\DukeMTMC-reID/bounding_box_test\4066_c8_f0015919.jpg,4066,0.8031079769134521,,,,,,B,2144,D:\deep-person-reid\reid-data\dukemtmc-reid\DukeMTMC-reID/query\4729_c8_f0143446.jpg,4729,,False,False,,
D:\deep-person-reid\reid-data\dukemtmc-reid\DukeMTMC-reID/bounding_box_test\4447_c6_f0098482.jpg,4447,0.7832284569740295,,,,,,B,2145,D:\deep-person-reid\reid-data\dukemtmc-reid\DukeMTMC-reID/query\4736_c6_f0171361.jpg,4736,,False,False,,
D:\deep-person-reid\reid-data\dukemtmc-reid\DukeMTMC-reID/bounding_box_test\4121_c7_f0052002.jpg,4121,0.8015798926353455,,,,,,B,2146,D:\deep-person-reid\reid-data\dukemtmc-reid\DukeMTMC-reID/query\4736_c7_f0175837.jpg,4736,,False,False,,
D:\deep-person-reid\reid-data\dukemtmc-reid\DukeMTMC-reID/bounding_box_test\5849_c8_f0003175.jpg,5849,0.8500375747680664,,,,,,B,2147,D:\deep-person-reid\reid-data\dukemtmc-reid\DukeMTMC-reID/query\4736_c8_f0150187.jpg,4736,,False,False,,
D:\deep-person-reid\reid-data\dukemtmc-reid\DukeMTMC-reID/bounding_box_test\0197_c7_f0079317.jpg,197,0.7924430966377258,,,,,,C,2149,D:\deep-person-reid\reid-data\dukemtmc-reid\DukeMTMC-reID/query\4739_c7_f0175410.jpg,4739,,False,True,,
D:\deep-person-reid\reid-data\dukemtmc-reid\DukeMTMC-reID/bounding_box_test\6342_c8_f0070949.jpg,6342,0.8416974544525146,,,,,,B,2150,D:\deep-person-reid\reid-data\dukemtmc-reid\DukeMTMC-reID/query\4739_c8_f0146387.jpg,4739,,False,False,,
D:\deep-person-reid\reid-data\dukemtmc-reid\DukeMTMC-reID/bounding_box_test\0400_c8_f0069169.jpg,400,0.8618216514587402,,,,,,B,2153,D:\deep-person-reid\reid-data\dukemtmc-reid\DukeMTMC-reID/query\4743_c8_f0149015.jpg,4743,,False,False,,
D:\deep-person-reid\reid-data\dukemtmc-reid\DukeMTMC-reID/bounding_box_test\4315_c6_f0076694.jpg,4315,0.8227198123931885,,,,,,B,2154,D:\deep-person-reid\reid-data\dukemtmc-reid\DukeMTMC-reID/query\4750_c6_f0177752.jpg,4750,,False,False,,
D:\deep-person-reid\reid-data\dukemtmc-reid\DukeMTMC-reID/bounding_box_test\2724_c8_f0127736.jpg,2724,0.8002821207046509,D:\deep-person-reid\reid-data\dukemtmc-reid\DukeMTMC-reID/bounding_box_test\4750_c6_f0178232.jpg,4,4,0.7831360697746277,1.0,F,2156,D:\deep-person-reid\reid-data\dukemtmc-reid\DukeMTMC-reID/query\4750_c8_f0151088.jpg,4750,False,True,True,-0.017146050930023193,1.0
D:\deep-person-reid\reid-data\dukemtmc-reid\DukeMTMC-reID/bounding_box_test\4480_c7_f0106747.jpg,4480,0.8789481520652771,,,,,,B,2157,D:\deep-person-reid\reid-data\dukemtmc-reid\DukeMTMC-reID/query\4757_c6_f0180371.jpg,4757,,False,False,,
D:\deep-person-reid\reid-data\dukemtmc-reid\DukeMTMC-reID/bounding_box_test\4758_c7_f0182015.jpg,4758,0.8785103559494019,,,,,,C,2158,D:\deep-person-reid\reid-data\dukemtmc-reid\DukeMTMC-reID/query\4757_c7_f0182007.jpg,4757,,False,True,,
D:\deep-person-reid\reid-data\dukemtmc-reid\DukeMTMC-reID/bounding_box_test\4758_c8_f0152509.jpg,4758,0.8517848253250122,,,,,,B,2159,D:\deep-person-reid\reid-data\dukemtmc-reid\DukeMTMC-reID/query\4757_c8_f0152424.jpg,4757,,False,False,,
D:\deep-person-reid\reid-data\dukemtmc-reid\DukeMTMC-reID/bounding_box_test\4757_c6_f0180491.jpg,4757,0.7901178598403931,,,,,,C,2160,D:\deep-person-reid\reid-data\dukemtmc-reid\DukeMTMC-reID/query\4758_c6_f0180254.jpg,4758,,False,True,,
D:\deep-person-reid\reid-data\dukemtmc-reid\DukeMTMC-reID/bounding_box_test\4757_c7_f0182247.jpg,4757,0.8308560848236084,,,,,,C,2161,D:\deep-person-reid\reid-data\dukemtmc-reid\DukeMTMC-reID/query\4758_c7_f0182255.jpg,4758,,False,True,,
D:\deep-person-reid\reid-data\dukemtmc-reid\DukeMTMC-reID/bounding_box_test\4757_c8_f0152064.jpg,4757,0.7982542514801025,,,,,,B,2162,D:\deep-person-reid\reid-data\dukemtmc-reid\DukeMTMC-reID/query\4758_c8_f0152029.jpg,4758,,False,False,,
D:\deep-person-reid\reid-data\dukemtmc-reid\DukeMTMC-reID/bounding_box_test\4760_c7_f0184310.jpg,4760,0.9246005415916443,,,,,,C,2164,D:\deep-person-reid\reid-data\dukemtmc-reid\DukeMTMC-reID/query\4759_c7_f0184320.jpg,4759,,False,True,,
D:\deep-person-reid\reid-data\dukemtmc-reid\DukeMTMC-reID/bounding_box_test\4760_c8_f0158587.jpg,4760,0.9016480445861816,D:\deep-person-reid\reid-data\dukemtmc-reid\DukeMTMC-reID/bounding_box_test\4759_c6_f0179667.jpg,3,2,0.899488091468811,0.5,F,2165,D:\deep-person-reid\reid-data\dukemtmc-reid\DukeMTMC-reID/query\4759_c8_f0158239.jpg,4759,False,True,True,-0.0021599531173706055,-0.5
D:\deep-person-reid\reid-data\dukemtmc-reid\DukeMTMC-reID/bounding_box_test\4759_c8_f0158599.jpg,4759,0.8967903256416321,,,,,,C,2168,D:\deep-person-reid\reid-data\dukemtmc-reid\DukeMTMC-reID/query\4760_c8_f0158467.jpg,4760,,False,True,,
D:\deep-person-reid\reid-data\dukemtmc-reid\DukeMTMC-reID/bounding_box_test\0316_c5_f0105309.jpg,316,0.7678055763244629,,,,,,B,2171,D:\deep-person-reid\reid-data\dukemtmc-reid\DukeMTMC-reID/query\4769_c8_f0156630.jpg,4769,,False,False,,
D:\deep-person-reid\reid-data\dukemtmc-reid\DukeMTMC-reID/bounding_box_test\0788_c4_f0170856.jpg,788,0.7793399691581726,,,,,,B,2174,D:\deep-person-reid\reid-data\dukemtmc-reid\DukeMTMC-reID/query\4772_c8_f0156896.jpg,4772,,False,False,,
D:\deep-person-reid\reid-data\dukemtmc-reid\DukeMTMC-reID/bounding_box_test\4634_c8_f0119574.jpg,4634,0.8557396531105042,,,,,,B,2177,D:\deep-person-reid\reid-data\dukemtmc-reid\DukeMTMC-reID/query\4774_c8_f0163723.jpg,4774,,False,False,,
D:\deep-person-reid\reid-data\dukemtmc-reid\DukeMTMC-reID/bounding_box_test\0261_c5_f0098855.jpg,261,0.8062138557434082,,,,,,B,2180,D:\deep-person-reid\reid-data\dukemtmc-reid\DukeMTMC-reID/query\4779_c8_f0161073.jpg,4779,,False,False,,
D:\deep-person-reid\reid-data\dukemtmc-reid\DukeMTMC-reID/bounding_box_test\0301_c8_f0057144.jpg,301,0.770005464553833,,,,,,C,2183,D:\deep-person-reid\reid-data\dukemtmc-reid\DukeMTMC-reID/query\4782_c8_f0161666.jpg,4782,,False,True,,
D:\deep-person-reid\reid-data\dukemtmc-reid\DukeMTMC-reID/bounding_box_test\6465_c8_f0085422.jpg,6465,0.8151387572288513,,,,,,B,2189,D:\deep-person-reid\reid-data\dukemtmc-reid\DukeMTMC-reID/query\4790_c8_f0163206.jpg,4790,,False,False,,
D:\deep-person-reid\reid-data\dukemtmc-reid\DukeMTMC-reID/bounding_box_test\0051_c4_f0030230.jpg,51,0.7964810729026794,,,,,,B,2192,D:\deep-person-reid\reid-data\dukemtmc-reid\DukeMTMC-reID/query\4804_c8_f0174401.jpg,4804,,False,False,,
D:\deep-person-reid\reid-data\dukemtmc-reid\DukeMTMC-reID/bounding_box_test\4082_c7_f0045346.jpg,4082,0.8407317996025085,D:\deep-person-reid\reid-data\dukemtmc-reid\DukeMTMC-reID/bounding_box_test\4807_c6_f0202401.jpg,2,2,0.821689248085022,1.0,F,2194,D:\deep-person-reid\reid-data\dukemtmc-reid\DukeMTMC-reID/query\4807_c7_f0207371.jpg,4807,False,True,True,-0.019042551517486572,1.0
D:\deep-person-reid\reid-data\dukemtmc-reid\DukeMTMC-reID/bounding_box_test\4727_c6_f0170754.jpg,4727,0.8346160650253296,,,,,,C,2195,D:\deep-person-reid\reid-data\dukemtmc-reid\DukeMTMC-reID/query\4808_c6_f0203846.jpg,4808,,False,True,,
D:\deep-person-reid\reid-data\dukemtmc-reid\DukeMTMC-reID/bounding_box_test\4727_c7_f0172494.jpg,4727,0.8448728322982788,,,,,,C,2196,D:\deep-person-reid\reid-data\dukemtmc-reid\DukeMTMC-reID/query\4808_c7_f0205954.jpg,4808,,False,True,,
D:\deep-person-reid\reid-data\dukemtmc-reid\DukeMTMC-reID/bounding_box_test\4335_c7_f0082237.jpg,4335,0.8020303249359131,,,,,,B,2198,D:\deep-person-reid\reid-data\dukemtmc-reid\DukeMTMC-reID/query\4817_c7_f0207663.jpg,4817,,False,False,,
D:\deep-person-reid\reid-data\dukemtmc-reid\DukeMTMC-reID/bounding_box_test\4060_c8_f0013157.jpg,4060,0.831985354423523,D:\deep-person-reid\reid-data\dukemtmc-reid\DukeMTMC-reID/bounding_box_test\4817_c7_f0208263.jpg,1,2,0.8226335048675537,0.0,E,2199,D:\deep-person-reid\reid-data\dukemtmc-reid\DukeMTMC-reID/query\4817_c8_f0178572.jpg,4817,True,True,True,-0.009351849555969238,0.5
D:\deep-person-reid\reid-data\dukemtmc-reid\DukeMTMC-reID/bounding_box_test\4228_c6_f0066063.jpg,4228,0.7810094356536865,,,,,,B,2200,D:\deep-person-reid\reid-data\dukemtmc-reid\DukeMTMC-reID/query\5249_c7_f0067882.jpg,5249,,False,False,,
D:\deep-person-reid\reid-data\dukemtmc-reid\DukeMTMC-reID/bounding_box_test\6352_c8_f0071736.jpg,6352,0.8069272041320801,,,,,,B,2201,D:\deep-person-reid\reid-data\dukemtmc-reid\DukeMTMC-reID/query\5249_c8_f0041335.jpg,5249,,False,False,,
D:\deep-person-reid\reid-data\dukemtmc-reid\DukeMTMC-reID/bounding_box_test\2768_c3_f0178273.jpg,2768,0.7295637130737305,,,,,,B,2202,D:\deep-person-reid\reid-data\dukemtmc-reid\DukeMTMC-reID/query\5272_c7_f0071683.jpg,5272,,False,False,,
D:\deep-person-reid\reid-data\dukemtmc-reid\DukeMTMC-reID/bounding_box_test\6225_c8_f0055953.jpg,6225,0.8490133285522461,,,,,,B,2203,D:\deep-person-reid\reid-data\dukemtmc-reid\DukeMTMC-reID/query\5272_c8_f0045606.jpg,5272,,False,False,,
D:\deep-person-reid\reid-data\dukemtmc-reid\DukeMTMC-reID/bounding_box_test\4128_c6_f0048779.jpg,4128,0.8190445899963379,,,,,,C,2204,D:\deep-person-reid\reid-data\dukemtmc-reid\DukeMTMC-reID/query\5333_c7_f0083235.jpg,5333,,False,True,,
D:\deep-person-reid\reid-data\dukemtmc-reid\DukeMTMC-reID/bounding_box_test\6423_c8_f0079979.jpg,6423,0.8110162019729614,,,,,,C,2205,D:\deep-person-reid\reid-data\dukemtmc-reid\DukeMTMC-reID/query\5333_c8_f0056863.jpg,5333,,False,True,,
D:\deep-person-reid\reid-data\dukemtmc-reid\DukeMTMC-reID/bounding_box_test\0508_c3_f0112139.jpg,508,0.8090710639953613,,,,,,B,2206,D:\deep-person-reid\reid-data\dukemtmc-reid\DukeMTMC-reID/query\5358_c7_f0089583.jpg,5358,,False,False,,
D:\deep-person-reid\reid-data\dukemtmc-reid\DukeMTMC-reID/bounding_box_test\4760_c8_f0158347.jpg,4760,0.7974238991737366,,,,,,B,2207,D:\deep-person-reid\reid-data\dukemtmc-reid\DukeMTMC-reID/query\5358_c8_f0063404.jpg,5358,,False,False,,
D:\deep-person-reid\reid-data\dukemtmc-reid\DukeMTMC-reID/bounding_box_test\5842_c7_f0041990.jpg,5842,0.8808740973472595,,,,,,C,2210,D:\deep-person-reid\reid-data\dukemtmc-reid\DukeMTMC-reID/query\5474_c7_f0187555.jpg,5474,,False,True,,
D:\deep-person-reid\reid-data\dukemtmc-reid\DukeMTMC-reID/bounding_box_test\4416_c7_f0096056.jpg,4416,0.8307052850723267,,,,,,B,2211,D:\deep-person-reid\reid-data\dukemtmc-reid\DukeMTMC-reID/query\5587_c7_f0200226.jpg,5587,,False,False,,
D:\deep-person-reid\reid-data\dukemtmc-reid\DukeMTMC-reID/bounding_box_test\0372_c8_f0065942.jpg,372,0.7954294681549072,,,,,,B,2212,D:\deep-person-reid\reid-data\dukemtmc-reid\DukeMTMC-reID/query\5587_c8_f0173540.jpg,5587,,False,False,,
D:\deep-person-reid\reid-data\dukemtmc-reid\DukeMTMC-reID/bounding_box_test\0791_c7_f0182638.jpg,791,0.7846702337265015,,,,,,B,2213,D:\deep-person-reid\reid-data\dukemtmc-reid\DukeMTMC-reID/query\5599_c7_f0206995.jpg,5599,,False,False,,
D:\deep-person-reid\reid-data\dukemtmc-reid\DukeMTMC-reID/bounding_box_test\6429_c8_f0080688.jpg,6429,0.8455271124839783,,,,,,B,2214,D:\deep-person-reid\reid-data\dukemtmc-reid\DukeMTMC-reID/query\5599_c8_f0177707.jpg,5599,,False,False,,
D:\deep-person-reid\reid-data\dukemtmc-reid\DukeMTMC-reID/bounding_box_test\5474_c6_f0043883.jpg,5474,0.8818251490592957,,,,,,C,2215,D:\deep-person-reid\reid-data\dukemtmc-reid\DukeMTMC-reID/query\5842_c6_f0042141.jpg,5842,,False,True,,
D:\deep-person-reid\reid-data\dukemtmc-reid\DukeMTMC-reID/bounding_box_test\6476_c8_f0086914.jpg,6476,0.9160120487213135,,,,,,B,2217,D:\deep-person-reid\reid-data\dukemtmc-reid\DukeMTMC-reID/query\5842_c8_f0069010.jpg,5842,,False,False,,
D:\deep-person-reid\reid-data\dukemtmc-reid\DukeMTMC-reID/bounding_box_test\4174_c7_f0061621.jpg,4174,0.9664485454559326,,,,,,B,2219,D:\deep-person-reid\reid-data\dukemtmc-reid\DukeMTMC-reID/query\6046_c7_f0061621.jpg,6046,,False,False,,
D:\deep-person-reid\reid-data\dukemtmc-reid\DukeMTMC-reID/bounding_box_test\2772_c3_f0177570.jpg,2772,0.8425310850143433,,,,,,B,2220,D:\deep-person-reid\reid-data\dukemtmc-reid\DukeMTMC-reID/query\6046_c8_f0035744.jpg,6046,,False,False,,
D:\deep-person-reid\reid-data\dukemtmc-reid\DukeMTMC-reID/bounding_box_test\3761_c6_f0174229.jpg,3761,0.8297299146652222,D:\deep-person-reid\reid-data\dukemtmc-reid\DukeMTMC-reID/bounding_box_test\6535_c7_f0099141.jpg,4,4,0.825892448425293,0.0,F,2223,D:\deep-person-reid\reid-data\dukemtmc-reid\DukeMTMC-reID/query\6535_c6_f0099299.jpg,6535,False,True,True,-0.0038374662399291992,0.0
D:\deep-person-reid\reid-data\dukemtmc-reid\DukeMTMC-reID/bounding_box_test\3410_c8_f0036017.jpg,3410,0.8440976142883301,,,,,,B,2225,D:\deep-person-reid\reid-data\dukemtmc-reid\DukeMTMC-reID/query\6535_c8_f0005374.jpg,6535,,False,False,,
D:\deep-person-reid\reid-data\dukemtmc-reid\DukeMTMC-reID/bounding_box_test\0360_c1_f0108505.jpg,360,0.8570537567138672,,,,,,B,2226,D:\deep-person-reid\reid-data\dukemtmc-reid\DukeMTMC-reID/query\7139_c1_f0156370.jpg,7139,,False,False,,
D:\deep-person-reid\reid-data\dukemtmc-reid\DukeMTMC-reID/bounding_box_test\0311_c6_f0081079.jpg,311,0.7756532430648804,,,,,,B,2227,D:\deep-person-reid\reid-data\dukemtmc-reid\DukeMTMC-reID/query\7139_c2_f0160575.jpg,7139,,False,False,,
