query_index,query_path,query_pid,baseline_best_true_rank,baseline_rank1_correct,aqe_best_true_rank,aqe_rank1_correct,aqe_top20_movement,dba_best_true_rank,dba_rank1_correct,dba_top20_movement,aqe_dba_best_true_rank,aqe_dba_rank1_correct,aqe_dba_top20_movement
0,D:\deep-person-reid\reid-data\dukemtmc-reid\DukeMTMC-reID/query\0005_c2_f0046985.jpg,5,1,True,1,True,stayed_inside20,1,True,stayed_inside20,1,True,stayed_inside20
1,D:\deep-person-reid\reid-data\dukemtmc-reid\DukeMTMC-reID/query\0005_c5_f0051781.jpg,5,1,True,1,True,stayed_inside20,1,True,stayed_inside20,1,True,stayed_inside20
2,D:\deep-person-reid\reid-data\dukemtmc-reid\DukeMTMC-reID/query\0005_c6_f0030883.jpg,5,1738,False,2890,False,stayed_outside20,3628,False,stayed_outside20,9671,False,stayed_outside20
3,D:\deep-person-reid\reid-data\dukemtmc-reid\DukeMTMC-reID/query\0019_c1_f0051470.jpg,19,1657,False,3476,False,stayed_outside20,1667,False,stayed_outside20,2733,False,stayed_outside20
4,D:\deep-person-reid\reid-data\dukemtmc-reid\DukeMTMC-reID/query\0019_c2_f0055712.jpg,19,1,True,1,True,stayed_inside20,1,True,stayed_inside20,1,True,stayed_inside20
5,D:\deep-person-reid\reid-data\dukemtmc-reid\DukeMTMC-reID/query\0019_c5_f0061106.jpg,19,1,True,1,True,stayed_inside20,1,True,stayed_inside20,1,True,stayed_inside20
6,D:\deep-person-reid\reid-data\dukemtmc-reid\DukeMTMC-reID/query\0019_c6_f0040430.jpg,19,1,True,1,True,stayed_inside20,1,True,stayed_inside20,1,True,stayed_inside20
7,D:\deep-person-reid\reid-data\dukemtmc-reid\DukeMTMC-reID/query\0021_c1_f0052336.jpg,21,322,False,1480,False,stayed_outside20,284,False,stayed_outside20,2045,False,stayed_outside20
8,D:\deep-person-reid\reid-data\dukemtmc-reid\DukeMTMC-reID/query\0021_c6_f0030737.jpg,21,1,True,1,True,stayed_inside20,1,True,stayed_inside20,1,True,stayed_inside20
9,D:\deep-person-reid\reid-data\dukemtmc-reid\DukeMTMC-reID/query\0021_c7_f0035375.jpg,21,1,True,1,True,stayed_inside20,1,True,stayed_inside20,1,True,stayed_inside20
10,D:\deep-person-reid\reid-data\dukemtmc-reid\DukeMTMC-reID/query\0021_c8_f0008756.jpg,21,1,True,1,True,stayed_inside20,1,True,stayed_inside20,1,True,stayed_inside20
11,D:\deep-person-reid\reid-data\dukemtmc-reid\DukeMTMC-reID/query\0023_c1_f0052564.jpg,23,2,False,3,False,stayed_inside20,2,False,stayed_inside20,3,False,stayed_inside20
12,D:\deep-person-reid\reid-data\dukemtmc-reid\DukeMTMC-reID/query\0023_c2_f0056463.jpg,23,1,True,2,False,stayed_inside20,1,True,stayed_inside20,1,True,stayed_inside20
13,D:\deep-person-reid\reid-data\dukemtmc-reid\DukeMTMC-reID/query\0023_c3_f0033770.jpg,23,8,False,26,False,inside20_to_outside20,1,True,stayed_inside20,2,False,stayed_inside20
14,D:\deep-person-reid\reid-data\dukemtmc-reid\DukeMTMC-reID/query\0023_c4_f0031504.jpg,23,21,False,30,False,stayed_outside20,33,False,stayed_outside20,79,False,stayed_outside20
15,D:\deep-person-reid\reid-data\dukemtmc-reid\DukeMTMC-reID/query\0025_c1_f0053650.jpg,25,1,True,5,False,stayed_inside20,1,True,stayed_inside20,1,True,stayed_inside20
16,D:\deep-person-reid\reid-data\dukemtmc-reid\DukeMTMC-reID/query\0025_c8_f0010986.jpg,25,16,False,404,False,inside20_to_outside20,3,False,stayed_inside20,103,False,inside20_to_outside20
17,D:\deep-person-reid\reid-data\dukemtmc-reid\DukeMTMC-reID/query\0027_c1_f0054309.jpg,27,263,False,336,False,stayed_outside20,642,False,stayed_outside20,671,False,stayed_outside20
18,D:\deep-person-reid\reid-data\dukemtmc-reid\DukeMTMC-reID/query\0027_c2_f0054638.jpg,27,43,False,98,False,stayed_outside20,107,False,stayed_outside20,186,False,stayed_outside20
19,D:\deep-person-reid\reid-data\dukemtmc-reid\DukeMTMC-reID/query\0027_c3_f0030042.jpg,27,65,False,431,False,stayed_outside20,832,False,stayed_outside20,1000,False,stayed_outside20
20,D:\deep-person-reid\reid-data\dukemtmc-reid\DukeMTMC-reID/query\0027_c4_f0023987.jpg,27,34,False,42,False,stayed_outside20,97,False,stayed_outside20,106,False,stayed_outside20
21,D:\deep-person-reid\reid-data\dukemtmc-reid\DukeMTMC-reID/query\0030_c1_f0057043.jpg,30,1,True,1,True,stayed_inside20,1,True,stayed_inside20,1,True,stayed_inside20
22,D:\deep-person-reid\reid-data\dukemtmc-reid\DukeMTMC-reID/query\0030_c2_f0056822.jpg,30,1,True,1,True,stayed_inside20,1,True,stayed_inside20,1,True,stayed_inside20
23,D:\deep-person-reid\reid-data\dukemtmc-reid\DukeMTMC-reID/query\0030_c3_f0031952.jpg,30,1,True,13,False,stayed_inside20,2,False,stayed_inside20,9,False,stayed_inside20
24,D:\deep-person-reid\reid-data\dukemtmc-reid\DukeMTMC-reID/query\0030_c4_f0026288.jpg,30,15,False,11,False,stayed_inside20,6,False,stayed_inside20,4,False,stayed_inside20
25,D:\deep-person-reid\reid-data\dukemtmc-reid\DukeMTMC-reID/query\0031_c1_f0057180.jpg,31,15,False,270,False,inside20_to_outside20,11,False,stayed_inside20,513,False,inside20_to_outside20
26,D:\deep-person-reid\reid-data\dukemtmc-reid\DukeMTMC-reID/query\0031_c2_f0062046.jpg,31,6,False,6,False,stayed_inside20,2,False,stayed_inside20,1,True,stayed_inside20
27,D:\deep-person-reid\reid-data\dukemtmc-reid\DukeMTMC-reID/query\0031_c5_f0066705.jpg,31,1,True,1,True,stayed_inside20,1,True,stayed_inside20,1,True,stayed_inside20
28,D:\deep-person-reid\reid-data\dukemtmc-reid\DukeMTMC-reID/query\0031_c6_f0045932.jpg,31,9,False,32,False,inside20_to_outside20,7,False,stayed_inside20,122,False,inside20_to_outside20
29,D:\deep-person-reid\reid-data\dukemtmc-reid\DukeMTMC-reID/query\0033_c1_f0057706.jpg,33,188,False,647,False,stayed_outside20,271,False,stayed_outside20,1007,False,stayed_outside20
30,D:\deep-person-reid\reid-data\dukemtmc-reid\DukeMTMC-reID/query\0033_c2_f0061704.jpg,33,7,False,39,False,inside20_to_outside20,2,False,stayed_inside20,6,False,stayed_inside20
31,D:\deep-person-reid\reid-data\dukemtmc-reid\DukeMTMC-reID/query\0033_c5_f0066543.jpg,33,1,True,3,False,stayed_inside20,1,True,stayed_inside20,6,False,stayed_inside20
32,D:\deep-person-reid\reid-data\dukemtmc-reid\DukeMTMC-reID/query\0033_c6_f0045755.jpg,33,8,False,25,False,inside20_to_outside20,6,False,stayed_inside20,9,False,stayed_inside20
33,D:\deep-person-reid\reid-data\dukemtmc-reid\DukeMTMC-reID/query\0034_c1_f0057636.jpg,34,293,False,871,False,stayed_outside20,608,False,stayed_outside20,1283,False,stayed_outside20
34,D:\deep-person-reid\reid-data\dukemtmc-reid\DukeMTMC-reID/query\0034_c2_f0057453.jpg,34,113,False,432,False,stayed_outside20,1510,False,stayed_outside20,4171,False,stayed_outside20
35,D:\deep-person-reid\reid-data\dukemtmc-reid\DukeMTMC-reID/query\0035_c1_f0057672.jpg,35,18,False,213,False,inside20_to_outside20,8,False,stayed_inside20,16,False,stayed_inside20
36,D:\deep-person-reid\reid-data\dukemtmc-reid\DukeMTMC-reID/query\0035_c2_f0057892.jpg,35,294,False,886,False,stayed_outside20,498,False,stayed_outside20,1286,False,stayed_outside20
37,D:\deep-person-reid\reid-data\dukemtmc-reid\DukeMTMC-reID/query\0039_c1_f0058725.jpg,39,899,False,2884,False,stayed_outside20,1313,False,stayed_outside20,1284,False,stayed_outside20
38,D:\deep-person-reid\reid-data\dukemtmc-reid\DukeMTMC-reID/query\0039_c2_f0063073.jpg,39,20,False,137,False,inside20_to_outside20,470,False,inside20_to_outside20,1686,False,inside20_to_outside20
39,D:\deep-person-reid\reid-data\dukemtmc-reid\DukeMTMC-reID/query\0039_c3_f0040399.jpg,39,48,False,315,False,stayed_outside20,555,False,stayed_outside20,2103,False,stayed_outside20
40,D:\deep-person-reid\reid-data\dukemtmc-reid\DukeMTMC-reID/query\0039_c4_f0037989.jpg,39,404,False,959,False,stayed_outside20,1301,False,stayed_outside20,1048,False,stayed_outside20
41,D:\deep-person-reid\reid-data\dukemtmc-reid\DukeMTMC-reID/query\0042_c1_f0059238.jpg,42,28,False,91,False,stayed_outside20,13,False,outside20_to_inside20,77,False,stayed_outside20
42,D:\deep-person-reid\reid-data\dukemtmc-reid\DukeMTMC-reID/query\0042_c2_f0063664.jpg,42,1,True,1,True,stayed_inside20,1,True,stayed_inside20,1,True,stayed_inside20
43,D:\deep-person-reid\reid-data\dukemtmc-reid\DukeMTMC-reID/query\0042_c5_f0068874.jpg,42,1,True,1,True,stayed_inside20,1,True,stayed_inside20,1,True,stayed_inside20
44,D:\deep-person-reid\reid-data\dukemtmc-reid\DukeMTMC-reID/query\0042_c6_f0048284.jpg,42,2,False,1,True,stayed_inside20,2,False,stayed_inside20,2,False,stayed_inside20
45,D:\deep-person-reid\reid-data\dukemtmc-reid\DukeMTMC-reID/query\0043_c1_f0059677.jpg,43,1679,False,3131,False,stayed_outside20,1872,False,stayed_outside20,2543,False,stayed_outside20
46,D:\deep-person-reid\reid-data\dukemtmc-reid\DukeMTMC-reID/query\0043_c6_f0036866.jpg,43,3,False,1,True,stayed_inside20,3,False,stayed_inside20,1,True,stayed_inside20
47,D:\deep-person-reid\reid-data\dukemtmc-reid\DukeMTMC-reID/query\0043_c7_f0041987.jpg,43,15,False,46,False,inside20_to_outside20,5,False,stayed_inside20,5,False,stayed_inside20
48,D:\deep-person-reid\reid-data\dukemtmc-reid\DukeMTMC-reID/query\0043_c8_f0015591.jpg,43,2828,False,2968,False,stayed_outside20,2673,False,stayed_outside20,1912,False,stayed_outside20
49,D:\deep-person-reid\reid-data\dukemtmc-reid\DukeMTMC-reID/query\0044_c1_f0059515.jpg,44,762,False,1620,False,stayed_outside20,838,False,stayed_outside20,1108,False,stayed_outside20
50,D:\deep-person-reid\reid-data\dukemtmc-reid\DukeMTMC-reID/query\0044_c2_f0059316.jpg,44,7,False,18,False,stayed_inside20,6,False,stayed_inside20,113,False,inside20_to_outside20
51,D:\deep-person-reid\reid-data\dukemtmc-reid\DukeMTMC-reID/query\0044_c5_f0061197.jpg,44,31,False,14,False,outside20_to_inside20,16,False,outside20_to_inside20,4,False,outside20_to_inside20
52,D:\deep-person-reid\reid-data\dukemtmc-reid\DukeMTMC-reID/query\0044_c6_f0037467.jpg,44,1,True,1,True,stayed_inside20,1,True,stayed_inside20,1,True,stayed_inside20
53,D:\deep-person-reid\reid-data\dukemtmc-reid\DukeMTMC-reID/query\0046_c1_f0060037.jpg,46,7,False,6,False,stayed_inside20,7,False,stayed_inside20,8,False,stayed_inside20
54,D:\deep-person-reid\reid-data\dukemtmc-reid\DukeMTMC-reID/query\0046_c2_f0064337.jpg,46,1,True,1,True,stayed_inside20,18,False,stayed_inside20,9,False,stayed_inside20
55,D:\deep-person-reid\reid-data\dukemtmc-reid\DukeMTMC-reID/query\0046_c3_f0041496.jpg,46,8,False,25,False,inside20_to_outside20,16,False,stayed_inside20,41,False,inside20_to_outside20
56,D:\deep-person-reid\reid-data\dukemtmc-reid\DukeMTMC-reID/query\0046_c4_f0039327.jpg,46,20,False,46,False,inside20_to_outside20,6,False,stayed_inside20,9,False,stayed_inside20
57,D:\deep-person-reid\reid-data\dukemtmc-reid\DukeMTMC-reID/query\0047_c1_f0059698.jpg,47,3,False,13,False,stayed_inside20,1,True,stayed_inside20,16,False,stayed_inside20
58,D:\deep-person-reid\reid-data\dukemtmc-reid\DukeMTMC-reID/query\0047_c2_f0063956.jpg,47,58,False,48,False,stayed_outside20,91,False,stayed_outside20,433,False,stayed_outside20
59,D:\deep-person-reid\reid-data\dukemtmc-reid\DukeMTMC-reID/query\0047_c3_f0041514.jpg,47,253,False,630,False,stayed_outside20,229,False,stayed_outside20,1916,False,stayed_outside20
60,D:\deep-person-reid\reid-data\dukemtmc-reid\DukeMTMC-reID/query\0047_c4_f0039318.jpg,47,1091,False,1042,False,stayed_outside20,1850,False,stayed_outside20,1616,False,stayed_outside20
61,D:\deep-person-reid\reid-data\dukemtmc-reid\DukeMTMC-reID/query\0049_c1_f0060029.jpg,49,71,False,388,False,stayed_outside20,165,False,stayed_outside20,585,False,stayed_outside20
62,D:\deep-person-reid\reid-data\dukemtmc-reid\DukeMTMC-reID/query\0049_c2_f0060033.jpg,49,4,False,1,True,stayed_inside20,10,False,stayed_inside20,10,False,stayed_inside20
63,D:\deep-person-reid\reid-data\dukemtmc-reid\DukeMTMC-reID/query\0050_c1_f0060180.jpg,50,130,False,418,False,stayed_outside20,107,False,stayed_outside20,1120,False,stayed_outside20
64,D:\deep-person-reid\reid-data\dukemtmc-reid\DukeMTMC-reID/query\0050_c2_f0064798.jpg,50,72,False,28,False,stayed_outside20,39,False,stayed_outside20,9,False,outside20_to_inside20
65,D:\deep-person-reid\reid-data\dukemtmc-reid\DukeMTMC-reID/query\0050_c3_f0041757.jpg,50,21,False,255,False,stayed_outside20,33,False,stayed_outside20,1727,False,stayed_outside20
66,D:\deep-person-reid\reid-data\dukemtmc-reid\DukeMTMC-reID/query\0050_c4_f0039649.jpg,50,20,False,49,False,inside20_to_outside20,51,False,inside20_to_outside20,100,False,inside20_to_outside20
67,D:\deep-person-reid\reid-data\dukemtmc-reid\DukeMTMC-reID/query\0051_c1_f0060060.jpg,51,2202,False,1707,False,stayed_outside20,1373,False,stayed_outside20,1193,False,stayed_outside20
68,D:\deep-person-reid\reid-data\dukemtmc-reid\DukeMTMC-reID/query\0051_c2_f0060673.jpg,51,11,False,55,False,inside20_to_outside20,13,False,stayed_inside20,49,False,inside20_to_outside20
69,D:\deep-person-reid\reid-data\dukemtmc-reid\DukeMTMC-reID/query\0051_c3_f0035958.jpg,51,15,False,50,False,inside20_to_outside20,163,False,inside20_to_outside20,846,False,inside20_to_outside20
70,D:\deep-person-reid\reid-data\dukemtmc-reid\DukeMTMC-reID/query\0051_c4_f0030830.jpg,51,431,False,993,False,stayed_outside20,729,False,stayed_outside20,1032,False,stayed_outside20
71,D:\deep-person-reid\reid-data\dukemtmc-reid\DukeMTMC-reID/query\0053_c1_f0060659.jpg,53,281,False,580,False,stayed_outside20,41,False,stayed_outside20,87,False,stayed_outside20
72,D:\deep-person-reid\reid-data\dukemtmc-reid\DukeMTMC-reID/query\0053_c2_f0063910.jpg,53,39,False,154,False,stayed_outside20,350,False,stayed_outside20,513,False,stayed_outside20
73,D:\deep-person-reid\reid-data\dukemtmc-reid\DukeMTMC-reID/query\0056_c1_f0061338.jpg,56,1,True,1,True,stayed_inside20,4,False,stayed_inside20,2,False,stayed_inside20
74,D:\deep-person-reid\reid-data\dukemtmc-reid\DukeMTMC-reID/query\0056_c8_f0017183.jpg,56,1,True,1,True,stayed_inside20,1,True,stayed_inside20,1,True,stayed_inside20
75,D:\deep-person-reid\reid-data\dukemtmc-reid\DukeMTMC-reID/query\0061_c1_f0062281.jpg,61,499,False,1142,False,stayed_outside20,661,False,stayed_outside20,1794,False,stayed_outside20
76,D:\deep-person-reid\reid-data\dukemtmc-reid\DukeMTMC-reID/query\0061_c2_f0066945.jpg,61,294,False,549,False,stayed_outside20,1259,False,stayed_outside20,1986,False,stayed_outside20
77,D:\deep-person-reid\reid-data\dukemtmc-reid\DukeMTMC-reID/query\0066_c1_f0063339.jpg,66,2,False,2,False,stayed_inside20,2,False,stayed_inside20,1,True,stayed_inside20
78,D:\deep-person-reid\reid-data\dukemtmc-reid\DukeMTMC-reID/query\0066_c2_f0062572.jpg,66,1,True,1,True,stayed_inside20,1,True,stayed_inside20,1,True,stayed_inside20
79,D:\deep-person-reid\reid-data\dukemtmc-reid\DukeMTMC-reID/query\0066_c5_f0065483.jpg,66,1,True,1,True,stayed_inside20,1,True,stayed_inside20,1,True,stayed_inside20
80,D:\deep-person-reid\reid-data\dukemtmc-reid\DukeMTMC-reID/query\0066_c6_f0041602.jpg,66,1,True,1,True,stayed_inside20,1,True,stayed_inside20,1,True,stayed_inside20
81,D:\deep-person-reid\reid-data\dukemtmc-reid\DukeMTMC-reID/query\0068_c1_f0063910.jpg,68,216,False,502,False,stayed_outside20,748,False,stayed_outside20,1128,False,stayed_outside20
82,D:\deep-person-reid\reid-data\dukemtmc-reid\DukeMTMC-reID/query\0068_c2_f0068064.jpg,68,13,False,7,False,stayed_inside20,1,True,stayed_inside20,3,False,stayed_inside20
83,D:\deep-person-reid\reid-data\dukemtmc-reid\DukeMTMC-reID/query\0068_c3_f0044983.jpg,68,86,False,559,False,stayed_outside20,99,False,stayed_outside20,1073,False,stayed_outside20
84,D:\deep-person-reid\reid-data\dukemtmc-reid\DukeMTMC-reID/query\0068_c4_f0042531.jpg,68,321,False,364,False,stayed_outside20,585,False,stayed_outside20,974,False,stayed_outside20
85,D:\deep-person-reid\reid-data\dukemtmc-reid\DukeMTMC-reID/query\0069_c1_f0063936.jpg,69,61,False,1663,False,stayed_outside20,137,False,stayed_outside20,7453,False,stayed_outside20
86,D:\deep-person-reid\reid-data\dukemtmc-reid\DukeMTMC-reID/query\0069_c2_f0063373.jpg,69,1,True,1,True,stayed_inside20,1,True,stayed_inside20,1,True,stayed_inside20
87,D:\deep-person-reid\reid-data\dukemtmc-reid\DukeMTMC-reID/query\0069_c3_f0038683.jpg,69,2,False,1,True,stayed_inside20,8,False,stayed_inside20,20,False,stayed_inside20
88,D:\deep-person-reid\reid-data\dukemtmc-reid\DukeMTMC-reID/query\0072_c1_f0064374.jpg,72,349,False,800,False,stayed_outside20,647,False,stayed_outside20,1138,False,stayed_outside20
89,D:\deep-person-reid\reid-data\dukemtmc-reid\DukeMTMC-reID/query\0072_c2_f0064014.jpg,72,68,False,173,False,stayed_outside20,91,False,stayed_outside20,262,False,stayed_outside20
90,D:\deep-person-reid\reid-data\dukemtmc-reid\DukeMTMC-reID/query\0072_c5_f0066594.jpg,72,1,True,1,True,stayed_inside20,1,True,stayed_inside20,1,True,stayed_inside20
91,D:\deep-person-reid\reid-data\dukemtmc-reid\DukeMTMC-reID/query\0072_c6_f0042541.jpg,72,1,True,3,False,stayed_inside20,7,False,stayed_inside20,47,False,inside20_to_outside20
92,D:\deep-person-reid\reid-data\dukemtmc-reid\DukeMTMC-reID/query\0075_c1_f0065478.jpg,75,1,True,1,True,stayed_inside20,1,True,stayed_inside20,1,True,stayed_inside20
93,D:\deep-person-reid\reid-data\dukemtmc-reid\DukeMTMC-reID/query\0075_c2_f0069561.jpg,75,7,False,53,False,inside20_to_outside20,3,False,stayed_inside20,2,False,stayed_inside20
94,D:\deep-person-reid\reid-data\dukemtmc-reid\DukeMTMC-reID/query\0075_c3_f0046520.jpg,75,171,False,607,False,stayed_outside20,174,False,stayed_outside20,1018,False,stayed_outside20
95,D:\deep-person-reid\reid-data\dukemtmc-reid\DukeMTMC-reID/query\0075_c4_f0043898.jpg,75,31,False,176,False,stayed_outside20,31,False,stayed_outside20,97,False,stayed_outside20
96,D:\deep-person-reid\reid-data\dukemtmc-reid\DukeMTMC-reID/query\0076_c1_f0065752.jpg,76,1,True,1,True,stayed_inside20,1,True,stayed_inside20,1,True,stayed_inside20
97,D:\deep-person-reid\reid-data\dukemtmc-reid\DukeMTMC-reID/query\0076_c2_f0069554.jpg,76,1,True,1,True,stayed_inside20,1,True,stayed_inside20,1,True,stayed_inside20
98,D:\deep-person-reid\reid-data\dukemtmc-reid\DukeMTMC-reID/query\0076_c5_f0074727.jpg,76,1,True,1,True,stayed_inside20,1,True,stayed_inside20,1,True,stayed_inside20
99,D:\deep-person-reid\reid-data\dukemtmc-reid\DukeMTMC-reID/query\0076_c6_f0053772.jpg,76,2,False,1,True,stayed_inside20,1,True,stayed_inside20,1,True,stayed_inside20
100,D:\deep-person-reid\reid-data\dukemtmc-reid\DukeMTMC-reID/query\0077_c1_f0065934.jpg,77,1,True,1,True,stayed_inside20,2,False,stayed_inside20,1,True,stayed_inside20
101,D:\deep-person-reid\reid-data\dukemtmc-reid\DukeMTMC-reID/query\0077_c2_f0070242.jpg,77,1,True,1,True,stayed_inside20,1,True,stayed_inside20,1,True,stayed_inside20
102,D:\deep-person-reid\reid-data\dukemtmc-reid\DukeMTMC-reID/query\0077_c8_f0121283.jpg,77,1,True,1,True,stayed_inside20,1,True,stayed_inside20,1,True,stayed_inside20
103,D:\deep-person-reid\reid-data\dukemtmc-reid\DukeMTMC-reID/query\0078_c1_f0065952.jpg,78,1,True,1,True,stayed_inside20,1,True,stayed_inside20,1,True,stayed_inside20
104,D:\deep-person-reid\reid-data\dukemtmc-reid\DukeMTMC-reID/query\0078_c2_f0065863.jpg,78,1,True,1,True,stayed_inside20,1,True,stayed_inside20,1,True,stayed_inside20
105,D:\deep-person-reid\reid-data\dukemtmc-reid\DukeMTMC-reID/query\0078_c3_f0039942.jpg,78,10,False,127,False,inside20_to_outside20,10,False,stayed_inside20,166,False,inside20_to_outside20
106,D:\deep-person-reid\reid-data\dukemtmc-reid\DukeMTMC-reID/query\0078_c4_f0034045.jpg,78,341,False,423,False,stayed_outside20,763,False,stayed_outside20,1067,False,stayed_outside20
107,D:\deep-person-reid\reid-data\dukemtmc-reid\DukeMTMC-reID/query\0079_c1_f0066859.jpg,79,5,False,26,False,inside20_to_outside20,9,False,stayed_inside20,21,False,inside20_to_outside20
108,D:\deep-person-reid\reid-data\dukemtmc-reid\DukeMTMC-reID/query\0079_c2_f0066874.jpg,79,1,True,3,False,stayed_inside20,9,False,stayed_inside20,13,False,stayed_inside20
109,D:\deep-person-reid\reid-data\dukemtmc-reid\DukeMTMC-reID/query\0080_c1_f0066749.jpg,80,1,True,1,True,stayed_inside20,1,True,stayed_inside20,2,False,stayed_inside20
110,D:\deep-person-reid\reid-data\dukemtmc-reid\DukeMTMC-reID/query\0080_c2_f0070131.jpg,80,26,False,62,False,stayed_outside20,8,False,outside20_to_inside20,3,False,outside20_to_inside20
111,D:\deep-person-reid\reid-data\dukemtmc-reid\DukeMTMC-reID/query\0080_c3_f0047264.jpg,80,1,True,1,True,stayed_inside20,1,True,stayed_inside20,1,True,stayed_inside20
112,D:\deep-person-reid\reid-data\dukemtmc-reid\DukeMTMC-reID/query\0080_c4_f0044060.jpg,80,640,False,228,False,stayed_outside20,746,False,stayed_outside20,72,False,stayed_outside20
113,D:\deep-person-reid\reid-data\dukemtmc-reid\DukeMTMC-reID/query\0083_c1_f0067852.jpg,83,10,False,257,False,inside20_to_outside20,46,False,inside20_to_outside20,529,False,inside20_to_outside20
114,D:\deep-person-reid\reid-data\dukemtmc-reid\DukeMTMC-reID/query\0083_c2_f0071809.jpg,83,1,True,1,True,stayed_inside20,1,True,stayed_inside20,1,True,stayed_inside20
115,D:\deep-person-reid\reid-data\dukemtmc-reid\DukeMTMC-reID/query\0083_c5_f0077755.jpg,83,1,True,1,True,stayed_inside20,1,True,stayed_inside20,1,True,stayed_inside20
116,D:\deep-person-reid\reid-data\dukemtmc-reid\DukeMTMC-reID/query\0083_c6_f0056713.jpg,83,6,False,4,False,stayed_inside20,2,False,stayed_inside20,1,True,stayed_inside20
117,D:\deep-person-reid\reid-data\dukemtmc-reid\DukeMTMC-reID/query\0086_c1_f0067692.jpg,86,1,True,1,True,stayed_inside20,1,True,stayed_inside20,1,True,stayed_inside20
118,D:\deep-person-reid\reid-data\dukemtmc-reid\DukeMTMC-reID/query\0086_c2_f0067260.jpg,86,1,True,1,True,stayed_inside20,1,True,stayed_inside20,1,True,stayed_inside20
119,D:\deep-person-reid\reid-data\dukemtmc-reid\DukeMTMC-reID/query\0086_c3_f0042905.jpg,86,3,False,2,False,stayed_inside20,1,True,stayed_inside20,1,True,stayed_inside20
120,D:\deep-person-reid\reid-data\dukemtmc-reid\DukeMTMC-reID/query\0086_c4_f0037335.jpg,86,1,True,1,True,stayed_inside20,1,True,stayed_inside20,1,True,stayed_inside20
121,D:\deep-person-reid\reid-data\dukemtmc-reid\DukeMTMC-reID/query\0088_c1_f0068997.jpg,88,3,False,2,False,stayed_inside20,3,False,stayed_inside20,1,True,stayed_inside20
122,D:\deep-person-reid\reid-data\dukemtmc-reid\DukeMTMC-reID/query\0088_c2_f0072748.jpg,88,31,False,36,False,stayed_outside20,3,False,outside20_to_inside20,3,False,outside20_to_inside20
123,D:\deep-person-reid\reid-data\dukemtmc-reid\DukeMTMC-reID/query\0088_c3_f0050799.jpg,88,1,True,1,True,stayed_inside20,9,False,stayed_inside20,9,False,stayed_inside20
124,D:\deep-person-reid\reid-data\dukemtmc-reid\DukeMTMC-reID/query\0088_c4_f0048648.jpg,88,259,False,341,False,stayed_outside20,541,False,stayed_outside20,802,False,stayed_outside20
125,D:\deep-person-reid\reid-data\dukemtmc-reid\DukeMTMC-reID/query\0089_c1_f0069226.jpg,89,752,False,2666,False,stayed_outside20,881,False,stayed_outside20,4661,False,stayed_outside20
126,D:\deep-person-reid\reid-data\dukemtmc-reid\DukeMTMC-reID/query\0089_c8_f0025415.jpg,89,7,False,7,False,stayed_inside20,63,False,inside20_to_outside20,29,False,inside20_to_outside20
127,D:\deep-person-reid\reid-data\dukemtmc-reid\DukeMTMC-reID/query\0090_c1_f0069115.jpg,90,48,False,1086,False,stayed_outside20,3,False,outside20_to_inside20,45,False,stayed_outside20
128,D:\deep-person-reid\reid-data\dukemtmc-reid\DukeMTMC-reID/query\0090_c2_f0073203.jpg,90,7,False,13,False,stayed_inside20,36,False,inside20_to_outside20,79,False,inside20_to_outside20
129,D:\deep-person-reid\reid-data\dukemtmc-reid\DukeMTMC-reID/query\0091_c1_f0069493.jpg,91,2,False,4,False,stayed_inside20,11,False,stayed_inside20,236,False,inside20_to_outside20
130,D:\deep-person-reid\reid-data\dukemtmc-reid\DukeMTMC-reID/query\0091_c2_f0073387.jpg,91,834,False,1353,False,stayed_outside20,1502,False,stayed_outside20,1686,False,stayed_outside20
131,D:\deep-person-reid\reid-data\dukemtmc-reid\DukeMTMC-reID/query\0092_c1_f0069453.jpg,92,64,False,431,False,stayed_outside20,23,False,stayed_outside20,346,False,stayed_outside20
132,D:\deep-person-reid\reid-data\dukemtmc-reid\DukeMTMC-reID/query\0092_c2_f0073285.jpg,92,1,True,1,True,stayed_inside20,1,True,stayed_inside20,1,True,stayed_inside20
133,D:\deep-person-reid\reid-data\dukemtmc-reid\DukeMTMC-reID/query\0095_c1_f0069660.jpg,95,24,False,466,False,stayed_outside20,57,False,stayed_outside20,977,False,stayed_outside20
134,D:\deep-person-reid\reid-data\dukemtmc-reid\DukeMTMC-reID/query\0095_c2_f0073463.jpg,95,1,True,1,True,stayed_inside20,1,True,stayed_inside20,1,True,stayed_inside20
135,D:\deep-person-reid\reid-data\dukemtmc-reid\DukeMTMC-reID/query\0095_c5_f0078456.jpg,95,1,True,1,True,stayed_inside20,1,True,stayed_inside20,1,True,stayed_inside20
136,D:\deep-person-reid\reid-data\dukemtmc-reid\DukeMTMC-reID/query\0095_c6_f0057884.jpg,95,1,True,1,True,stayed_inside20,1,True,stayed_inside20,1,True,stayed_inside20
137,D:\deep-person-reid\reid-data\dukemtmc-reid\DukeMTMC-reID/query\0097_c1_f0069940.jpg,97,4,False,8,False,stayed_inside20,1,True,stayed_inside20,1,True,stayed_inside20
138,D:\deep-person-reid\reid-data\dukemtmc-reid\DukeMTMC-reID/query\0097_c2_f0069843.jpg,97,1,True,2,False,stayed_inside20,1639,False,inside20_to_outside20,4029,False,inside20_to_outside20
139,D:\deep-person-reid\reid-data\dukemtmc-reid\DukeMTMC-reID/query\0098_c1_f0069984.jpg,98,5502,False,2766,False,stayed_outside20,5746,False,stayed_outside20,2887,False,stayed_outside20
140,D:\deep-person-reid\reid-data\dukemtmc-reid\DukeMTMC-reID/query\0098_c2_f0074170.jpg,98,2,False,1,True,stayed_inside20,18,False,stayed_inside20,14,False,stayed_inside20
141,D:\deep-person-reid\reid-data\dukemtmc-reid\DukeMTMC-reID/query\0098_c5_f0078829.jpg,98,1,True,1,True,stayed_inside20,1,True,stayed_inside20,1,True,stayed_inside20
142,D:\deep-person-reid\reid-data\dukemtmc-reid\DukeMTMC-reID/query\0098_c6_f0057892.jpg,98,12,False,76,False,inside20_to_outside20,33,False,inside20_to_outside20,154,False,inside20_to_outside20
143,D:\deep-person-reid\reid-data\dukemtmc-reid\DukeMTMC-reID/query\0099_c1_f0070437.jpg,99,134,False,606,False,stayed_outside20,268,False,stayed_outside20,796,False,stayed_outside20
144,D:\deep-person-reid\reid-data\dukemtmc-reid\DukeMTMC-reID/query\0099_c2_f0069951.jpg,99,242,False,113,False,stayed_outside20,298,False,stayed_outside20,225,False,stayed_outside20
145,D:\deep-person-reid\reid-data\dukemtmc-reid\DukeMTMC-reID/query\0099_c3_f0045400.jpg,99,62,False,108,False,stayed_outside20,229,False,stayed_outside20,237,False,stayed_outside20
146,D:\deep-person-reid\reid-data\dukemtmc-reid\DukeMTMC-reID/query\0099_c4_f0039646.jpg,99,157,False,116,False,stayed_outside20,627,False,stayed_outside20,119,False,stayed_outside20
147,D:\deep-person-reid\reid-data\dukemtmc-reid\DukeMTMC-reID/query\0101_c1_f0070929.jpg,101,9026,False,9189,False,stayed_outside20,8707,False,stayed_outside20,10233,False,stayed_outside20
148,D:\deep-person-reid\reid-data\dukemtmc-reid\DukeMTMC-reID/query\0101_c2_f0070591.jpg,101,108,False,136,False,stayed_outside20,47,False,stayed_outside20,132,False,stayed_outside20
149,D:\deep-person-reid\reid-data\dukemtmc-reid\DukeMTMC-reID/query\0103_c1_f0070571.jpg,103,2398,False,3894,False,stayed_outside20,2605,False,stayed_outside20,2923,False,stayed_outside20
150,D:\deep-person-reid\reid-data\dukemtmc-reid\DukeMTMC-reID/query\0103_c2_f0070498.jpg,103,1,True,1,True,stayed_inside20,1,True,stayed_inside20,1,True,stayed_inside20
151,D:\deep-person-reid\reid-data\dukemtmc-reid\DukeMTMC-reID/query\0103_c5_f0073085.jpg,103,1,True,1,True,stayed_inside20,1,True,stayed_inside20,1,True,stayed_inside20
152,D:\deep-person-reid\reid-data\dukemtmc-reid\DukeMTMC-reID/query\0103_c6_f0049155.jpg,103,2,False,64,False,inside20_to_outside20,25,False,inside20_to_outside20,2361,False,inside20_to_outside20
153,D:\deep-person-reid\reid-data\dukemtmc-reid\DukeMTMC-reID/query\0106_c1_f0071620.jpg,106,1487,False,2924,False,stayed_outside20,3164,False,stayed_outside20,4155,False,stayed_outside20
154,D:\deep-person-reid\reid-data\dukemtmc-reid\DukeMTMC-reID/query\0106_c2_f0071469.jpg,106,209,False,195,False,stayed_outside20,1318,False,stayed_outside20,1280,False,stayed_outside20
155,D:\deep-person-reid\reid-data\dukemtmc-reid\DukeMTMC-reID/query\0106_c3_f0046940.jpg,106,67,False,222,False,stayed_outside20,71,False,stayed_outside20,258,False,stayed_outside20
156,D:\deep-person-reid\reid-data\dukemtmc-reid\DukeMTMC-reID/query\0106_c4_f0041356.jpg,106,362,False,562,False,stayed_outside20,888,False,stayed_outside20,983,False,stayed_outside20
157,D:\deep-person-reid\reid-data\dukemtmc-reid\DukeMTMC-reID/query\0107_c1_f0071282.jpg,107,228,False,738,False,stayed_outside20,701,False,stayed_outside20,1757,False,stayed_outside20
158,D:\deep-person-reid\reid-data\dukemtmc-reid\DukeMTMC-reID/query\0107_c2_f0071824.jpg,107,132,False,409,False,stayed_outside20,288,False,stayed_outside20,918,False,stayed_outside20
159,D:\deep-person-reid\reid-data\dukemtmc-reid\DukeMTMC-reID/query\0107_c3_f0046827.jpg,107,482,False,1121,False,stayed_outside20,1333,False,stayed_outside20,2144,False,stayed_outside20
160,D:\deep-person-reid\reid-data\dukemtmc-reid\DukeMTMC-reID/query\0107_c4_f0041266.jpg,107,925,False,615,False,stayed_outside20,1088,False,stayed_outside20,1049,False,stayed_outside20
161,D:\deep-person-reid\reid-data\dukemtmc-reid\DukeMTMC-reID/query\0109_c1_f0071918.jpg,109,1,True,1,True,stayed_inside20,1,True,stayed_inside20,1,True,stayed_inside20
162,D:\deep-person-reid\reid-data\dukemtmc-reid\DukeMTMC-reID/query\0109_c2_f0075456.jpg,109,12,False,36,False,inside20_to_outside20,12,False,stayed_inside20,61,False,inside20_to_outside20
163,D:\deep-person-reid\reid-data\dukemtmc-reid\DukeMTMC-reID/query\0109_c5_f0080415.jpg,109,1,True,1,True,stayed_inside20,1,True,stayed_inside20,1,True,stayed_inside20
164,D:\deep-person-reid\reid-data\dukemtmc-reid\DukeMTMC-reID/query\0109_c6_f0059222.jpg,109,655,False,2004,False,stayed_outside20,751,False,stayed_outside20,2275,False,stayed_outside20
165,D:\deep-person-reid\reid-data\dukemtmc-reid\DukeMTMC-reID/query\0111_c1_f0071894.jpg,111,188,False,639,False,stayed_outside20,258,False,stayed_outside20,854,False,stayed_outside20
166,D:\deep-person-reid\reid-data\dukemtmc-reid\DukeMTMC-reID/query\0111_c6_f0049513.jpg,111,1,True,2,False,stayed_inside20,1,True,stayed_inside20,1,True,stayed_inside20
167,D:\deep-person-reid\reid-data\dukemtmc-reid\DukeMTMC-reID/query\0111_c7_f0054563.jpg,111,1,True,7,False,stayed_inside20,1,True,stayed_inside20,3,False,stayed_inside20
168,D:\deep-person-reid\reid-data\dukemtmc-reid\DukeMTMC-reID/query\0111_c8_f0028190.jpg,111,40,False,88,False,stayed_outside20,137,False,stayed_outside20,87,False,stayed_outside20
169,D:\deep-person-reid\reid-data\dukemtmc-reid\DukeMTMC-reID/query\0112_c1_f0073159.jpg,112,1,True,1,True,stayed_inside20,1,True,stayed_inside20,1,True,stayed_inside20
170,D:\deep-person-reid\reid-data\dukemtmc-reid\DukeMTMC-reID/query\0112_c2_f0072749.jpg,112,1,True,1,True,stayed_inside20,2,False,stayed_inside20,2,False,stayed_inside20
171,D:\deep-person-reid\reid-data\dukemtmc-reid\DukeMTMC-reID/query\0112_c5_f0074748.jpg,112,1,True,1,True,stayed_inside20,1,True,stayed_inside20,1,True,stayed_inside20
172,D:\deep-person-reid\reid-data\dukemtmc-reid\DukeMTMC-reID/query\0112_c6_f0050859.jpg,112,2,False,1,True,stayed_inside20,1,True,stayed_inside20,1,True,stayed_inside20
173,D:\deep-person-reid\reid-data\dukemtmc-reid\DukeMTMC-reID/query\0114_c1_f0073078.jpg,114,2,False,1,True,stayed_inside20,2,False,stayed_inside20,1,True,stayed_inside20
174,D:\deep-person-reid\reid-data\dukemtmc-reid\DukeMTMC-reID/query\0114_c2_f0077664.jpg,114,3,False,2,False,stayed_inside20,2,False,stayed_inside20,1,True,stayed_inside20
175,D:\deep-person-reid\reid-data\dukemtmc-reid\DukeMTMC-reID/query\0114_c5_f0081918.jpg,114,1,True,1,True,stayed_inside20,1,True,stayed_inside20,1,True,stayed_inside20
176,D:\deep-person-reid\reid-data\dukemtmc-reid\DukeMTMC-reID/query\0114_c6_f0061083.jpg,114,4,False,6,False,stayed_inside20,9,False,stayed_inside20,26,False,inside20_to_outside20
177,D:\deep-person-reid\reid-data\dukemtmc-reid\DukeMTMC-reID/query\0115_c1_f0073267.jpg,115,1,True,5,False,stayed_inside20,4,False,stayed_inside20,13,False,stayed_inside20
178,D:\deep-person-reid\reid-data\dukemtmc-reid\DukeMTMC-reID/query\0115_c2_f0077031.jpg,115,705,False,908,False,stayed_outside20,1092,False,stayed_outside20,1106,False,stayed_outside20
179,D:\deep-person-reid\reid-data\dukemtmc-reid\DukeMTMC-reID/query\0117_c1_f0073562.jpg,117,7,False,5,False,stayed_inside20,9,False,stayed_inside20,9,False,stayed_inside20
180,D:\deep-person-reid\reid-data\dukemtmc-reid\DukeMTMC-reID/query\0117_c2_f0077735.jpg,117,2,False,2,False,stayed_inside20,1,True,stayed_inside20,1,True,stayed_inside20
181,D:\deep-person-reid\reid-data\dukemtmc-reid\DukeMTMC-reID/query\0117_c5_f0083624.jpg,117,5,False,5,False,stayed_inside20,4,False,stayed_inside20,5,False,stayed_inside20
182,D:\deep-person-reid\reid-data\dukemtmc-reid\DukeMTMC-reID/query\0117_c6_f0063167.jpg,117,13,False,11,False,stayed_inside20,278,False,inside20_to_outside20,447,False,inside20_to_outside20
183,D:\deep-person-reid\reid-data\dukemtmc-reid\DukeMTMC-reID/query\0118_c1_f0073696.jpg,118,3,False,1,True,stayed_inside20,3,False,stayed_inside20,6,False,stayed_inside20
184,D:\deep-person-reid\reid-data\dukemtmc-reid\DukeMTMC-reID/query\0118_c2_f0078101.jpg,118,2,False,1,True,stayed_inside20,4,False,stayed_inside20,3,False,stayed_inside20
185,D:\deep-person-reid\reid-data\dukemtmc-reid\DukeMTMC-reID/query\0118_c5_f0083382.jpg,118,6,False,5,False,stayed_inside20,3,False,stayed_inside20,1,True,stayed_inside20
186,D:\deep-person-reid\reid-data\dukemtmc-reid\DukeMTMC-reID/query\0118_c6_f0062917.jpg,118,3,False,2,False,stayed_inside20,4,False,stayed_inside20,1,True,stayed_inside20
187,D:\deep-person-reid\reid-data\dukemtmc-reid\DukeMTMC-reID/query\0119_c1_f0074020.jpg,119,865,False,882,False,stayed_outside20,923,False,stayed_outside20,899,False,stayed_outside20
188,D:\deep-person-reid\reid-data\dukemtmc-reid\DukeMTMC-reID/query\0119_c2_f0073254.jpg,119,1,True,1,True,stayed_inside20,1,True,stayed_inside20,1,True,stayed_inside20
189,D:\deep-person-reid\reid-data\dukemtmc-reid\DukeMTMC-reID/query\0119_c5_f0075796.jpg,119,1,True,1,True,stayed_inside20,1,True,stayed_inside20,1,True,stayed_inside20
190,D:\deep-person-reid\reid-data\dukemtmc-reid\DukeMTMC-reID/query\0119_c6_f0051559.jpg,119,2,False,1,True,stayed_inside20,1,True,stayed_inside20,1,True,stayed_inside20
191,D:\deep-person-reid\reid-data\dukemtmc-reid\DukeMTMC-reID/query\0119_c7_f0055889.jpg,119,1,True,1,True,stayed_inside20,1,True,stayed_inside20,1,True,stayed_inside20
192,D:\deep-person-reid\reid-data\dukemtmc-reid\DukeMTMC-reID/query\0122_c1_f0074953.jpg,122,1344,False,3584,False,stayed_outside20,1279,False,stayed_outside20,2964,False,stayed_outside20
193,D:\deep-person-reid\reid-data\dukemtmc-reid\DukeMTMC-reID/query\0122_c8_f0030900.jpg,122,2,False,5,False,stayed_inside20,1,True,stayed_inside20,2,False,stayed_inside20
194,D:\deep-person-reid\reid-data\dukemtmc-reid\DukeMTMC-reID/query\0123_c1_f0075115.jpg,123,1,True,1,True,stayed_inside20,1,True,stayed_inside20,1,True,stayed_inside20
195,D:\deep-person-reid\reid-data\dukemtmc-reid\DukeMTMC-reID/query\0123_c2_f0075327.jpg,123,1,True,1,True,stayed_inside20,1,True,stayed_inside20,1,True,stayed_inside20
196,D:\deep-person-reid\reid-data\dukemtmc-reid\DukeMTMC-reID/query\0123_c3_f0050437.jpg,123,26,False,101,False,stayed_outside20,90,False,stayed_outside20,3398,False,stayed_outside20
197,D:\deep-person-reid\reid-data\dukemtmc-reid\DukeMTMC-reID/query\0123_c4_f0044820.jpg,123,103,False,124,False,stayed_outside20,41,False,stayed_outside20,81,False,stayed_outside20
198,D:\deep-person-reid\reid-data\dukemtmc-reid\DukeMTMC-reID/query\0125_c1_f0075694.jpg,125,123,False,709,False,stayed_outside20,451,False,stayed_outside20,1365,False,stayed_outside20
199,D:\deep-person-reid\reid-data\dukemtmc-reid\DukeMTMC-reID/query\0125_c2_f0082051.jpg,125,31,False,11,False,outside20_to_inside20,48,False,stayed_outside20,6,False,outside20_to_inside20
200,D:\deep-person-reid\reid-data\dukemtmc-reid\DukeMTMC-reID/query\0126_c1_f0075856.jpg,126,1,True,1,True,stayed_inside20,1,True,stayed_inside20,1,True,stayed_inside20
201,D:\deep-person-reid\reid-data\dukemtmc-reid\DukeMTMC-reID/query\0126_c2_f0082292.jpg,126,1,True,1,True,stayed_inside20,1,True,stayed_inside20,1,True,stayed_inside20
202,D:\deep-person-reid\reid-data\dukemtmc-reid\DukeMTMC-reID/query\0126_c3_f0059549.jpg,126,41,False,657,False,stayed_outside20,49,False,stayed_outside20,1032,False,stayed_outside20
203,D:\deep-person-reid\reid-data\dukemtmc-reid\DukeMTMC-reID/query\0126_c5_f0088074.jpg,126,2,False,2,False,stayed_inside20,1,True,stayed_inside20,1,True,stayed_inside20
204,D:\deep-person-reid\reid-data\dukemtmc-reid\DukeMTMC-reID/query\0126_c6_f0067383.jpg,126,1,True,1,True,stayed_inside20,1,True,stayed_inside20,1,True,stayed_inside20
205,D:\deep-person-reid\reid-data\dukemtmc-reid\DukeMTMC-reID/query\0127_c1_f0075956.jpg,127,63,False,528,False,stayed_outside20,88,False,stayed_outside20,310,False,stayed_outside20
206,D:\deep-person-reid\reid-data\dukemtmc-reid\DukeMTMC-reID/query\0127_c2_f0075875.jpg,127,28,False,21,False,stayed_outside20,111,False,stayed_outside20,20,False,outside20_to_inside20
207,D:\deep-person-reid\reid-data\dukemtmc-reid\DukeMTMC-reID/query\0128_c1_f0076112.jpg,128,862,False,1086,False,stayed_outside20,1221,False,stayed_outside20,1309,False,stayed_outside20
208,D:\deep-person-reid\reid-data\dukemtmc-reid\DukeMTMC-reID/query\0128_c2_f0080602.jpg,128,1351,False,1562,False,stayed_outside20,602,False,stayed_outside20,1987,False,stayed_outside20
209,D:\deep-person-reid\reid-data\dukemtmc-reid\DukeMTMC-reID/query\0128_c3_f0057862.jpg,128,726,False,1313,False,stayed_outside20,491,False,stayed_outside20,1218,False,stayed_outside20
210,D:\deep-person-reid\reid-data\dukemtmc-reid\DukeMTMC-reID/query\0128_c4_f0055645.jpg,128,374,False,347,False,stayed_outside20,751,False,stayed_outside20,587,False,stayed_outside20
211,D:\deep-person-reid\reid-data\dukemtmc-reid\DukeMTMC-reID/query\0134_c1_f0077129.jpg,134,347,False,1372,False,stayed_outside20,68,False,stayed_outside20,245,False,stayed_outside20
212,D:\deep-person-reid\reid-data\dukemtmc-reid\DukeMTMC-reID/query\0134_c2_f0080749.jpg,134,411,False,890,False,stayed_outside20,909,False,stayed_outside20,838,False,stayed_outside20
213,D:\deep-person-reid\reid-data\dukemtmc-reid\DukeMTMC-reID/query\0134_c5_f0085984.jpg,134,8,False,28,False,inside20_to_outside20,5,False,stayed_inside20,44,False,inside20_to_outside20
214,D:\deep-person-reid\reid-data\dukemtmc-reid\DukeMTMC-reID/query\0134_c6_f0065112.jpg,134,214,False,398,False,stayed_outside20,55,False,stayed_outside20,148,False,stayed_outside20
215,D:\deep-person-reid\reid-data\dukemtmc-reid\DukeMTMC-reID/query\0134_c7_f0067627.jpg,134,1916,False,2093,False,stayed_outside20,1464,False,stayed_outside20,1325,False,stayed_outside20
216,D:\deep-person-reid\reid-data\dukemtmc-reid\DukeMTMC-reID/query\0135_c1_f0077630.jpg,135,1,True,1,True,stayed_inside20,1,True,stayed_inside20,1,True,stayed_inside20
217,D:\deep-person-reid\reid-data\dukemtmc-reid\DukeMTMC-reID/query\0135_c2_f0077417.jpg,135,1,True,1,True,stayed_inside20,1,True,stayed_inside20,1,True,stayed_inside20
218,D:\deep-person-reid\reid-data\dukemtmc-reid\DukeMTMC-reID/query\0135_c3_f0052337.jpg,135,2,False,1,True,stayed_inside20,7,False,stayed_inside20,2,False,stayed_inside20
219,D:\deep-person-reid\reid-data\dukemtmc-reid\DukeMTMC-reID/query\0135_c4_f0046746.jpg,135,191,False,85,False,stayed_outside20,269,False,stayed_outside20,195,False,stayed_outside20
220,D:\deep-person-reid\reid-data\dukemtmc-reid\DukeMTMC-reID/query\0136_c1_f0078663.jpg,136,1,True,1,True,stayed_inside20,1,True,stayed_inside20,1,True,stayed_inside20
221,D:\deep-person-reid\reid-data\dukemtmc-reid\DukeMTMC-reID/query\0136_c5_f0081046.jpg,136,1,True,1,True,stayed_inside20,1,True,stayed_inside20,1,True,stayed_inside20
222,D:\deep-person-reid\reid-data\dukemtmc-reid\DukeMTMC-reID/query\0136_c6_f0057115.jpg,136,36,False,15,False,outside20_to_inside20,14,False,outside20_to_inside20,39,False,stayed_outside20
223,D:\deep-person-reid\reid-data\dukemtmc-reid\DukeMTMC-reID/query\0137_c1_f0077186.jpg,137,5,False,17,False,stayed_inside20,1,True,stayed_inside20,4,False,stayed_inside20
224,D:\deep-person-reid\reid-data\dukemtmc-reid\DukeMTMC-reID/query\0137_c2_f0081748.jpg,137,1,True,1,True,stayed_inside20,1,True,stayed_inside20,4,False,stayed_inside20
225,D:\deep-person-reid\reid-data\dukemtmc-reid\DukeMTMC-reID/query\0137_c5_f0087182.jpg,137,6,False,3,False,stayed_inside20,22,False,inside20_to_outside20,133,False,inside20_to_outside20
226,D:\deep-person-reid\reid-data\dukemtmc-reid\DukeMTMC-reID/query\0137_c6_f0066560.jpg,137,76,False,8,False,outside20_to_inside20,2,False,outside20_to_inside20,1,True,outside20_to_inside20
227,D:\deep-person-reid\reid-data\dukemtmc-reid\DukeMTMC-reID/query\0137_c7_f0069000.jpg,137,76,False,39,False,stayed_outside20,33,False,stayed_outside20,18,False,outside20_to_inside20
228,D:\deep-person-reid\reid-data\dukemtmc-reid\DukeMTMC-reID/query\0140_c6_f0169521.jpg,140,1,True,1,True,stayed_inside20,1,True,stayed_inside20,1,True,stayed_inside20
229,D:\deep-person-reid\reid-data\dukemtmc-reid\DukeMTMC-reID/query\0140_c7_f0172289.jpg,140,2,False,1,True,stayed_inside20,3,False,stayed_inside20,11,False,stayed_inside20
230,D:\deep-person-reid\reid-data\dukemtmc-reid\DukeMTMC-reID/query\0140_c8_f0141968.jpg,140,547,False,1958,False,stayed_outside20,477,False,stayed_outside20,1961,False,stayed_outside20
231,D:\deep-person-reid\reid-data\dukemtmc-reid\DukeMTMC-reID/query\0142_c1_f0079321.jpg,142,4530,False,6549,False,stayed_outside20,5621,False,stayed_outside20,5490,False,stayed_outside20
232,D:\deep-person-reid\reid-data\dukemtmc-reid\DukeMTMC-reID/query\0142_c2_f0078414.jpg,142,62,False,180,False,stayed_outside20,393,False,stayed_outside20,1285,False,stayed_outside20
233,D:\deep-person-reid\reid-data\dukemtmc-reid\DukeMTMC-reID/query\0143_c1_f0079382.jpg,143,1,True,3,False,stayed_inside20,1,True,stayed_inside20,1,True,stayed_inside20
234,D:\deep-person-reid\reid-data\dukemtmc-reid\DukeMTMC-reID/query\0143_c2_f0079493.jpg,143,2,False,2,False,stayed_inside20,2,False,stayed_inside20,2,False,stayed_inside20
235,D:\deep-person-reid\reid-data\dukemtmc-reid\DukeMTMC-reID/query\0143_c3_f0055055.jpg,143,82,False,1425,False,stayed_outside20,157,False,stayed_outside20,1013,False,stayed_outside20
236,D:\deep-person-reid\reid-data\dukemtmc-reid\DukeMTMC-reID/query\0143_c4_f0049743.jpg,143,67,False,137,False,stayed_outside20,26,False,stayed_outside20,38,False,stayed_outside20
237,D:\deep-person-reid\reid-data\dukemtmc-reid\DukeMTMC-reID/query\0145_c1_f0080150.jpg,145,89,False,806,False,stayed_outside20,419,False,stayed_outside20,1012,False,stayed_outside20
238,D:\deep-person-reid\reid-data\dukemtmc-reid\DukeMTMC-reID/query\0145_c2_f0079839.jpg,145,6058,False,12032,False,stayed_outside20,6682,False,stayed_outside20,7950,False,stayed_outside20
239,D:\deep-person-reid\reid-data\dukemtmc-reid\DukeMTMC-reID/query\0147_c1_f0080216.jpg,147,1,True,1,True,stayed_inside20,1,True,stayed_inside20,1,True,stayed_inside20
240,D:\deep-person-reid\reid-data\dukemtmc-reid\DukeMTMC-reID/query\0147_c2_f0080236.jpg,147,1,True,1,True,stayed_inside20,1,True,stayed_inside20,1,True,stayed_inside20
241,D:\deep-person-reid\reid-data\dukemtmc-reid\DukeMTMC-reID/query\0147_c3_f0055390.jpg,147,7,False,10,False,stayed_inside20,1,True,stayed_inside20,1,True,stayed_inside20
242,D:\deep-person-reid\reid-data\dukemtmc-reid\DukeMTMC-reID/query\0147_c4_f0049659.jpg,147,46,False,93,False,stayed_outside20,6,False,outside20_to_inside20,17,False,outside20_to_inside20
243,D:\deep-person-reid\reid-data\dukemtmc-reid\DukeMTMC-reID/query\0149_c1_f0080969.jpg,149,7,False,69,False,inside20_to_outside20,1,True,stayed_inside20,242,False,inside20_to_outside20
244,D:\deep-person-reid\reid-data\dukemtmc-reid\DukeMTMC-reID/query\0149_c2_f0080441.jpg,149,55,False,3,False,outside20_to_inside20,22,False,stayed_outside20,2,False,outside20_to_inside20
245,D:\deep-person-reid\reid-data\dukemtmc-reid\DukeMTMC-reID/query\0150_c1_f0081618.jpg,150,2,False,5,False,stayed_inside20,2,False,stayed_inside20,1,True,stayed_inside20
246,D:\deep-person-reid\reid-data\dukemtmc-reid\DukeMTMC-reID/query\0150_c2_f0081488.jpg,150,7,False,8,False,stayed_inside20,7,False,stayed_inside20,7,False,stayed_inside20
247,D:\deep-person-reid\reid-data\dukemtmc-reid\DukeMTMC-reID/query\0150_c3_f0057189.jpg,150,3,False,10,False,stayed_inside20,6,False,stayed_inside20,25,False,inside20_to_outside20
248,D:\deep-person-reid\reid-data\dukemtmc-reid\DukeMTMC-reID/query\0150_c4_f0051201.jpg,150,448,False,344,False,stayed_outside20,821,False,stayed_outside20,281,False,stayed_outside20
249,D:\deep-person-reid\reid-data\dukemtmc-reid\DukeMTMC-reID/query\0151_c1_f0081634.jpg,151,10,False,32,False,inside20_to_outside20,56,False,inside20_to_outside20,234,False,inside20_to_outside20
250,D:\deep-person-reid\reid-data\dukemtmc-reid\DukeMTMC-reID/query\0151_c2_f0081962.jpg,151,2,False,8,False,stayed_inside20,1,True,stayed_inside20,16,False,stayed_inside20
251,D:\deep-person-reid\reid-data\dukemtmc-reid\DukeMTMC-reID/query\0151_c3_f0057069.jpg,151,60,False,222,False,stayed_outside20,73,False,stayed_outside20,374,False,stayed_outside20
252,D:\deep-person-reid\reid-data\dukemtmc-reid\DukeMTMC-reID/query\0151_c4_f0051330.jpg,151,735,False,987,False,stayed_outside20,2238,False,stayed_outside20,2370,False,stayed_outside20
253,D:\deep-person-reid\reid-data\dukemtmc-reid\DukeMTMC-reID/query\0158_c1_f0082789.jpg,158,1110,False,1292,False,stayed_outside20,1956,False,stayed_outside20,2145,False,stayed_outside20
254,D:\deep-person-reid\reid-data\dukemtmc-reid\DukeMTMC-reID/query\0158_c2_f0087593.jpg,158,3,False,5,False,stayed_inside20,9,False,stayed_inside20,3,False,stayed_inside20
255,D:\deep-person-reid\reid-data\dukemtmc-reid\DukeMTMC-reID/query\0158_c3_f0064720.jpg,158,27,False,114,False,stayed_outside20,99,False,stayed_outside20,418,False,stayed_outside20
256,D:\deep-person-reid\reid-data\dukemtmc-reid\DukeMTMC-reID/query\0158_c4_f0062235.jpg,158,1,True,1,True,stayed_inside20,5,False,stayed_inside20,79,False,inside20_to_outside20
257,D:\deep-person-reid\reid-data\dukemtmc-reid\DukeMTMC-reID/query\0159_c1_f0083327.jpg,159,1,True,1,True,stayed_inside20,1,True,stayed_inside20,1,True,stayed_inside20
258,D:\deep-person-reid\reid-data\dukemtmc-reid\DukeMTMC-reID/query\0159_c5_f0091883.jpg,159,1,True,1,True,stayed_inside20,1,True,stayed_inside20,1,True,stayed_inside20
259,D:\deep-person-reid\reid-data\dukemtmc-reid\DukeMTMC-reID/query\0159_c6_f0071162.jpg,159,1,True,1,True,stayed_inside20,1,True,stayed_inside20,1,True,stayed_inside20
260,D:\deep-person-reid\reid-data\dukemtmc-reid\DukeMTMC-reID/query\0159_c7_f0073341.jpg,159,2,False,6,False,stayed_inside20,7,False,stayed_inside20,418,False,inside20_to_outside20
261,D:\deep-person-reid\reid-data\dukemtmc-reid\DukeMTMC-reID/query\0162_c2_f0083708.jpg,162,142,False,72,False,stayed_outside20,234,False,stayed_outside20,27,False,stayed_outside20
262,D:\deep-person-reid\reid-data\dukemtmc-reid\DukeMTMC-reID/query\0162_c3_f0059179.jpg,162,8,False,9,False,stayed_inside20,10,False,stayed_inside20,37,False,inside20_to_outside20
263,D:\deep-person-reid\reid-data\dukemtmc-reid\DukeMTMC-reID/query\0162_c4_f0053991.jpg,162,81,False,81,False,stayed_outside20,48,False,stayed_outside20,16,False,outside20_to_inside20
264,D:\deep-person-reid\reid-data\dukemtmc-reid\DukeMTMC-reID/query\0163_c1_f0083674.jpg,163,2,False,1,True,stayed_inside20,1,True,stayed_inside20,1,True,stayed_inside20
265,D:\deep-person-reid\reid-data\dukemtmc-reid\DukeMTMC-reID/query\0163_c2_f0082913.jpg,163,1,True,1,True,stayed_inside20,1,True,stayed_inside20,1,True,stayed_inside20
266,D:\deep-person-reid\reid-data\dukemtmc-reid\DukeMTMC-reID/query\0163_c5_f0084927.jpg,163,1,True,1,True,stayed_inside20,1,True,stayed_inside20,1,True,stayed_inside20
267,D:\deep-person-reid\reid-data\dukemtmc-reid\DukeMTMC-reID/query\0163_c6_f0060876.jpg,163,1,True,1,True,stayed_inside20,2,False,stayed_inside20,1,True,stayed_inside20
268,D:\deep-person-reid\reid-data\dukemtmc-reid\DukeMTMC-reID/query\0167_c1_f0084519.jpg,167,4187,False,3898,False,stayed_outside20,3105,False,stayed_outside20,3444,False,stayed_outside20
269,D:\deep-person-reid\reid-data\dukemtmc-reid\DukeMTMC-reID/query\0167_c2_f0084455.jpg,167,397,False,120,False,stayed_outside20,2123,False,stayed_outside20,1656,False,stayed_outside20
270,D:\deep-person-reid\reid-data\dukemtmc-reid\DukeMTMC-reID/query\0169_c1_f0085186.jpg,169,28,False,1,True,outside20_to_inside20,20,False,outside20_to_inside20,2,False,outside20_to_inside20
271,D:\deep-person-reid\reid-data\dukemtmc-reid\DukeMTMC-reID/query\0169_c8_f0040940.jpg,169,2,False,2,False,stayed_inside20,1,True,stayed_inside20,1,True,stayed_inside20
272,D:\deep-person-reid\reid-data\dukemtmc-reid\DukeMTMC-reID/query\0170_c1_f0084957.jpg,170,5,False,197,False,inside20_to_outside20,2,False,stayed_inside20,235,False,inside20_to_outside20
273,D:\deep-person-reid\reid-data\dukemtmc-reid\DukeMTMC-reID/query\0170_c2_f0089028.jpg,170,1,True,4,False,stayed_inside20,1,True,stayed_inside20,1,True,stayed_inside20
274,D:\deep-person-reid\reid-data\dukemtmc-reid\DukeMTMC-reID/query\0170_c3_f0066729.jpg,170,11,False,38,False,inside20_to_outside20,26,False,inside20_to_outside20,331,False,inside20_to_outside20
275,D:\deep-person-reid\reid-data\dukemtmc-reid\DukeMTMC-reID/query\0170_c4_f0064924.jpg,170,662,False,453,False,stayed_outside20,836,False,stayed_outside20,1458,False,stayed_outside20
276,D:\deep-person-reid\reid-data\dukemtmc-reid\DukeMTMC-reID/query\0171_c1_f0085696.jpg,171,495,False,1893,False,stayed_outside20,727,False,stayed_outside20,1767,False,stayed_outside20
277,D:\deep-person-reid\reid-data\dukemtmc-reid\DukeMTMC-reID/query\0171_c2_f0090097.jpg,171,1,True,1,True,stayed_inside20,1,True,stayed_inside20,1,True,stayed_inside20
278,D:\deep-person-reid\reid-data\dukemtmc-reid\DukeMTMC-reID/query\0171_c3_f0068160.jpg,171,201,False,1373,False,stayed_outside20,1640,False,stayed_outside20,5646,False,stayed_outside20
279,D:\deep-person-reid\reid-data\dukemtmc-reid\DukeMTMC-reID/query\0174_c1_f0085552.jpg,174,4,False,2,False,stayed_inside20,2,False,stayed_inside20,1,True,stayed_inside20
280,D:\deep-person-reid\reid-data\dukemtmc-reid\DukeMTMC-reID/query\0174_c2_f0090920.jpg,174,17,False,1,True,stayed_inside20,4,False,stayed_inside20,1,True,stayed_inside20
281,D:\deep-person-reid\reid-data\dukemtmc-reid\DukeMTMC-reID/query\0175_c1_f0085610.jpg,175,71,False,1006,False,stayed_outside20,71,False,stayed_outside20,1128,False,stayed_outside20
282,D:\deep-person-reid\reid-data\dukemtmc-reid\DukeMTMC-reID/query\0175_c2_f0090254.jpg,175,3,False,1,True,stayed_inside20,14,False,stayed_inside20,16,False,stayed_inside20
283,D:\deep-person-reid\reid-data\dukemtmc-reid\DukeMTMC-reID/query\0180_c1_f0086713.jpg,180,1,True,1,True,stayed_inside20,1,True,stayed_inside20,1,True,stayed_inside20
284,D:\deep-person-reid\reid-data\dukemtmc-reid\DukeMTMC-reID/query\0180_c2_f0090459.jpg,180,1,True,1,True,stayed_inside20,1,True,stayed_inside20,1,True,stayed_inside20
285,D:\deep-person-reid\reid-data\dukemtmc-reid\DukeMTMC-reID/query\0180_c5_f0095493.jpg,180,1,True,1,True,stayed_inside20,1,True,stayed_inside20,1,True,stayed_inside20
286,D:\deep-person-reid\reid-data\dukemtmc-reid\DukeMTMC-reID/query\0180_c6_f0074316.jpg,180,1,True,1,True,stayed_inside20,1,True,stayed_inside20,1,True,stayed_inside20
287,D:\deep-person-reid\reid-data\dukemtmc-reid\DukeMTMC-reID/query\0181_c1_f0086457.jpg,181,2353,False,3544,False,stayed_outside20,2354,False,stayed_outside20,2683,False,stayed_outside20
288,D:\deep-person-reid\reid-data\dukemtmc-reid\DukeMTMC-reID/query\0181_c2_f0091224.jpg,181,66,False,195,False,stayed_outside20,139,False,stayed_outside20,244,False,stayed_outside20
289,D:\deep-person-reid\reid-data\dukemtmc-reid\DukeMTMC-reID/query\0183_c1_f0087290.jpg,183,6952,False,12333,False,stayed_outside20,2424,False,stayed_outside20,4740,False,stayed_outside20
290,D:\deep-person-reid\reid-data\dukemtmc-reid\DukeMTMC-reID/query\0183_c7_f0069034.jpg,183,424,False,923,False,stayed_outside20,306,False,stayed_outside20,542,False,stayed_outside20
291,D:\deep-person-reid\reid-data\dukemtmc-reid\DukeMTMC-reID/query\0183_c8_f0042667.jpg,183,21,False,41,False,stayed_outside20,8,False,outside20_to_inside20,8,False,outside20_to_inside20
292,D:\deep-person-reid\reid-data\dukemtmc-reid\DukeMTMC-reID/query\0184_c1_f0086730.jpg,184,6,False,68,False,inside20_to_outside20,22,False,inside20_to_outside20,981,False,inside20_to_outside20
293,D:\deep-person-reid\reid-data\dukemtmc-reid\DukeMTMC-reID/query\0184_c2_f0087075.jpg,184,1,True,1,True,stayed_inside20,1,True,stayed_inside20,1,True,stayed_inside20
294,D:\deep-person-reid\reid-data\dukemtmc-reid\DukeMTMC-reID/query\0184_c3_f0061789.jpg,184,22,False,262,False,stayed_outside20,3,False,outside20_to_inside20,10,False,outside20_to_inside20
295,D:\deep-person-reid\reid-data\dukemtmc-reid\DukeMTMC-reID/query\0184_c4_f0056293.jpg,184,556,False,453,False,stayed_outside20,214,False,stayed_outside20,72,False,stayed_outside20
296,D:\deep-person-reid\reid-data\dukemtmc-reid\DukeMTMC-reID/query\0186_c1_f0086668.jpg,186,2,False,2,False,stayed_inside20,3,False,stayed_inside20,2,False,stayed_inside20
297,D:\deep-person-reid\reid-data\dukemtmc-reid\DukeMTMC-reID/query\0186_c6_f0065337.jpg,186,1,True,1,True,stayed_inside20,1,True,stayed_inside20,1,True,stayed_inside20
298,D:\deep-person-reid\reid-data\dukemtmc-reid\DukeMTMC-reID/query\0186_c7_f0069888.jpg,186,1,True,1,True,stayed_inside20,1,True,stayed_inside20,1,True,stayed_inside20
299,D:\deep-person-reid\reid-data\dukemtmc-reid\DukeMTMC-reID/query\0186_c8_f0043748.jpg,186,1,True,1,True,stayed_inside20,1,True,stayed_inside20,1,True,stayed_inside20
300,D:\deep-person-reid\reid-data\dukemtmc-reid\DukeMTMC-reID/query\0187_c1_f0087630.jpg,187,3,False,67,False,inside20_to_outside20,9,False,stayed_inside20,191,False,inside20_to_outside20
301,D:\deep-person-reid\reid-data\dukemtmc-reid\DukeMTMC-reID/query\0187_c2_f0092070.jpg,187,25,False,7,False,outside20_to_inside20,8,False,outside20_to_inside20,4,False,outside20_to_inside20
302,D:\deep-person-reid\reid-data\dukemtmc-reid\DukeMTMC-reID/query\0187_c3_f0069305.jpg,187,488,False,1673,False,stayed_outside20,1468,False,stayed_outside20,3699,False,stayed_outside20
303,D:\deep-person-reid\reid-data\dukemtmc-reid\DukeMTMC-reID/query\0187_c4_f0067179.jpg,187,511,False,738,False,stayed_outside20,1237,False,stayed_outside20,1028,False,stayed_outside20
304,D:\deep-person-reid\reid-data\dukemtmc-reid\DukeMTMC-reID/query\0188_c1_f0087974.jpg,188,468,False,1560,False,stayed_outside20,523,False,stayed_outside20,2193,False,stayed_outside20
305,D:\deep-person-reid\reid-data\dukemtmc-reid\DukeMTMC-reID/query\0188_c2_f0087626.jpg,188,1,True,1,True,stayed_inside20,1,True,stayed_inside20,1,True,stayed_inside20
306,D:\deep-person-reid\reid-data\dukemtmc-reid\DukeMTMC-reID/query\0188_c3_f0061909.jpg,188,3299,False,12108,False,stayed_outside20,7144,False,stayed_outside20,6367,False,stayed_outside20
307,D:\deep-person-reid\reid-data\dukemtmc-reid\DukeMTMC-reID/query\0192_c1_f0088088.jpg,192,60,False,929,False,stayed_outside20,1,True,outside20_to_inside20,138,False,stayed_outside20
308,D:\deep-person-reid\reid-data\dukemtmc-reid\DukeMTMC-reID/query\0192_c2_f0092522.jpg,192,74,False,14,False,outside20_to_inside20,64,False,stayed_outside20,1,True,outside20_to_inside20
309,D:\deep-person-reid\reid-data\dukemtmc-reid\DukeMTMC-reID/query\0194_c1_f0087862.jpg,194,1,True,1,True,stayed_inside20,1,True,stayed_inside20,3,False,stayed_inside20
310,D:\deep-person-reid\reid-data\dukemtmc-reid\DukeMTMC-reID/query\0194_c2_f0092381.jpg,194,1,True,1,True,stayed_inside20,1,True,stayed_inside20,1,True,stayed_inside20
311,D:\deep-person-reid\reid-data\dukemtmc-reid\DukeMTMC-reID/query\0194_c5_f0097730.jpg,194,15,False,44,False,inside20_to_outside20,1,True,stayed_inside20,1,True,stayed_inside20
312,D:\deep-person-reid\reid-data\dukemtmc-reid\DukeMTMC-reID/query\0194_c6_f0076689.jpg,194,1,True,1,True,stayed_inside20,1,True,stayed_inside20,1,True,stayed_inside20
313,D:\deep-person-reid\reid-data\dukemtmc-reid\DukeMTMC-reID/query\0197_c6_f0074556.jpg,197,940,False,1285,False,stayed_outside20,2535,False,stayed_outside20,5297,False,stayed_outside20
314,D:\deep-person-reid\reid-data\dukemtmc-reid\DukeMTMC-reID/query\0197_c7_f0078717.jpg,197,3441,False,5687,False,stayed_outside20,2723,False,stayed_outside20,2966,False,stayed_outside20
315,D:\deep-person-reid\reid-data\dukemtmc-reid\DukeMTMC-reID/query\0197_c8_f0052594.jpg,197,2,False,7,False,stayed_inside20,3,False,stayed_inside20,3,False,stayed_inside20
316,D:\deep-person-reid\reid-data\dukemtmc-reid\DukeMTMC-reID/query\0199_c1_f0088715.jpg,199,8,False,23,False,inside20_to_outside20,1,True,stayed_inside20,2,False,stayed_inside20
317,D:\deep-person-reid\reid-data\dukemtmc-reid\DukeMTMC-reID/query\0199_c2_f0092607.jpg,199,8,False,21,False,inside20_to_outside20,1,True,stayed_inside20,1,True,stayed_inside20
318,D:\deep-person-reid\reid-data\dukemtmc-reid\DukeMTMC-reID/query\0200_c1_f0089342.jpg,200,1,True,1,True,stayed_inside20,1,True,stayed_inside20,1,True,stayed_inside20
319,D:\deep-person-reid\reid-data\dukemtmc-reid\DukeMTMC-reID/query\0200_c2_f0089080.jpg,200,2,False,1,True,stayed_inside20,1,True,stayed_inside20,1,True,stayed_inside20
320,D:\deep-person-reid\reid-data\dukemtmc-reid\DukeMTMC-reID/query\0200_c5_f0091703.jpg,200,1,True,1,True,stayed_inside20,1,True,stayed_inside20,1,True,stayed_inside20
321,D:\deep-person-reid\reid-data\dukemtmc-reid\DukeMTMC-reID/query\0200_c6_f0067346.jpg,200,35,False,53,False,stayed_outside20,59,False,stayed_outside20,105,False,stayed_outside20
322,D:\deep-person-reid\reid-data\dukemtmc-reid\DukeMTMC-reID/query\0201_c1_f0089728.jpg,201,508,False,1021,False,stayed_outside20,1440,False,stayed_outside20,1501,False,stayed_outside20
323,D:\deep-person-reid\reid-data\dukemtmc-reid\DukeMTMC-reID/query\0201_c2_f0089204.jpg,201,1,True,1,True,stayed_inside20,1,True,stayed_inside20,1,True,stayed_inside20
324,D:\deep-person-reid\reid-data\dukemtmc-reid\DukeMTMC-reID/query\0201_c5_f0091471.jpg,201,46,False,272,False,stayed_outside20,10,False,outside20_to_inside20,201,False,stayed_outside20
325,D:\deep-person-reid\reid-data\dukemtmc-reid\DukeMTMC-reID/query\0201_c6_f0067746.jpg,201,1,True,1,True,stayed_inside20,1,True,stayed_inside20,1,True,stayed_inside20
326,D:\deep-person-reid\reid-data\dukemtmc-reid\DukeMTMC-reID/query\0204_c1_f0090510.jpg,204,704,False,416,False,stayed_outside20,719,False,stayed_outside20,543,False,stayed_outside20
327,D:\deep-person-reid\reid-data\dukemtmc-reid\DukeMTMC-reID/query\0204_c2_f0089070.jpg,204,26,False,12,False,outside20_to_inside20,609,False,stayed_outside20,326,False,stayed_outside20
328,D:\deep-person-reid\reid-data\dukemtmc-reid\DukeMTMC-reID/query\0205_c1_f0090044.jpg,205,2,False,6,False,stayed_inside20,3,False,stayed_inside20,30,False,inside20_to_outside20
329,D:\deep-person-reid\reid-data\dukemtmc-reid\DukeMTMC-reID/query\0205_c2_f0090367.jpg,205,1,True,1,True,stayed_inside20,1,True,stayed_inside20,1,True,stayed_inside20
330,D:\deep-person-reid\reid-data\dukemtmc-reid\DukeMTMC-reID/query\0205_c5_f0092480.jpg,205,42,False,76,False,stayed_outside20,21,False,stayed_outside20,97,False,stayed_outside20
331,D:\deep-person-reid\reid-data\dukemtmc-reid\DukeMTMC-reID/query\0205_c6_f0069343.jpg,205,383,False,430,False,stayed_outside20,923,False,stayed_outside20,765,False,stayed_outside20
332,D:\deep-person-reid\reid-data\dukemtmc-reid\DukeMTMC-reID/query\0206_c1_f0090326.jpg,206,441,False,809,False,stayed_outside20,643,False,stayed_outside20,808,False,stayed_outside20
333,D:\deep-person-reid\reid-data\dukemtmc-reid\DukeMTMC-reID/query\0206_c2_f0095614.jpg,206,18,False,52,False,inside20_to_outside20,265,False,inside20_to_outside20,329,False,inside20_to_outside20
334,D:\deep-person-reid\reid-data\dukemtmc-reid\DukeMTMC-reID/query\0206_c3_f0072625.jpg,206,3,False,91,False,inside20_to_outside20,27,False,inside20_to_outside20,2644,False,inside20_to_outside20
335,D:\deep-person-reid\reid-data\dukemtmc-reid\DukeMTMC-reID/query\0206_c4_f0071226.jpg,206,715,False,473,False,stayed_outside20,1516,False,stayed_outside20,1031,False,stayed_outside20
336,D:\deep-person-reid\reid-data\dukemtmc-reid\DukeMTMC-reID/query\0207_c1_f0090094.jpg,207,83,False,1186,False,stayed_outside20,78,False,stayed_outside20,781,False,stayed_outside20
337,D:\deep-person-reid\reid-data\dukemtmc-reid\DukeMTMC-reID/query\0207_c2_f0094011.jpg,207,1,True,1,True,stayed_inside20,1,True,stayed_inside20,1,True,stayed_inside20
338,D:\deep-person-reid\reid-data\dukemtmc-reid\DukeMTMC-reID/query\0207_c5_f0099488.jpg,207,1,True,1,True,stayed_inside20,1,True,stayed_inside20,1,True,stayed_inside20
339,D:\deep-person-reid\reid-data\dukemtmc-reid\DukeMTMC-reID/query\0207_c6_f0078621.jpg,207,1,True,1,True,stayed_inside20,1,True,stayed_inside20,1,True,stayed_inside20
340,D:\deep-person-reid\reid-data\dukemtmc-reid\DukeMTMC-reID/query\0210_c1_f0090728.jpg,210,89,False,339,False,stayed_outside20,120,False,stayed_outside20,574,False,stayed_outside20
341,D:\deep-person-reid\reid-data\dukemtmc-reid\DukeMTMC-reID/query\0210_c2_f0095792.jpg,210,1,True,1,True,stayed_inside20,9,False,stayed_inside20,149,False,inside20_to_outside20
342,D:\deep-person-reid\reid-data\dukemtmc-reid\DukeMTMC-reID/query\0211_c1_f0090471.jpg,211,1,True,1,True,stayed_inside20,1,True,stayed_inside20,1,True,stayed_inside20
343,D:\deep-person-reid\reid-data\dukemtmc-reid\DukeMTMC-reID/query\0211_c2_f0090410.jpg,211,2,False,3,False,stayed_inside20,3,False,stayed_inside20,4,False,stayed_inside20
344,D:\deep-person-reid\reid-data\dukemtmc-reid\DukeMTMC-reID/query\0211_c3_f0066000.jpg,211,1,True,4,False,stayed_inside20,5,False,stayed_inside20,26,False,inside20_to_outside20
345,D:\deep-person-reid\reid-data\dukemtmc-reid\DukeMTMC-reID/query\0211_c4_f0060791.jpg,211,2,False,1,True,stayed_inside20,1,True,stayed_inside20,1,True,stayed_inside20
346,D:\deep-person-reid\reid-data\dukemtmc-reid\DukeMTMC-reID/query\0212_c1_f0090490.jpg,212,30,False,112,False,stayed_outside20,83,False,stayed_outside20,503,False,stayed_outside20
347,D:\deep-person-reid\reid-data\dukemtmc-reid\DukeMTMC-reID/query\0212_c2_f0090406.jpg,212,1,True,1,True,stayed_inside20,1,True,stayed_inside20,1,True,stayed_inside20
348,D:\deep-person-reid\reid-data\dukemtmc-reid\DukeMTMC-reID/query\0212_c5_f0092818.jpg,212,573,False,969,False,stayed_outside20,1292,False,stayed_outside20,2361,False,stayed_outside20
349,D:\deep-person-reid\reid-data\dukemtmc-reid\DukeMTMC-reID/query\0212_c6_f0067939.jpg,212,1,True,1,True,stayed_inside20,3,False,stayed_inside20,1,True,stayed_inside20
350,D:\deep-person-reid\reid-data\dukemtmc-reid\DukeMTMC-reID/query\0213_c1_f0091562.jpg,213,128,False,367,False,stayed_outside20,69,False,stayed_outside20,283,False,stayed_outside20
351,D:\deep-person-reid\reid-data\dukemtmc-reid\DukeMTMC-reID/query\0213_c8_f0052778.jpg,213,1,True,1,True,stayed_inside20,1,True,stayed_inside20,7,False,stayed_inside20
352,D:\deep-person-reid\reid-data\dukemtmc-reid\DukeMTMC-reID/query\0214_c1_f0091468.jpg,214,10,False,19,False,stayed_inside20,3,False,stayed_inside20,12,False,stayed_inside20
353,D:\deep-person-reid\reid-data\dukemtmc-reid\DukeMTMC-reID/query\0214_c2_f0091577.jpg,214,12,False,79,False,inside20_to_outside20,1,True,stayed_inside20,1,True,stayed_inside20
354,D:\deep-person-reid\reid-data\dukemtmc-reid\DukeMTMC-reID/query\0214_c3_f0067196.jpg,214,1,True,1,True,stayed_inside20,1,True,stayed_inside20,1,True,stayed_inside20
355,D:\deep-person-reid\reid-data\dukemtmc-reid\DukeMTMC-reID/query\0214_c4_f0061381.jpg,214,1636,False,1065,False,stayed_outside20,1374,False,stayed_outside20,1555,False,stayed_outside20
356,D:\deep-person-reid\reid-data\dukemtmc-reid\DukeMTMC-reID/query\0215_c1_f0091488.jpg,215,4303,False,6323,False,stayed_outside20,4336,False,stayed_outside20,5875,False,stayed_outside20
357,D:\deep-person-reid\reid-data\dukemtmc-reid\DukeMTMC-reID/query\0215_c2_f0096446.jpg,215,3157,False,5906,False,stayed_outside20,4275,False,stayed_outside20,4870,False,stayed_outside20
358,D:\deep-person-reid\reid-data\dukemtmc-reid\DukeMTMC-reID/query\0215_c3_f0073686.jpg,215,3,False,1,True,stayed_inside20,2,False,stayed_inside20,1,True,stayed_inside20
359,D:\deep-person-reid\reid-data\dukemtmc-reid\DukeMTMC-reID/query\0215_c4_f0071477.jpg,215,1,True,1,True,stayed_inside20,2,False,stayed_inside20,2,False,stayed_inside20
360,D:\deep-person-reid\reid-data\dukemtmc-reid\DukeMTMC-reID/query\0218_c1_f0092641.jpg,218,901,False,1463,False,stayed_outside20,2515,False,stayed_outside20,9183,False,stayed_outside20
361,D:\deep-person-reid\reid-data\dukemtmc-reid\DukeMTMC-reID/query\0218_c8_f0048701.jpg,218,1,True,1,True,stayed_inside20,1,True,stayed_inside20,1,True,stayed_inside20
362,D:\deep-person-reid\reid-data\dukemtmc-reid\DukeMTMC-reID/query\0219_c1_f0093113.jpg,219,408,False,584,False,stayed_outside20,699,False,stayed_outside20,1352,False,stayed_outside20
363,D:\deep-person-reid\reid-data\dukemtmc-reid\DukeMTMC-reID/query\0219_c8_f0048588.jpg,219,36,False,12,False,outside20_to_inside20,35,False,stayed_outside20,21,False,stayed_outside20
364,D:\deep-person-reid\reid-data\dukemtmc-reid\DukeMTMC-reID/query\0220_c1_f0092716.jpg,220,45,False,983,False,stayed_outside20,195,False,stayed_outside20,1010,False,stayed_outside20
365,D:\deep-person-reid\reid-data\dukemtmc-reid\DukeMTMC-reID/query\0220_c2_f0093214.jpg,220,7,False,41,False,inside20_to_outside20,101,False,inside20_to_outside20,102,False,inside20_to_outside20
366,D:\deep-person-reid\reid-data\dukemtmc-reid\DukeMTMC-reID/query\0220_c3_f0068423.jpg,220,5,False,3,False,stayed_inside20,8,False,stayed_inside20,227,False,inside20_to_outside20
367,D:\deep-person-reid\reid-data\dukemtmc-reid\DukeMTMC-reID/query\0220_c4_f0062939.jpg,220,167,False,225,False,stayed_outside20,127,False,stayed_outside20,99,False,stayed_outside20
368,D:\deep-person-reid\reid-data\dukemtmc-reid\DukeMTMC-reID/query\0221_c1_f0093188.jpg,221,1,True,1,True,stayed_inside20,1,True,stayed_inside20,1,True,stayed_inside20
369,D:\deep-person-reid\reid-data\dukemtmc-reid\DukeMTMC-reID/query\0221_c2_f0093414.jpg,221,1,True,1,True,stayed_inside20,1,True,stayed_inside20,1,True,stayed_inside20
370,D:\deep-person-reid\reid-data\dukemtmc-reid\DukeMTMC-reID/query\0221_c3_f0069090.jpg,221,101,False,1916,False,stayed_outside20,133,False,stayed_outside20,1646,False,stayed_outside20
371,D:\deep-person-reid\reid-data\dukemtmc-reid\DukeMTMC-reID/query\0221_c4_f0063097.jpg,221,1,True,1,True,stayed_inside20,1,True,stayed_inside20,1,True,stayed_inside20
372,D:\deep-person-reid\reid-data\dukemtmc-reid\DukeMTMC-reID/query\0223_c1_f0093840.jpg,223,927,False,7154,False,stayed_outside20,1015,False,stayed_outside20,6395,False,stayed_outside20
373,D:\deep-person-reid\reid-data\dukemtmc-reid\DukeMTMC-reID/query\0223_c2_f0093779.jpg,223,6,False,13,False,stayed_inside20,2,False,stayed_inside20,1,True,stayed_inside20
374,D:\deep-person-reid\reid-data\dukemtmc-reid\DukeMTMC-reID/query\0223_c3_f0069118.jpg,223,5,False,14,False,stayed_inside20,11,False,stayed_inside20,24,False,inside20_to_outside20
375,D:\deep-person-reid\reid-data\dukemtmc-reid\DukeMTMC-reID/query\0223_c4_f0063277.jpg,223,4,False,25,False,inside20_to_outside20,1,True,stayed_inside20,1,True,stayed_inside20
376,D:\deep-person-reid\reid-data\dukemtmc-reid\DukeMTMC-reID/query\0229_c1_f0094350.jpg,229,1,True,1,True,stayed_inside20,2,False,stayed_inside20,1,True,stayed_inside20
377,D:\deep-person-reid\reid-data\dukemtmc-reid\DukeMTMC-reID/query\0229_c2_f0098289.jpg,229,879,False,1093,False,stayed_outside20,832,False,stayed_outside20,524,False,stayed_outside20
378,D:\deep-person-reid\reid-data\dukemtmc-reid\DukeMTMC-reID/query\0229_c5_f0126191.jpg,229,2,False,13,False,stayed_inside20,10,False,stayed_inside20,12,False,stayed_inside20
379,D:\deep-person-reid\reid-data\dukemtmc-reid\DukeMTMC-reID/query\0230_c1_f0094160.jpg,230,695,False,1139,False,stayed_outside20,1300,False,stayed_outside20,1415,False,stayed_outside20
380,D:\deep-person-reid\reid-data\dukemtmc-reid\DukeMTMC-reID/query\0230_c2_f0094102.jpg,230,88,False,84,False,stayed_outside20,55,False,stayed_outside20,69,False,stayed_outside20
381,D:\deep-person-reid\reid-data\dukemtmc-reid\DukeMTMC-reID/query\0230_c5_f0096308.jpg,230,5,False,8,False,stayed_inside20,32,False,inside20_to_outside20,33,False,inside20_to_outside20
382,D:\deep-person-reid\reid-data\dukemtmc-reid\DukeMTMC-reID/query\0230_c6_f0072602.jpg,230,218,False,552,False,stayed_outside20,233,False,stayed_outside20,697,False,stayed_outside20
383,D:\deep-person-reid\reid-data\dukemtmc-reid\DukeMTMC-reID/query\0235_c5_f0076499.jpg,235,4,False,3,False,stayed_inside20,1,True,stayed_inside20,7,False,stayed_inside20
384,D:\deep-person-reid\reid-data\dukemtmc-reid\DukeMTMC-reID/query\0235_c6_f0055870.jpg,235,92,False,356,False,stayed_outside20,134,False,stayed_outside20,715,False,stayed_outside20
385,D:\deep-person-reid\reid-data\dukemtmc-reid\DukeMTMC-reID/query\0237_c1_f0094320.jpg,237,7,False,6,False,stayed_inside20,2,False,stayed_inside20,2,False,stayed_inside20
386,D:\deep-person-reid\reid-data\dukemtmc-reid\DukeMTMC-reID/query\0237_c2_f0094857.jpg,237,13,False,43,False,inside20_to_outside20,31,False,inside20_to_outside20,24,False,inside20_to_outside20
387,D:\deep-person-reid\reid-data\dukemtmc-reid\DukeMTMC-reID/query\0237_c3_f0069501.jpg,237,2465,False,3686,False,stayed_outside20,1899,False,stayed_outside20,2927,False,stayed_outside20
388,D:\deep-person-reid\reid-data\dukemtmc-reid\DukeMTMC-reID/query\0237_c4_f0064707.jpg,237,6,False,26,False,inside20_to_outside20,7,False,stayed_inside20,90,False,inside20_to_outside20
389,D:\deep-person-reid\reid-data\dukemtmc-reid\DukeMTMC-reID/query\0238_c1_f0094853.jpg,238,32,False,179,False,stayed_outside20,40,False,stayed_outside20,250,False,stayed_outside20
390,D:\deep-person-reid\reid-data\dukemtmc-reid\DukeMTMC-reID/query\0238_c2_f0094676.jpg,238,456,False,280,False,stayed_outside20,1013,False,stayed_outside20,356,False,stayed_outside20
391,D:\deep-person-reid\reid-data\dukemtmc-reid\DukeMTMC-reID/query\0239_c1_f0095533.jpg,239,3982,False,7175,False,stayed_outside20,4328,False,stayed_outside20,3992,False,stayed_outside20
392,D:\deep-person-reid\reid-data\dukemtmc-reid\DukeMTMC-reID/query\0239_c8_f0051344.jpg,239,325,False,85,False,stayed_outside20,1141,False,stayed_outside20,961,False,stayed_outside20
393,D:\deep-person-reid\reid-data\dukemtmc-reid\DukeMTMC-reID/query\0240_c1_f0095215.jpg,240,149,False,519,False,stayed_outside20,489,False,stayed_outside20,1129,False,stayed_outside20
394,D:\deep-person-reid\reid-data\dukemtmc-reid\DukeMTMC-reID/query\0240_c2_f0095029.jpg,240,273,False,751,False,stayed_outside20,1274,False,stayed_outside20,1886,False,stayed_outside20
395,D:\deep-person-reid\reid-data\dukemtmc-reid\DukeMTMC-reID/query\0240_c3_f0070545.jpg,240,57,False,208,False,stayed_outside20,131,False,stayed_outside20,229,False,stayed_outside20
396,D:\deep-person-reid\reid-data\dukemtmc-reid\DukeMTMC-reID/query\0240_c4_f0065130.jpg,240,1348,False,929,False,stayed_outside20,572,False,stayed_outside20,473,False,stayed_outside20
397,D:\deep-person-reid\reid-data\dukemtmc-reid\DukeMTMC-reID/query\0241_c1_f0095131.jpg,241,29,False,385,False,stayed_outside20,105,False,stayed_outside20,425,False,stayed_outside20
398,D:\deep-person-reid\reid-data\dukemtmc-reid\DukeMTMC-reID/query\0241_c2_f0094825.jpg,241,23,False,348,False,stayed_outside20,33,False,stayed_outside20,429,False,stayed_outside20
399,D:\deep-person-reid\reid-data\dukemtmc-reid\DukeMTMC-reID/query\0241_c5_f0096918.jpg,241,1,True,1,True,stayed_inside20,1,True,stayed_inside20,1,True,stayed_inside20
400,D:\deep-person-reid\reid-data\dukemtmc-reid\DukeMTMC-reID/query\0241_c6_f0072269.jpg,241,1,True,1,True,stayed_inside20,1,True,stayed_inside20,1,True,stayed_inside20
401,D:\deep-person-reid\reid-data\dukemtmc-reid\DukeMTMC-reID/query\0241_c7_f0076942.jpg,241,1,True,1,True,stayed_inside20,1,True,stayed_inside20,1,True,stayed_inside20
402,D:\deep-person-reid\reid-data\dukemtmc-reid\DukeMTMC-reID/query\0243_c1_f0095564.jpg,243,255,False,667,False,stayed_outside20,626,False,stayed_outside20,1049,False,stayed_outside20
403,D:\deep-person-reid\reid-data\dukemtmc-reid\DukeMTMC-reID/query\0243_c2_f0099970.jpg,243,2,False,2,False,stayed_inside20,7,False,stayed_inside20,26,False,inside20_to_outside20
404,D:\deep-person-reid\reid-data\dukemtmc-reid\DukeMTMC-reID/query\0243_c5_f0104869.jpg,243,1,True,2,False,stayed_inside20,1,True,stayed_inside20,1,True,stayed_inside20
405,D:\deep-person-reid\reid-data\dukemtmc-reid\DukeMTMC-reID/query\0243_c6_f0083864.jpg,243,18,False,63,False,inside20_to_outside20,79,False,inside20_to_outside20,213,False,inside20_to_outside20
406,D:\deep-person-reid\reid-data\dukemtmc-reid\DukeMTMC-reID/query\0244_c1_f0095325.jpg,244,7,False,5,False,stayed_inside20,3,False,stayed_inside20,8,False,stayed_inside20
407,D:\deep-person-reid\reid-data\dukemtmc-reid\DukeMTMC-reID/query\0244_c6_f0073324.jpg,244,372,False,240,False,stayed_outside20,37,False,stayed_outside20,108,False,stayed_outside20
408,D:\deep-person-reid\reid-data\dukemtmc-reid\DukeMTMC-reID/query\0244_c7_f0077955.jpg,244,20,False,25,False,inside20_to_outside20,7,False,stayed_inside20,14,False,stayed_inside20
409,D:\deep-person-reid\reid-data\dukemtmc-reid\DukeMTMC-reID/query\0244_c8_f0052198.jpg,244,1,True,1,True,stayed_inside20,1,True,stayed_inside20,1,True,stayed_inside20
410,D:\deep-person-reid\reid-data\dukemtmc-reid\DukeMTMC-reID/query\0247_c1_f0095658.jpg,247,839,False,610,False,stayed_outside20,829,False,stayed_outside20,678,False,stayed_outside20
411,D:\deep-person-reid\reid-data\dukemtmc-reid\DukeMTMC-reID/query\0247_c2_f0100111.jpg,247,2,False,3,False,stayed_inside20,10,False,stayed_inside20,36,False,inside20_to_outside20
412,D:\deep-person-reid\reid-data\dukemtmc-reid\DukeMTMC-reID/query\0247_c3_f0077177.jpg,247,3,False,25,False,inside20_to_outside20,21,False,inside20_to_outside20,16,False,stayed_inside20
413,D:\deep-person-reid\reid-data\dukemtmc-reid\DukeMTMC-reID/query\0247_c4_f0074689.jpg,247,415,False,838,False,stayed_outside20,158,False,stayed_outside20,812,False,stayed_outside20
414,D:\deep-person-reid\reid-data\dukemtmc-reid\DukeMTMC-reID/query\0249_c1_f0096246.jpg,249,12,False,138,False,inside20_to_outside20,2,False,stayed_inside20,2,False,stayed_inside20
415,D:\deep-person-reid\reid-data\dukemtmc-reid\DukeMTMC-reID/query\0249_c2_f0096221.jpg,249,1,True,1,True,stayed_inside20,1,True,stayed_inside20,1,True,stayed_inside20
416,D:\deep-person-reid\reid-data\dukemtmc-reid\DukeMTMC-reID/query\0249_c3_f0071496.jpg,249,444,False,131,False,stayed_outside20,398,False,stayed_outside20,263,False,stayed_outside20
417,D:\deep-person-reid\reid-data\dukemtmc-reid\DukeMTMC-reID/query\0251_c1_f0096035.jpg,251,381,False,251,False,stayed_outside20,1041,False,stayed_outside20,1087,False,stayed_outside20
418,D:\deep-person-reid\reid-data\dukemtmc-reid\DukeMTMC-reID/query\0251_c2_f0096850.jpg,251,128,False,265,False,stayed_outside20,15,False,outside20_to_inside20,37,False,stayed_outside20
419,D:\deep-person-reid\reid-data\dukemtmc-reid\DukeMTMC-reID/query\0251_c3_f0071565.jpg,251,2074,False,2911,False,stayed_outside20,2008,False,stayed_outside20,2245,False,stayed_outside20
420,D:\deep-person-reid\reid-data\dukemtmc-reid\DukeMTMC-reID/query\0251_c4_f0066325.jpg,251,2052,False,1187,False,stayed_outside20,1970,False,stayed_outside20,1184,False,stayed_outside20
421,D:\deep-person-reid\reid-data\dukemtmc-reid\DukeMTMC-reID/query\0253_c2_f0096963.jpg,253,2021,False,1897,False,stayed_outside20,1679,False,stayed_outside20,456,False,stayed_outside20
422,D:\deep-person-reid\reid-data\dukemtmc-reid\DukeMTMC-reID/query\0253_c3_f0071714.jpg,253,4777,False,4506,False,stayed_outside20,780,False,stayed_outside20,685,False,stayed_outside20
423,D:\deep-person-reid\reid-data\dukemtmc-reid\DukeMTMC-reID/query\0253_c4_f0066302.jpg,253,106,False,61,False,stayed_outside20,25,False,stayed_outside20,18,False,outside20_to_inside20
424,D:\deep-person-reid\reid-data\dukemtmc-reid\DukeMTMC-reID/query\0254_c1_f0096347.jpg,254,479,False,1793,False,stayed_outside20,439,False,stayed_outside20,1808,False,stayed_outside20
425,D:\deep-person-reid\reid-data\dukemtmc-reid\DukeMTMC-reID/query\0254_c2_f0101502.jpg,254,1,True,1,True,stayed_inside20,1,True,stayed_inside20,1,True,stayed_inside20
426,D:\deep-person-reid\reid-data\dukemtmc-reid\DukeMTMC-reID/query\0254_c5_f0105792.jpg,254,1,True,1,True,stayed_inside20,1,True,stayed_inside20,1,True,stayed_inside20
427,D:\deep-person-reid\reid-data\dukemtmc-reid\DukeMTMC-reID/query\0254_c6_f0085366.jpg,254,2,False,1,True,stayed_inside20,2,False,stayed_inside20,2,False,stayed_inside20
428,D:\deep-person-reid\reid-data\dukemtmc-reid\DukeMTMC-reID/query\0256_c1_f0096581.jpg,256,2,False,2,False,stayed_inside20,1,True,stayed_inside20,1,True,stayed_inside20
429,D:\deep-person-reid\reid-data\dukemtmc-reid\DukeMTMC-reID/query\0256_c2_f0096757.jpg,256,4,False,4,False,stayed_inside20,2,False,stayed_inside20,1,True,stayed_inside20
430,D:\deep-person-reid\reid-data\dukemtmc-reid\DukeMTMC-reID/query\0257_c1_f0096507.jpg,257,1581,False,546,False,stayed_outside20,1293,False,stayed_outside20,667,False,stayed_outside20
431,D:\deep-person-reid\reid-data\dukemtmc-reid\DukeMTMC-reID/query\0257_c2_f0096461.jpg,257,14,False,28,False,inside20_to_outside20,94,False,inside20_to_outside20,128,False,inside20_to_outside20
432,D:\deep-person-reid\reid-data\dukemtmc-reid\DukeMTMC-reID/query\0257_c3_f0071976.jpg,257,3165,False,2827,False,stayed_outside20,1596,False,stayed_outside20,1582,False,stayed_outside20
433,D:\deep-person-reid\reid-data\dukemtmc-reid\DukeMTMC-reID/query\0257_c4_f0066446.jpg,257,2112,False,3510,False,stayed_outside20,2775,False,stayed_outside20,2821,False,stayed_outside20
434,D:\deep-person-reid\reid-data\dukemtmc-reid\DukeMTMC-reID/query\0261_c1_f0096859.jpg,261,3364,False,2610,False,stayed_outside20,2571,False,stayed_outside20,1861,False,stayed_outside20
435,D:\deep-person-reid\reid-data\dukemtmc-reid\DukeMTMC-reID/query\0261_c5_f0098615.jpg,261,139,False,306,False,stayed_outside20,195,False,stayed_outside20,445,False,stayed_outside20
436,D:\deep-person-reid\reid-data\dukemtmc-reid\DukeMTMC-reID/query\0261_c6_f0074589.jpg,261,299,False,632,False,stayed_outside20,101,False,stayed_outside20,339,False,stayed_outside20
437,D:\deep-person-reid\reid-data\dukemtmc-reid\DukeMTMC-reID/query\0262_c1_f0097107.jpg,262,1622,False,2276,False,stayed_outside20,2504,False,stayed_outside20,2495,False,stayed_outside20
438,D:\deep-person-reid\reid-data\dukemtmc-reid\DukeMTMC-reID/query\0262_c5_f0099052.jpg,262,61,False,62,False,stayed_outside20,627,False,stayed_outside20,654,False,stayed_outside20
439,D:\deep-person-reid\reid-data\dukemtmc-reid\DukeMTMC-reID/query\0262_c6_f0075042.jpg,262,168,False,477,False,stayed_outside20,511,False,stayed_outside20,1911,False,stayed_outside20
440,D:\deep-person-reid\reid-data\dukemtmc-reid\DukeMTMC-reID/query\0264_c1_f0096537.jpg,264,21,False,207,False,stayed_outside20,65,False,stayed_outside20,694,False,stayed_outside20
441,D:\deep-person-reid\reid-data\dukemtmc-reid\DukeMTMC-reID/query\0264_c2_f0100382.jpg,264,3,False,5,False,stayed_inside20,9,False,stayed_inside20,15,False,stayed_inside20
442,D:\deep-person-reid\reid-data\dukemtmc-reid\DukeMTMC-reID/query\0264_c3_f0077857.jpg,264,3,False,8,False,stayed_inside20,1,True,stayed_inside20,3,False,stayed_inside20
443,D:\deep-person-reid\reid-data\dukemtmc-reid\DukeMTMC-reID/query\0264_c4_f0075469.jpg,264,114,False,218,False,stayed_outside20,208,False,stayed_outside20,297,False,stayed_outside20
444,D:\deep-person-reid\reid-data\dukemtmc-reid\DukeMTMC-reID/query\0266_c1_f0096613.jpg,266,234,False,279,False,stayed_outside20,492,False,stayed_outside20,472,False,stayed_outside20
445,D:\deep-person-reid\reid-data\dukemtmc-reid\DukeMTMC-reID/query\0266_c2_f0096386.jpg,266,34,False,74,False,stayed_outside20,125,False,stayed_outside20,195,False,stayed_outside20
446,D:\deep-person-reid\reid-data\dukemtmc-reid\DukeMTMC-reID/query\0267_c1_f0097000.jpg,267,30,False,261,False,stayed_outside20,84,False,stayed_outside20,619,False,stayed_outside20
447,D:\deep-person-reid\reid-data\dukemtmc-reid\DukeMTMC-reID/query\0267_c2_f0096513.jpg,267,464,False,651,False,stayed_outside20,50,False,stayed_outside20,194,False,stayed_outside20
448,D:\deep-person-reid\reid-data\dukemtmc-reid\DukeMTMC-reID/query\0268_c1_f0097172.jpg,268,1,True,1,True,stayed_inside20,1,True,stayed_inside20,1,True,stayed_inside20
449,D:\deep-person-reid\reid-data\dukemtmc-reid\DukeMTMC-reID/query\0268_c2_f0096857.jpg,268,1,True,1,True,stayed_inside20,1,True,stayed_inside20,1,True,stayed_inside20
450,D:\deep-person-reid\reid-data\dukemtmc-reid\DukeMTMC-reID/query\0268_c3_f0072158.jpg,268,12,False,152,False,inside20_to_outside20,6,False,stayed_inside20,162,False,inside20_to_outside20
451,D:\deep-person-reid\reid-data\dukemtmc-reid\DukeMTMC-reID/query\0268_c4_f0066773.jpg,268,13,False,15,False,stayed_inside20,14,False,stayed_inside20,113,False,inside20_to_outside20
452,D:\deep-person-reid\reid-data\dukemtmc-reid\DukeMTMC-reID/query\0269_c1_f0096901.jpg,269,1325,False,3587,False,stayed_outside20,2752,False,stayed_outside20,5774,False,stayed_outside20
453,D:\deep-person-reid\reid-data\dukemtmc-reid\DukeMTMC-reID/query\0269_c2_f0101099.jpg,269,57,False,116,False,stayed_outside20,403,False,stayed_outside20,491,False,stayed_outside20
454,D:\deep-person-reid\reid-data\dukemtmc-reid\DukeMTMC-reID/query\0270_c1_f0097056.jpg,270,56,False,356,False,stayed_outside20,99,False,stayed_outside20,6165,False,stayed_outside20
455,D:\deep-person-reid\reid-data\dukemtmc-reid\DukeMTMC-reID/query\0270_c2_f0096997.jpg,270,1,True,1,True,stayed_inside20,1,True,stayed_inside20,1,True,stayed_inside20
456,D:\deep-person-reid\reid-data\dukemtmc-reid\DukeMTMC-reID/query\0270_c5_f0098619.jpg,270,1,True,1,True,stayed_inside20,2,False,stayed_inside20,1,True,stayed_inside20
457,D:\deep-person-reid\reid-data\dukemtmc-reid\DukeMTMC-reID/query\0270_c6_f0074581.jpg,270,1,True,1,True,stayed_inside20,2,False,stayed_inside20,1,True,stayed_inside20
458,D:\deep-person-reid\reid-data\dukemtmc-reid\DukeMTMC-reID/query\0272_c1_f0097338.jpg,272,2058,False,3933,False,stayed_outside20,1180,False,stayed_outside20,2619,False,stayed_outside20
459,D:\deep-person-reid\reid-data\dukemtmc-reid\DukeMTMC-reID/query\0272_c2_f0101736.jpg,272,1,True,1,True,stayed_inside20,1,True,stayed_inside20,1,True,stayed_inside20
460,D:\deep-person-reid\reid-data\dukemtmc-reid\DukeMTMC-reID/query\0272_c3_f0079165.jpg,272,29,False,231,False,stayed_outside20,8,False,outside20_to_inside20,82,False,stayed_outside20
461,D:\deep-person-reid\reid-data\dukemtmc-reid\DukeMTMC-reID/query\0272_c4_f0077334.jpg,272,150,False,666,False,stayed_outside20,323,False,stayed_outside20,1125,False,stayed_outside20
462,D:\deep-person-reid\reid-data\dukemtmc-reid\DukeMTMC-reID/query\0273_c1_f0097884.jpg,273,15,False,443,False,inside20_to_outside20,22,False,inside20_to_outside20,226,False,inside20_to_outside20
463,D:\deep-person-reid\reid-data\dukemtmc-reid\DukeMTMC-reID/query\0273_c2_f0101412.jpg,273,8,False,27,False,inside20_to_outside20,192,False,inside20_to_outside20,188,False,inside20_to_outside20
464,D:\deep-person-reid\reid-data\dukemtmc-reid\DukeMTMC-reID/query\0274_c1_f0097936.jpg,274,1,True,4,False,stayed_inside20,1,True,stayed_inside20,1,True,stayed_inside20
465,D:\deep-person-reid\reid-data\dukemtmc-reid\DukeMTMC-reID/query\0274_c2_f0101688.jpg,274,1,True,1,True,stayed_inside20,1,True,stayed_inside20,1,True,stayed_inside20
466,D:\deep-person-reid\reid-data\dukemtmc-reid\DukeMTMC-reID/query\0274_c3_f0079582.jpg,274,5946,False,4233,False,stayed_outside20,937,False,stayed_outside20,242,False,stayed_outside20
467,D:\deep-person-reid\reid-data\dukemtmc-reid\DukeMTMC-reID/query\0275_c1_f0097890.jpg,275,3,False,198,False,inside20_to_outside20,3,False,stayed_inside20,8,False,stayed_inside20
468,D:\deep-person-reid\reid-data\dukemtmc-reid\DukeMTMC-reID/query\0275_c2_f0102018.jpg,275,25,False,8,False,outside20_to_inside20,53,False,stayed_outside20,42,False,stayed_outside20
469,D:\deep-person-reid\reid-data\dukemtmc-reid\DukeMTMC-reID/query\0276_c1_f0098141.jpg,276,28,False,49,False,stayed_outside20,66,False,stayed_outside20,80,False,stayed_outside20
470,D:\deep-person-reid\reid-data\dukemtmc-reid\DukeMTMC-reID/query\0276_c2_f0102199.jpg,276,975,False,1629,False,stayed_outside20,2743,False,stayed_outside20,2487,False,stayed_outside20
471,D:\deep-person-reid\reid-data\dukemtmc-reid\DukeMTMC-reID/query\0277_c1_f0097700.jpg,277,137,False,213,False,stayed_outside20,323,False,stayed_outside20,614,False,stayed_outside20
472,D:\deep-person-reid\reid-data\dukemtmc-reid\DukeMTMC-reID/query\0277_c2_f0102325.jpg,277,2,False,2,False,stayed_inside20,2,False,stayed_inside20,4,False,stayed_inside20
473,D:\deep-person-reid\reid-data\dukemtmc-reid\DukeMTMC-reID/query\0279_c1_f0097946.jpg,279,1,True,1,True,stayed_inside20,4,False,stayed_inside20,5,False,stayed_inside20
474,D:\deep-person-reid\reid-data\dukemtmc-reid\DukeMTMC-reID/query\0279_c2_f0098340.jpg,279,1,True,8,False,stayed_inside20,11,False,stayed_inside20,15,False,stayed_inside20
475,D:\deep-person-reid\reid-data\dukemtmc-reid\DukeMTMC-reID/query\0279_c3_f0074028.jpg,279,1,True,1,True,stayed_inside20,2,False,stayed_inside20,9,False,stayed_inside20
476,D:\deep-person-reid\reid-data\dukemtmc-reid\DukeMTMC-reID/query\0279_c4_f0068009.jpg,279,117,False,66,False,stayed_outside20,146,False,stayed_outside20,121,False,stayed_outside20
477,D:\deep-person-reid\reid-data\dukemtmc-reid\DukeMTMC-reID/query\0285_c1_f0098981.jpg,285,43,False,66,False,stayed_outside20,74,False,stayed_outside20,250,False,stayed_outside20
478,D:\deep-person-reid\reid-data\dukemtmc-reid\DukeMTMC-reID/query\0285_c2_f0103976.jpg,285,149,False,302,False,stayed_outside20,267,False,stayed_outside20,94,False,stayed_outside20
479,D:\deep-person-reid\reid-data\dukemtmc-reid\DukeMTMC-reID/query\0285_c3_f0080867.jpg,285,2327,False,3465,False,stayed_outside20,4921,False,stayed_outside20,7373,False,stayed_outside20
480,D:\deep-person-reid\reid-data\dukemtmc-reid\DukeMTMC-reID/query\0285_c4_f0078951.jpg,285,572,False,461,False,stayed_outside20,1206,False,stayed_outside20,541,False,stayed_outside20
481,D:\deep-person-reid\reid-data\dukemtmc-reid\DukeMTMC-reID/query\0287_c1_f0098841.jpg,287,263,False,232,False,stayed_outside20,523,False,stayed_outside20,718,False,stayed_outside20
482,D:\deep-person-reid\reid-data\dukemtmc-reid\DukeMTMC-reID/query\0287_c2_f0098655.jpg,287,121,False,50,False,stayed_outside20,286,False,stayed_outside20,480,False,stayed_outside20
483,D:\deep-person-reid\reid-data\dukemtmc-reid\DukeMTMC-reID/query\0287_c5_f0101162.jpg,287,35,False,23,False,stayed_outside20,11,False,outside20_to_inside20,32,False,stayed_outside20
484,D:\deep-person-reid\reid-data\dukemtmc-reid\DukeMTMC-reID/query\0287_c6_f0077054.jpg,287,906,False,671,False,stayed_outside20,2225,False,stayed_outside20,2597,False,stayed_outside20
485,D:\deep-person-reid\reid-data\dukemtmc-reid\DukeMTMC-reID/query\0288_c1_f0098523.jpg,288,1097,False,1069,False,stayed_outside20,1027,False,stayed_outside20,1650,False,stayed_outside20
486,D:\deep-person-reid\reid-data\dukemtmc-reid\DukeMTMC-reID/query\0288_c2_f0103740.jpg,288,32,False,36,False,stayed_outside20,383,False,stayed_outside20,173,False,stayed_outside20
487,D:\deep-person-reid\reid-data\dukemtmc-reid\DukeMTMC-reID/query\0288_c3_f0081448.jpg,288,931,False,4960,False,stayed_outside20,2260,False,stayed_outside20,2726,False,stayed_outside20
488,D:\deep-person-reid\reid-data\dukemtmc-reid\DukeMTMC-reID/query\0288_c4_f0078876.jpg,288,570,False,693,False,stayed_outside20,553,False,stayed_outside20,764,False,stayed_outside20
489,D:\deep-person-reid\reid-data\dukemtmc-reid\DukeMTMC-reID/query\0292_c1_f0099357.jpg,292,1,True,3,False,stayed_inside20,2,False,stayed_inside20,4,False,stayed_inside20
490,D:\deep-person-reid\reid-data\dukemtmc-reid\DukeMTMC-reID/query\0292_c2_f0103900.jpg,292,15,False,34,False,inside20_to_outside20,58,False,inside20_to_outside20,249,False,inside20_to_outside20
491,D:\deep-person-reid\reid-data\dukemtmc-reid\DukeMTMC-reID/query\0292_c5_f0108369.jpg,292,1,True,1,True,stayed_inside20,2,False,stayed_inside20,1,True,stayed_inside20
492,D:\deep-person-reid\reid-data\dukemtmc-reid\DukeMTMC-reID/query\0292_c6_f0087135.jpg,292,996,False,1421,False,stayed_outside20,1562,False,stayed_outside20,3406,False,stayed_outside20
493,D:\deep-person-reid\reid-data\dukemtmc-reid\DukeMTMC-reID/query\0293_c1_f0099662.jpg,293,1,True,1,True,stayed_inside20,1,True,stayed_inside20,1,True,stayed_inside20
494,D:\deep-person-reid\reid-data\dukemtmc-reid\DukeMTMC-reID/query\0293_c2_f0103564.jpg,293,2,False,1,True,stayed_inside20,2,False,stayed_inside20,2,False,stayed_inside20
495,D:\deep-person-reid\reid-data\dukemtmc-reid\DukeMTMC-reID/query\0293_c3_f0080926.jpg,293,19,False,301,False,inside20_to_outside20,28,False,inside20_to_outside20,928,False,inside20_to_outside20
496,D:\deep-person-reid\reid-data\dukemtmc-reid\DukeMTMC-reID/query\0293_c4_f0079099.jpg,293,13,False,21,False,inside20_to_outside20,6,False,stayed_inside20,6,False,stayed_inside20
497,D:\deep-person-reid\reid-data\dukemtmc-reid\DukeMTMC-reID/query\0294_c1_f0099831.jpg,294,435,False,768,False,stayed_outside20,591,False,stayed_outside20,829,False,stayed_outside20
498,D:\deep-person-reid\reid-data\dukemtmc-reid\DukeMTMC-reID/query\0294_c2_f0099625.jpg,294,162,False,136,False,stayed_outside20,341,False,stayed_outside20,665,False,stayed_outside20
499,D:\deep-person-reid\reid-data\dukemtmc-reid\DukeMTMC-reID/query\0294_c3_f0074168.jpg,294,1021,False,2318,False,stayed_outside20,2151,False,stayed_outside20,3469,False,stayed_outside20
500,D:\deep-person-reid\reid-data\dukemtmc-reid\DukeMTMC-reID/query\0294_c4_f0069252.jpg,294,504,False,177,False,stayed_outside20,40,False,stayed_outside20,242,False,stayed_outside20
501,D:\deep-person-reid\reid-data\dukemtmc-reid\DukeMTMC-reID/query\0295_c1_f0099259.jpg,295,21,False,202,False,stayed_outside20,148,False,stayed_outside20,150,False,stayed_outside20
502,D:\deep-person-reid\reid-data\dukemtmc-reid\DukeMTMC-reID/query\0295_c2_f0099605.jpg,295,1,True,1,True,stayed_inside20,4,False,stayed_inside20,3,False,stayed_inside20
503,D:\deep-person-reid\reid-data\dukemtmc-reid\DukeMTMC-reID/query\0295_c5_f0101591.jpg,295,12,False,37,False,inside20_to_outside20,4,False,stayed_inside20,1,True,stayed_inside20
504,D:\deep-person-reid\reid-data\dukemtmc-reid\DukeMTMC-reID/query\0295_c6_f0078224.jpg,295,1,True,1,True,stayed_inside20,1,True,stayed_inside20,1,True,stayed_inside20
505,D:\deep-person-reid\reid-data\dukemtmc-reid\DukeMTMC-reID/query\0298_c1_f0100461.jpg,298,26,False,14,False,outside20_to_inside20,31,False,stayed_outside20,10,False,outside20_to_inside20
506,D:\deep-person-reid\reid-data\dukemtmc-reid\DukeMTMC-reID/query\0298_c2_f0099946.jpg,298,16,False,116,False,inside20_to_outside20,3,False,stayed_inside20,6,False,stayed_inside20
507,D:\deep-person-reid\reid-data\dukemtmc-reid\DukeMTMC-reID/query\0299_c1_f0100255.jpg,299,1342,False,4973,False,stayed_outside20,3915,False,stayed_outside20,6840,False,stayed_outside20
508,D:\deep-person-reid\reid-data\dukemtmc-reid\DukeMTMC-reID/query\0299_c8_f0056506.jpg,299,2027,False,1729,False,stayed_outside20,1146,False,stayed_outside20,987,False,stayed_outside20
509,D:\deep-person-reid\reid-data\dukemtmc-reid\DukeMTMC-reID/query\0300_c1_f0100380.jpg,300,65,False,60,False,stayed_outside20,102,False,stayed_outside20,320,False,stayed_outside20
510,D:\deep-person-reid\reid-data\dukemtmc-reid\DukeMTMC-reID/query\0300_c2_f0104587.jpg,300,2,False,1,True,stayed_inside20,1,True,stayed_inside20,1,True,stayed_inside20
511,D:\deep-person-reid\reid-data\dukemtmc-reid\DukeMTMC-reID/query\0300_c5_f0109383.jpg,300,1,True,1,True,stayed_inside20,2,False,stayed_inside20,1,True,stayed_inside20
512,D:\deep-person-reid\reid-data\dukemtmc-reid\DukeMTMC-reID/query\0300_c6_f0088982.jpg,300,2,False,1,True,stayed_inside20,4,False,stayed_inside20,3,False,stayed_inside20
513,D:\deep-person-reid\reid-data\dukemtmc-reid\DukeMTMC-reID/query\0300_c7_f0091101.jpg,300,1,True,1,True,stayed_inside20,1,True,stayed_inside20,1,True,stayed_inside20
514,D:\deep-person-reid\reid-data\dukemtmc-reid\DukeMTMC-reID/query\0301_c1_f0100084.jpg,301,1,True,1,True,stayed_inside20,1,True,stayed_inside20,1,True,stayed_inside20
515,D:\deep-person-reid\reid-data\dukemtmc-reid\DukeMTMC-reID/query\0301_c8_f0056904.jpg,301,4,False,9,False,stayed_inside20,2,False,stayed_inside20,3,False,stayed_inside20
516,D:\deep-person-reid\reid-data\dukemtmc-reid\DukeMTMC-reID/query\0302_c1_f0100590.jpg,302,1,True,1,True,stayed_inside20,1,True,stayed_inside20,1,True,stayed_inside20
517,D:\deep-person-reid\reid-data\dukemtmc-reid\DukeMTMC-reID/query\0302_c8_f0056825.jpg,302,1,True,1,True,stayed_inside20,1,True,stayed_inside20,1,True,stayed_inside20
518,D:\deep-person-reid\reid-data\dukemtmc-reid\DukeMTMC-reID/query\0303_c1_f0100165.jpg,303,1455,False,2544,False,stayed_outside20,1891,False,stayed_outside20,2994,False,stayed_outside20
519,D:\deep-person-reid\reid-data\dukemtmc-reid\DukeMTMC-reID/query\0303_c2_f0105145.jpg,303,6,False,6,False,stayed_inside20,2,False,stayed_inside20,2,False,stayed_inside20
520,D:\deep-person-reid\reid-data\dukemtmc-reid\DukeMTMC-reID/query\0303_c3_f0082101.jpg,303,14,False,629,False,inside20_to_outside20,29,False,inside20_to_outside20,800,False,inside20_to_outside20
521,D:\deep-person-reid\reid-data\dukemtmc-reid\DukeMTMC-reID/query\0303_c4_f0079885.jpg,303,77,False,195,False,stayed_outside20,341,False,stayed_outside20,770,False,stayed_outside20
522,D:\deep-person-reid\reid-data\dukemtmc-reid\DukeMTMC-reID/query\0304_c1_f0100891.jpg,304,420,False,796,False,stayed_outside20,831,False,stayed_outside20,1320,False,stayed_outside20
523,D:\deep-person-reid\reid-data\dukemtmc-reid\DukeMTMC-reID/query\0304_c2_f0100115.jpg,304,15,False,18,False,stayed_inside20,80,False,inside20_to_outside20,67,False,inside20_to_outside20
524,D:\deep-person-reid\reid-data\dukemtmc-reid\DukeMTMC-reID/query\0304_c3_f0075882.jpg,304,36,False,270,False,stayed_outside20,83,False,stayed_outside20,539,False,stayed_outside20
525,D:\deep-person-reid\reid-data\dukemtmc-reid\DukeMTMC-reID/query\0304_c4_f0069917.jpg,304,56,False,136,False,stayed_outside20,110,False,stayed_outside20,244,False,stayed_outside20
526,D:\deep-person-reid\reid-data\dukemtmc-reid\DukeMTMC-reID/query\0305_c1_f0100816.jpg,305,7,False,49,False,inside20_to_outside20,3,False,stayed_inside20,6,False,stayed_inside20
527,D:\deep-person-reid\reid-data\dukemtmc-reid\DukeMTMC-reID/query\0305_c2_f0104970.jpg,305,1,True,1,True,stayed_inside20,1,True,stayed_inside20,1,True,stayed_inside20
528,D:\deep-person-reid\reid-data\dukemtmc-reid\DukeMTMC-reID/query\0305_c5_f0109569.jpg,305,1,True,1,True,stayed_inside20,1,True,stayed_inside20,1,True,stayed_inside20
529,D:\deep-person-reid\reid-data\dukemtmc-reid\DukeMTMC-reID/query\0305_c6_f0088923.jpg,305,1,True,1,True,stayed_inside20,2,False,stayed_inside20,1,True,stayed_inside20
530,D:\deep-person-reid\reid-data\dukemtmc-reid\DukeMTMC-reID/query\0311_c1_f0101832.jpg,311,1,True,1,True,stayed_inside20,1,True,stayed_inside20,1,True,stayed_inside20
531,D:\deep-person-reid\reid-data\dukemtmc-reid\DukeMTMC-reID/query\0311_c2_f0102108.jpg,311,1,True,1,True,stayed_inside20,1,True,stayed_inside20,1,True,stayed_inside20
532,D:\deep-person-reid\reid-data\dukemtmc-reid\DukeMTMC-reID/query\0311_c5_f0104965.jpg,311,1,True,1,True,stayed_inside20,1,True,stayed_inside20,1,True,stayed_inside20
533,D:\deep-person-reid\reid-data\dukemtmc-reid\DukeMTMC-reID/query\0311_c6_f0080959.jpg,311,1,True,1,True,stayed_inside20,1,True,stayed_inside20,1,True,stayed_inside20
534,D:\deep-person-reid\reid-data\dukemtmc-reid\DukeMTMC-reID/query\0313_c1_f0102711.jpg,313,659,False,525,False,stayed_outside20,639,False,stayed_outside20,813,False,stayed_outside20
535,D:\deep-person-reid\reid-data\dukemtmc-reid\DukeMTMC-reID/query\0313_c2_f0107591.jpg,313,32,False,14,False,outside20_to_inside20,483,False,stayed_outside20,403,False,stayed_outside20
536,D:\deep-person-reid\reid-data\dukemtmc-reid\DukeMTMC-reID/query\0314_c1_f0102669.jpg,314,1,True,1,True,stayed_inside20,2,False,stayed_inside20,3,False,stayed_inside20
537,D:\deep-person-reid\reid-data\dukemtmc-reid\DukeMTMC-reID/query\0314_c2_f0102624.jpg,314,125,False,87,False,stayed_outside20,34,False,stayed_outside20,10,False,outside20_to_inside20
538,D:\deep-person-reid\reid-data\dukemtmc-reid\DukeMTMC-reID/query\0314_c3_f0078200.jpg,314,8,False,9,False,stayed_inside20,9,False,stayed_inside20,11,False,stayed_inside20
539,D:\deep-person-reid\reid-data\dukemtmc-reid\DukeMTMC-reID/query\0314_c4_f0072449.jpg,314,1005,False,213,False,stayed_outside20,507,False,stayed_outside20,862,False,stayed_outside20
540,D:\deep-person-reid\reid-data\dukemtmc-reid\DukeMTMC-reID/query\0315_c1_f0103145.jpg,315,1,True,3,False,stayed_inside20,1,True,stayed_inside20,1,True,stayed_inside20
541,D:\deep-person-reid\reid-data\dukemtmc-reid\DukeMTMC-reID/query\0315_c2_f0107077.jpg,315,384,False,587,False,stayed_outside20,161,False,stayed_outside20,454,False,stayed_outside20
542,D:\deep-person-reid\reid-data\dukemtmc-reid\DukeMTMC-reID/query\0315_c5_f0112364.jpg,315,1,True,74,False,inside20_to_outside20,104,False,inside20_to_outside20,2030,False,inside20_to_outside20
543,D:\deep-person-reid\reid-data\dukemtmc-reid\DukeMTMC-reID/query\0315_c7_f0093938.jpg,315,26,False,340,False,stayed_outside20,39,False,stayed_outside20,219,False,stayed_outside20
544,D:\deep-person-reid\reid-data\dukemtmc-reid\DukeMTMC-reID/query\0316_c1_f0102986.jpg,316,988,False,1123,False,stayed_outside20,1152,False,stayed_outside20,1809,False,stayed_outside20
545,D:\deep-person-reid\reid-data\dukemtmc-reid\DukeMTMC-reID/query\0316_c2_f0102647.jpg,316,1,True,2,False,stayed_inside20,1,True,stayed_inside20,10,False,stayed_inside20
546,D:\deep-person-reid\reid-data\dukemtmc-reid\DukeMTMC-reID/query\0316_c5_f0105189.jpg,316,1,True,1,True,stayed_inside20,1,True,stayed_inside20,1,True,stayed_inside20
547,D:\deep-person-reid\reid-data\dukemtmc-reid\DukeMTMC-reID/query\0316_c6_f0081597.jpg,316,68,False,1071,False,stayed_outside20,120,False,stayed_outside20,982,False,stayed_outside20
548,D:\deep-person-reid\reid-data\dukemtmc-reid\DukeMTMC-reID/query\0321_c1_f0104596.jpg,321,254,False,392,False,stayed_outside20,246,False,stayed_outside20,371,False,stayed_outside20
549,D:\deep-person-reid\reid-data\dukemtmc-reid\DukeMTMC-reID/query\0321_c2_f0104133.jpg,321,682,False,1221,False,stayed_outside20,649,False,stayed_outside20,1296,False,stayed_outside20
550,D:\deep-person-reid\reid-data\dukemtmc-reid\DukeMTMC-reID/query\0321_c3_f0079633.jpg,321,549,False,685,False,stayed_outside20,749,False,stayed_outside20,1455,False,stayed_outside20
551,D:\deep-person-reid\reid-data\dukemtmc-reid\DukeMTMC-reID/query\0321_c4_f0073930.jpg,321,109,False,119,False,stayed_outside20,20,False,outside20_to_inside20,28,False,stayed_outside20
552,D:\deep-person-reid\reid-data\dukemtmc-reid\DukeMTMC-reID/query\0323_c1_f0105515.jpg,323,403,False,600,False,stayed_outside20,691,False,stayed_outside20,964,False,stayed_outside20
553,D:\deep-person-reid\reid-data\dukemtmc-reid\DukeMTMC-reID/query\0323_c2_f0104053.jpg,323,1,True,1,True,stayed_inside20,1,True,stayed_inside20,1,True,stayed_inside20
554,D:\deep-person-reid\reid-data\dukemtmc-reid\DukeMTMC-reID/query\0323_c5_f0106514.jpg,323,1,True,1,True,stayed_inside20,1,True,stayed_inside20,1,True,stayed_inside20
555,D:\deep-person-reid\reid-data\dukemtmc-reid\DukeMTMC-reID/query\0323_c6_f0082342.jpg,323,1,True,1,True,stayed_inside20,1,True,stayed_inside20,1,True,stayed_inside20
556,D:\deep-person-reid\reid-data\dukemtmc-reid\DukeMTMC-reID/query\0324_c1_f0105390.jpg,324,17,False,235,False,inside20_to_outside20,19,False,stayed_inside20,138,False,inside20_to_outside20
557,D:\deep-person-reid\reid-data\dukemtmc-reid\DukeMTMC-reID/query\0324_c2_f0105177.jpg,324,1,True,1,True,stayed_inside20,1,True,stayed_inside20,1,True,stayed_inside20
558,D:\deep-person-reid\reid-data\dukemtmc-reid\DukeMTMC-reID/query\0324_c5_f0107238.jpg,324,1,True,1,True,stayed_inside20,1,True,stayed_inside20,1,True,stayed_inside20
559,D:\deep-person-reid\reid-data\dukemtmc-reid\DukeMTMC-reID/query\0324_c6_f0083295.jpg,324,1,True,5,False,stayed_inside20,2,False,stayed_inside20,1,True,stayed_inside20
560,D:\deep-person-reid\reid-data\dukemtmc-reid\DukeMTMC-reID/query\0329_c1_f0105247.jpg,329,3,False,3,False,stayed_inside20,24,False,inside20_to_outside20,15,False,stayed_inside20
561,D:\deep-person-reid\reid-data\dukemtmc-reid\DukeMTMC-reID/query\0329_c5_f0107593.jpg,329,1,True,1,True,stayed_inside20,2,False,stayed_inside20,5,False,stayed_inside20
562,D:\deep-person-reid\reid-data\dukemtmc-reid\DukeMTMC-reID/query\0329_c6_f0083388.jpg,329,6,False,9,False,stayed_inside20,47,False,inside20_to_outside20,14,False,stayed_inside20
563,D:\deep-person-reid\reid-data\dukemtmc-reid\DukeMTMC-reID/query\0329_c7_f0087823.jpg,329,3,False,3,False,stayed_inside20,3,False,stayed_inside20,5,False,stayed_inside20
564,D:\deep-person-reid\reid-data\dukemtmc-reid\DukeMTMC-reID/query\0332_c1_f0105510.jpg,332,100,False,270,False,stayed_outside20,232,False,stayed_outside20,477,False,stayed_outside20
565,D:\deep-person-reid\reid-data\dukemtmc-reid\DukeMTMC-reID/query\0332_c2_f0110000.jpg,332,81,False,157,False,stayed_outside20,64,False,stayed_outside20,798,False,stayed_outside20
566,D:\deep-person-reid\reid-data\dukemtmc-reid\DukeMTMC-reID/query\0332_c5_f0114811.jpg,332,1,True,1,True,stayed_inside20,1,True,stayed_inside20,1,True,stayed_inside20
567,D:\deep-person-reid\reid-data\dukemtmc-reid\DukeMTMC-reID/query\0332_c6_f0094780.jpg,332,1,True,1,True,stayed_inside20,1,True,stayed_inside20,1,True,stayed_inside20
568,D:\deep-person-reid\reid-data\dukemtmc-reid\DukeMTMC-reID/query\0334_c1_f0105618.jpg,334,6,False,6,False,stayed_inside20,8,False,stayed_inside20,7,False,stayed_inside20
569,D:\deep-person-reid\reid-data\dukemtmc-reid\DukeMTMC-reID/query\0334_c2_f0109556.jpg,334,2,False,1,True,stayed_inside20,1,True,stayed_inside20,2,False,stayed_inside20
570,D:\deep-person-reid\reid-data\dukemtmc-reid\DukeMTMC-reID/query\0334_c5_f0117157.jpg,334,2,False,2,False,stayed_inside20,1,True,stayed_inside20,2,False,stayed_inside20
571,D:\deep-person-reid\reid-data\dukemtmc-reid\DukeMTMC-reID/query\0334_c7_f0101819.jpg,334,22,False,14,False,outside20_to_inside20,52,False,stayed_outside20,44,False,stayed_outside20
572,D:\deep-person-reid\reid-data\dukemtmc-reid\DukeMTMC-reID/query\0337_c1_f0106499.jpg,337,503,False,2609,False,stayed_outside20,324,False,stayed_outside20,1185,False,stayed_outside20
573,D:\deep-person-reid\reid-data\dukemtmc-reid\DukeMTMC-reID/query\0337_c2_f0110519.jpg,337,7,False,15,False,stayed_inside20,87,False,inside20_to_outside20,177,False,inside20_to_outside20
574,D:\deep-person-reid\reid-data\dukemtmc-reid\DukeMTMC-reID/query\0340_c1_f0106839.jpg,340,4682,False,4296,False,stayed_outside20,5361,False,stayed_outside20,5727,False,stayed_outside20
575,D:\deep-person-reid\reid-data\dukemtmc-reid\DukeMTMC-reID/query\0340_c8_f0062658.jpg,340,2,False,1,True,stayed_inside20,7,False,stayed_inside20,7,False,stayed_inside20
576,D:\deep-person-reid\reid-data\dukemtmc-reid\DukeMTMC-reID/query\0341_c1_f0106021.jpg,341,64,False,107,False,stayed_outside20,97,False,stayed_outside20,120,False,stayed_outside20
577,D:\deep-person-reid\reid-data\dukemtmc-reid\DukeMTMC-reID/query\0341_c2_f0106197.jpg,341,5,False,4,False,stayed_inside20,6,False,stayed_inside20,5,False,stayed_inside20
578,D:\deep-person-reid\reid-data\dukemtmc-reid\DukeMTMC-reID/query\0341_c3_f0081495.jpg,341,3,False,3,False,stayed_inside20,6,False,stayed_inside20,6,False,stayed_inside20
579,D:\deep-person-reid\reid-data\dukemtmc-reid\DukeMTMC-reID/query\0341_c4_f0076026.jpg,341,130,False,343,False,stayed_outside20,57,False,stayed_outside20,342,False,stayed_outside20
580,D:\deep-person-reid\reid-data\dukemtmc-reid\DukeMTMC-reID/query\0342_c1_f0106637.jpg,342,4403,False,4776,False,stayed_outside20,3449,False,stayed_outside20,2674,False,stayed_outside20
581,D:\deep-person-reid\reid-data\dukemtmc-reid\DukeMTMC-reID/query\0342_c2_f0106675.jpg,342,178,False,199,False,stayed_outside20,63,False,stayed_outside20,76,False,stayed_outside20
582,D:\deep-person-reid\reid-data\dukemtmc-reid\DukeMTMC-reID/query\0342_c3_f0081622.jpg,342,915,False,810,False,stayed_outside20,990,False,stayed_outside20,2760,False,stayed_outside20
583,D:\deep-person-reid\reid-data\dukemtmc-reid\DukeMTMC-reID/query\0342_c4_f0076032.jpg,342,233,False,119,False,stayed_outside20,618,False,stayed_outside20,389,False,stayed_outside20
584,D:\deep-person-reid\reid-data\dukemtmc-reid\DukeMTMC-reID/query\0344_c1_f0107172.jpg,344,557,False,1286,False,stayed_outside20,630,False,stayed_outside20,1655,False,stayed_outside20
585,D:\deep-person-reid\reid-data\dukemtmc-reid\DukeMTMC-reID/query\0344_c2_f0105864.jpg,344,1,True,1,True,stayed_inside20,1,True,stayed_inside20,1,True,stayed_inside20
586,D:\deep-person-reid\reid-data\dukemtmc-reid\DukeMTMC-reID/query\0344_c5_f0107267.jpg,344,94,False,996,False,stayed_outside20,156,False,stayed_outside20,1173,False,stayed_outside20
587,D:\deep-person-reid\reid-data\dukemtmc-reid\DukeMTMC-reID/query\0344_c6_f0082896.jpg,344,1,True,1,True,stayed_inside20,1,True,stayed_inside20,1,True,stayed_inside20
588,D:\deep-person-reid\reid-data\dukemtmc-reid\DukeMTMC-reID/query\0346_c1_f0106889.jpg,346,2823,False,2322,False,stayed_outside20,3914,False,stayed_outside20,3515,False,stayed_outside20
589,D:\deep-person-reid\reid-data\dukemtmc-reid\DukeMTMC-reID/query\0346_c6_f0083673.jpg,346,8,False,16,False,stayed_inside20,1,True,stayed_inside20,3,False,stayed_inside20
590,D:\deep-person-reid\reid-data\dukemtmc-reid\DukeMTMC-reID/query\0346_c7_f0088327.jpg,346,56,False,117,False,stayed_outside20,72,False,stayed_outside20,115,False,stayed_outside20
591,D:\deep-person-reid\reid-data\dukemtmc-reid\DukeMTMC-reID/query\0347_c1_f0106817.jpg,347,3,False,1,True,stayed_inside20,2,False,stayed_inside20,1,True,stayed_inside20
592,D:\deep-person-reid\reid-data\dukemtmc-reid\DukeMTMC-reID/query\0347_c8_f0068504.jpg,347,4,False,9,False,stayed_inside20,1,True,stayed_inside20,1,True,stayed_inside20
593,D:\deep-person-reid\reid-data\dukemtmc-reid\DukeMTMC-reID/query\0350_c1_f0107514.jpg,350,6385,False,10119,False,stayed_outside20,3086,False,stayed_outside20,3527,False,stayed_outside20
594,D:\deep-person-reid\reid-data\dukemtmc-reid\DukeMTMC-reID/query\0350_c8_f0063219.jpg,350,203,False,564,False,stayed_outside20,423,False,stayed_outside20,1126,False,stayed_outside20
595,D:\deep-person-reid\reid-data\dukemtmc-reid\DukeMTMC-reID/query\0351_c1_f0107171.jpg,351,1639,False,1982,False,stayed_outside20,912,False,stayed_outside20,963,False,stayed_outside20
596,D:\deep-person-reid\reid-data\dukemtmc-reid\DukeMTMC-reID/query\0351_c8_f0067780.jpg,351,2089,False,2611,False,stayed_outside20,4769,False,stayed_outside20,4912,False,stayed_outside20
597,D:\deep-person-reid\reid-data\dukemtmc-reid\DukeMTMC-reID/query\0352_c1_f0106937.jpg,352,526,False,920,False,stayed_outside20,85,False,stayed_outside20,11,False,outside20_to_inside20
598,D:\deep-person-reid\reid-data\dukemtmc-reid\DukeMTMC-reID/query\0352_c8_f0063355.jpg,352,33,False,36,False,stayed_outside20,66,False,stayed_outside20,70,False,stayed_outside20
599,D:\deep-person-reid\reid-data\dukemtmc-reid\DukeMTMC-reID/query\0353_c1_f0106968.jpg,353,1,True,1,True,stayed_inside20,1,True,stayed_inside20,1,True,stayed_inside20
600,D:\deep-person-reid\reid-data\dukemtmc-reid\DukeMTMC-reID/query\0353_c8_f0063582.jpg,353,8,False,9,False,stayed_inside20,4,False,stayed_inside20,2,False,stayed_inside20
601,D:\deep-person-reid\reid-data\dukemtmc-reid\DukeMTMC-reID/query\0354_c1_f0107194.jpg,354,291,False,224,False,stayed_outside20,52,False,stayed_outside20,546,False,stayed_outside20
602,D:\deep-person-reid\reid-data\dukemtmc-reid\DukeMTMC-reID/query\0354_c2_f0107555.jpg,354,1,True,1,True,stayed_inside20,1,True,stayed_inside20,1,True,stayed_inside20
603,D:\deep-person-reid\reid-data\dukemtmc-reid\DukeMTMC-reID/query\0354_c5_f0108450.jpg,354,1,True,2,False,stayed_inside20,1,True,stayed_inside20,5,False,stayed_inside20
604,D:\deep-person-reid\reid-data\dukemtmc-reid\DukeMTMC-reID/query\0354_c6_f0083294.jpg,354,1,True,1,True,stayed_inside20,1,True,stayed_inside20,1,True,stayed_inside20
605,D:\deep-person-reid\reid-data\dukemtmc-reid\DukeMTMC-reID/query\0354_c7_f0088099.jpg,354,9,False,11,False,stayed_inside20,38,False,inside20_to_outside20,10,False,stayed_inside20
606,D:\deep-person-reid\reid-data\dukemtmc-reid\DukeMTMC-reID/query\0355_c1_f0107560.jpg,355,118,False,122,False,stayed_outside20,17,False,outside20_to_inside20,33,False,stayed_outside20
607,D:\deep-person-reid\reid-data\dukemtmc-reid\DukeMTMC-reID/query\0355_c2_f0106676.jpg,355,26,False,23,False,stayed_outside20,9,False,outside20_to_inside20,1,True,outside20_to_inside20
608,D:\deep-person-reid\reid-data\dukemtmc-reid\DukeMTMC-reID/query\0355_c3_f0081368.jpg,355,33,False,175,False,stayed_outside20,76,False,stayed_outside20,2226,False,stayed_outside20
609,D:\deep-person-reid\reid-data\dukemtmc-reid\DukeMTMC-reID/query\0355_c4_f0075697.jpg,355,2321,False,2054,False,stayed_outside20,1237,False,stayed_outside20,1171,False,stayed_outside20
610,D:\deep-person-reid\reid-data\dukemtmc-reid\DukeMTMC-reID/query\0356_c1_f0107353.jpg,356,400,False,849,False,stayed_outside20,488,False,stayed_outside20,621,False,stayed_outside20
611,D:\deep-person-reid\reid-data\dukemtmc-reid\DukeMTMC-reID/query\0356_c2_f0107912.jpg,356,75,False,123,False,stayed_outside20,313,False,stayed_outside20,147,False,stayed_outside20
612,D:\deep-person-reid\reid-data\dukemtmc-reid\DukeMTMC-reID/query\0356_c3_f0082818.jpg,356,8,False,5,False,stayed_inside20,204,False,inside20_to_outside20,1186,False,inside20_to_outside20
613,D:\deep-person-reid\reid-data\dukemtmc-reid\DukeMTMC-reID/query\0356_c4_f0077087.jpg,356,103,False,257,False,stayed_outside20,5,False,outside20_to_inside20,77,False,stayed_outside20
614,D:\deep-person-reid\reid-data\dukemtmc-reid\DukeMTMC-reID/query\0358_c1_f0107737.jpg,358,1290,False,2068,False,stayed_outside20,3742,False,stayed_outside20,4887,False,stayed_outside20
615,D:\deep-person-reid\reid-data\dukemtmc-reid\DukeMTMC-reID/query\0358_c2_f0111905.jpg,358,151,False,685,False,stayed_outside20,740,False,stayed_outside20,657,False,stayed_outside20
616,D:\deep-person-reid\reid-data\dukemtmc-reid\DukeMTMC-reID/query\0358_c3_f0089507.jpg,358,125,False,637,False,stayed_outside20,73,False,stayed_outside20,1778,False,stayed_outside20
617,D:\deep-person-reid\reid-data\dukemtmc-reid\DukeMTMC-reID/query\0358_c4_f0087432.jpg,358,260,False,463,False,stayed_outside20,948,False,stayed_outside20,1277,False,stayed_outside20
618,D:\deep-person-reid\reid-data\dukemtmc-reid\DukeMTMC-reID/query\0359_c1_f0108020.jpg,359,12,False,362,False,inside20_to_outside20,47,False,inside20_to_outside20,170,False,inside20_to_outside20
619,D:\deep-person-reid\reid-data\dukemtmc-reid\DukeMTMC-reID/query\0359_c2_f0107444.jpg,359,1,True,1,True,stayed_inside20,1,True,stayed_inside20,1,True,stayed_inside20
620,D:\deep-person-reid\reid-data\dukemtmc-reid\DukeMTMC-reID/query\0359_c5_f0109442.jpg,359,1,True,19,False,stayed_inside20,1,True,stayed_inside20,1,True,stayed_inside20
621,D:\deep-person-reid\reid-data\dukemtmc-reid\DukeMTMC-reID/query\0359_c6_f0085905.jpg,359,35,False,550,False,stayed_outside20,188,False,stayed_outside20,459,False,stayed_outside20
622,D:\deep-person-reid\reid-data\dukemtmc-reid\DukeMTMC-reID/query\0360_c1_f0108265.jpg,360,2,False,2,False,stayed_inside20,10,False,stayed_inside20,876,False,inside20_to_outside20
623,D:\deep-person-reid\reid-data\dukemtmc-reid\DukeMTMC-reID/query\0360_c2_f0108020.jpg,360,4,False,2,False,stayed_inside20,3,False,stayed_inside20,2,False,stayed_inside20
624,D:\deep-person-reid\reid-data\dukemtmc-reid\DukeMTMC-reID/query\0360_c5_f0111016.jpg,360,2,False,2,False,stayed_inside20,2,False,stayed_inside20,2,False,stayed_inside20
625,D:\deep-person-reid\reid-data\dukemtmc-reid\DukeMTMC-reID/query\0360_c6_f0086405.jpg,360,816,False,1564,False,stayed_outside20,692,False,stayed_outside20,1365,False,stayed_outside20
626,D:\deep-person-reid\reid-data\dukemtmc-reid\DukeMTMC-reID/query\0361_c1_f0108879.jpg,361,64,False,254,False,stayed_outside20,118,False,stayed_outside20,537,False,stayed_outside20
627,D:\deep-person-reid\reid-data\dukemtmc-reid\DukeMTMC-reID/query\0361_c2_f0108491.jpg,361,2,False,2,False,stayed_inside20,6,False,stayed_inside20,9,False,stayed_inside20
628,D:\deep-person-reid\reid-data\dukemtmc-reid\DukeMTMC-reID/query\0361_c5_f0110785.jpg,361,1,True,1,True,stayed_inside20,1,True,stayed_inside20,1,True,stayed_inside20
629,D:\deep-person-reid\reid-data\dukemtmc-reid\DukeMTMC-reID/query\0361_c6_f0086861.jpg,361,1003,False,1699,False,stayed_outside20,605,False,stayed_outside20,1277,False,stayed_outside20
630,D:\deep-person-reid\reid-data\dukemtmc-reid\DukeMTMC-reID/query\0363_c1_f0109091.jpg,363,3,False,3,False,stayed_inside20,3,False,stayed_inside20,5,False,stayed_inside20
631,D:\deep-person-reid\reid-data\dukemtmc-reid\DukeMTMC-reID/query\0363_c2_f0112990.jpg,363,1,True,1,True,stayed_inside20,3,False,stayed_inside20,3,False,stayed_inside20
632,D:\deep-person-reid\reid-data\dukemtmc-reid\DukeMTMC-reID/query\0363_c3_f0090302.jpg,363,44,False,840,False,stayed_outside20,37,False,stayed_outside20,673,False,stayed_outside20
633,D:\deep-person-reid\reid-data\dukemtmc-reid\DukeMTMC-reID/query\0363_c4_f0087731.jpg,363,331,False,805,False,stayed_outside20,391,False,stayed_outside20,543,False,stayed_outside20
634,D:\deep-person-reid\reid-data\dukemtmc-reid\DukeMTMC-reID/query\0364_c1_f0109014.jpg,364,1790,False,2250,False,stayed_outside20,1339,False,stayed_outside20,1388,False,stayed_outside20
635,D:\deep-person-reid\reid-data\dukemtmc-reid\DukeMTMC-reID/query\0364_c8_f0070718.jpg,364,26,False,141,False,stayed_outside20,52,False,stayed_outside20,159,False,stayed_outside20
636,D:\deep-person-reid\reid-data\dukemtmc-reid\DukeMTMC-reID/query\0367_c1_f0109491.jpg,367,59,False,254,False,stayed_outside20,29,False,stayed_outside20,289,False,stayed_outside20
637,D:\deep-person-reid\reid-data\dukemtmc-reid\DukeMTMC-reID/query\0367_c2_f0109633.jpg,367,3,False,1,True,stayed_inside20,3,False,stayed_inside20,2,False,stayed_inside20
638,D:\deep-person-reid\reid-data\dukemtmc-reid\DukeMTMC-reID/query\0367_c3_f0084233.jpg,367,124,False,92,False,stayed_outside20,8,False,outside20_to_inside20,8,False,outside20_to_inside20
639,D:\deep-person-reid\reid-data\dukemtmc-reid\DukeMTMC-reID/query\0367_c4_f0077579.jpg,367,60,False,33,False,stayed_outside20,9,False,outside20_to_inside20,9,False,outside20_to_inside20
640,D:\deep-person-reid\reid-data\dukemtmc-reid\DukeMTMC-reID/query\0369_c1_f0110100.jpg,369,485,False,936,False,stayed_outside20,745,False,stayed_outside20,1608,False,stayed_outside20
641,D:\deep-person-reid\reid-data\dukemtmc-reid\DukeMTMC-reID/query\0369_c2_f0109813.jpg,369,1,True,2,False,stayed_inside20,3,False,stayed_inside20,18,False,stayed_inside20
642,D:\deep-person-reid\reid-data\dukemtmc-reid\DukeMTMC-reID/query\0369_c5_f0111316.jpg,369,3,False,3,False,stayed_inside20,1,True,stayed_inside20,1,True,stayed_inside20
643,D:\deep-person-reid\reid-data\dukemtmc-reid\DukeMTMC-reID/query\0369_c6_f0088020.jpg,369,83,False,537,False,stayed_outside20,385,False,stayed_outside20,1630,False,stayed_outside20
644,D:\deep-person-reid\reid-data\dukemtmc-reid\DukeMTMC-reID/query\0371_c1_f0110190.jpg,371,29,False,712,False,stayed_outside20,16,False,outside20_to_inside20,25,False,stayed_outside20
645,D:\deep-person-reid\reid-data\dukemtmc-reid\DukeMTMC-reID/query\0371_c2_f0114084.jpg,371,9,False,5,False,stayed_inside20,1,True,stayed_inside20,1,True,stayed_inside20
646,D:\deep-person-reid\reid-data\dukemtmc-reid\DukeMTMC-reID/query\0371_c3_f0091408.jpg,371,1332,False,1796,False,stayed_outside20,1444,False,stayed_outside20,1651,False,stayed_outside20
647,D:\deep-person-reid\reid-data\dukemtmc-reid\DukeMTMC-reID/query\0371_c4_f0089070.jpg,371,2,False,2,False,stayed_inside20,8,False,stayed_inside20,11,False,stayed_inside20
648,D:\deep-person-reid\reid-data\dukemtmc-reid\DukeMTMC-reID/query\0372_c1_f0110818.jpg,372,1729,False,10168,False,stayed_outside20,947,False,stayed_outside20,8165,False,stayed_outside20
649,D:\deep-person-reid\reid-data\dukemtmc-reid\DukeMTMC-reID/query\0372_c8_f0066182.jpg,372,5,False,1,True,stayed_inside20,3,False,stayed_inside20,1,True,stayed_inside20
650,D:\deep-person-reid\reid-data\dukemtmc-reid\DukeMTMC-reID/query\0375_c1_f0110200.jpg,375,3,False,4,False,stayed_inside20,10,False,stayed_inside20,14,False,stayed_inside20
651,D:\deep-person-reid\reid-data\dukemtmc-reid\DukeMTMC-reID/query\0375_c2_f0109542.jpg,375,1,True,5,False,stayed_inside20,28,False,inside20_to_outside20,288,False,inside20_to_outside20
652,D:\deep-person-reid\reid-data\dukemtmc-reid\DukeMTMC-reID/query\0375_c5_f0111900.jpg,375,1,True,1,True,stayed_inside20,1,True,stayed_inside20,1,True,stayed_inside20
653,D:\deep-person-reid\reid-data\dukemtmc-reid\DukeMTMC-reID/query\0375_c6_f0088184.jpg,375,71,False,505,False,stayed_outside20,51,False,stayed_outside20,1017,False,stayed_outside20
654,D:\deep-person-reid\reid-data\dukemtmc-reid\DukeMTMC-reID/query\0376_c1_f0110401.jpg,376,586,False,845,False,stayed_outside20,977,False,stayed_outside20,1233,False,stayed_outside20
655,D:\deep-person-reid\reid-data\dukemtmc-reid\DukeMTMC-reID/query\0376_c2_f0114155.jpg,376,698,False,1403,False,stayed_outside20,982,False,stayed_outside20,540,False,stayed_outside20
656,D:\deep-person-reid\reid-data\dukemtmc-reid\DukeMTMC-reID/query\0376_c3_f0091701.jpg,376,1912,False,2201,False,stayed_outside20,578,False,stayed_outside20,296,False,stayed_outside20
657,D:\deep-person-reid\reid-data\dukemtmc-reid\DukeMTMC-reID/query\0376_c4_f0089675.jpg,376,3458,False,5670,False,stayed_outside20,6081,False,stayed_outside20,6318,False,stayed_outside20
658,D:\deep-person-reid\reid-data\dukemtmc-reid\DukeMTMC-reID/query\0377_c1_f0110464.jpg,377,859,False,1759,False,stayed_outside20,1420,False,stayed_outside20,1455,False,stayed_outside20
659,D:\deep-person-reid\reid-data\dukemtmc-reid\DukeMTMC-reID/query\0377_c2_f0114573.jpg,377,25,False,66,False,stayed_outside20,45,False,stayed_outside20,140,False,stayed_outside20
660,D:\deep-person-reid\reid-data\dukemtmc-reid\DukeMTMC-reID/query\0378_c1_f0110447.jpg,378,2,False,2,False,stayed_inside20,2,False,stayed_inside20,1,True,stayed_inside20
661,D:\deep-person-reid\reid-data\dukemtmc-reid\DukeMTMC-reID/query\0378_c5_f0112815.jpg,378,4,False,4,False,stayed_inside20,5,False,stayed_inside20,4,False,stayed_inside20
662,D:\deep-person-reid\reid-data\dukemtmc-reid\DukeMTMC-reID/query\0378_c6_f0088351.jpg,378,1,True,1,True,stayed_inside20,1,True,stayed_inside20,1,True,stayed_inside20
663,D:\deep-person-reid\reid-data\dukemtmc-reid\DukeMTMC-reID/query\0379_c1_f0110932.jpg,379,1,True,2,False,stayed_inside20,1,True,stayed_inside20,1,True,stayed_inside20
664,D:\deep-person-reid\reid-data\dukemtmc-reid\DukeMTMC-reID/query\0379_c5_f0112683.jpg,379,28,False,14,False,outside20_to_inside20,23,False,stayed_outside20,14,False,outside20_to_inside20
665,D:\deep-person-reid\reid-data\dukemtmc-reid\DukeMTMC-reID/query\0379_c6_f0088539.jpg,379,12,False,18,False,stayed_inside20,7,False,stayed_inside20,3,False,stayed_inside20
666,D:\deep-person-reid\reid-data\dukemtmc-reid\DukeMTMC-reID/query\0380_c1_f0110981.jpg,380,422,False,393,False,stayed_outside20,282,False,stayed_outside20,484,False,stayed_outside20
667,D:\deep-person-reid\reid-data\dukemtmc-reid\DukeMTMC-reID/query\0380_c2_f0111163.jpg,380,3,False,10,False,stayed_inside20,1,True,stayed_inside20,1,True,stayed_inside20
668,D:\deep-person-reid\reid-data\dukemtmc-reid\DukeMTMC-reID/query\0380_c5_f0113432.jpg,380,1,True,4,False,stayed_inside20,1,True,stayed_inside20,1,True,stayed_inside20
669,D:\deep-person-reid\reid-data\dukemtmc-reid\DukeMTMC-reID/query\0380_c6_f0089461.jpg,380,15,False,50,False,inside20_to_outside20,4,False,stayed_inside20,22,False,inside20_to_outside20
670,D:\deep-person-reid\reid-data\dukemtmc-reid\DukeMTMC-reID/query\0381_c1_f0110980.jpg,381,361,False,1272,False,stayed_outside20,822,False,stayed_outside20,1466,False,stayed_outside20
671,D:\deep-person-reid\reid-data\dukemtmc-reid\DukeMTMC-reID/query\0381_c2_f0114863.jpg,381,184,False,396,False,stayed_outside20,231,False,stayed_outside20,553,False,stayed_outside20
672,D:\deep-person-reid\reid-data\dukemtmc-reid\DukeMTMC-reID/query\0381_c3_f0092660.jpg,381,1194,False,1907,False,stayed_outside20,990,False,stayed_outside20,1429,False,stayed_outside20
673,D:\deep-person-reid\reid-data\dukemtmc-reid\DukeMTMC-reID/query\0381_c4_f0090550.jpg,381,140,False,118,False,stayed_outside20,17,False,outside20_to_inside20,8,False,outside20_to_inside20
674,D:\deep-person-reid\reid-data\dukemtmc-reid\DukeMTMC-reID/query\0386_c1_f0111425.jpg,386,11,False,14,False,stayed_inside20,5,False,stayed_inside20,2,False,stayed_inside20
675,D:\deep-person-reid\reid-data\dukemtmc-reid\DukeMTMC-reID/query\0386_c2_f0111926.jpg,386,2,False,4,False,stayed_inside20,1,True,stayed_inside20,2,False,stayed_inside20
676,D:\deep-person-reid\reid-data\dukemtmc-reid\DukeMTMC-reID/query\0389_c1_f0111986.jpg,389,11,False,8,False,stayed_inside20,3,False,stayed_inside20,2,False,stayed_inside20
677,D:\deep-person-reid\reid-data\dukemtmc-reid\DukeMTMC-reID/query\0389_c8_f0068356.jpg,389,1,True,1,True,stayed_inside20,1,True,stayed_inside20,1,True,stayed_inside20
678,D:\deep-person-reid\reid-data\dukemtmc-reid\DukeMTMC-reID/query\0390_c1_f0111618.jpg,390,1,True,2,False,stayed_inside20,1,True,stayed_inside20,1,True,stayed_inside20
679,D:\deep-person-reid\reid-data\dukemtmc-reid\DukeMTMC-reID/query\0390_c2_f0111948.jpg,390,64,False,173,False,stayed_outside20,324,False,stayed_outside20,836,False,stayed_outside20
680,D:\deep-person-reid\reid-data\dukemtmc-reid\DukeMTMC-reID/query\0391_c1_f0112156.jpg,391,3,False,1,True,stayed_inside20,4,False,stayed_inside20,2,False,stayed_inside20
681,D:\deep-person-reid\reid-data\dukemtmc-reid\DukeMTMC-reID/query\0391_c8_f0068524.jpg,391,1,True,1,True,stayed_inside20,1,True,stayed_inside20,1,True,stayed_inside20
682,D:\deep-person-reid\reid-data\dukemtmc-reid\DukeMTMC-reID/query\0394_c1_f0112052.jpg,394,1868,False,1525,False,stayed_outside20,1427,False,stayed_outside20,1291,False,stayed_outside20
683,D:\deep-person-reid\reid-data\dukemtmc-reid\DukeMTMC-reID/query\0394_c2_f0116507.jpg,394,1,True,17,False,stayed_inside20,1,True,stayed_inside20,63,False,inside20_to_outside20
684,D:\deep-person-reid\reid-data\dukemtmc-reid\DukeMTMC-reID/query\0394_c5_f0121707.jpg,394,1,True,1,True,stayed_inside20,1,True,stayed_inside20,1,True,stayed_inside20
685,D:\deep-person-reid\reid-data\dukemtmc-reid\DukeMTMC-reID/query\0394_c6_f0100949.jpg,394,1,True,2,False,stayed_inside20,1,True,stayed_inside20,1,True,stayed_inside20
686,D:\deep-person-reid\reid-data\dukemtmc-reid\DukeMTMC-reID/query\0395_c1_f0112678.jpg,395,229,False,1160,False,stayed_outside20,676,False,stayed_outside20,1595,False,stayed_outside20
687,D:\deep-person-reid\reid-data\dukemtmc-reid\DukeMTMC-reID/query\0395_c2_f0111697.jpg,395,1,True,1,True,stayed_inside20,1,True,stayed_inside20,1,True,stayed_inside20
688,D:\deep-person-reid\reid-data\dukemtmc-reid\DukeMTMC-reID/query\0395_c5_f0114572.jpg,395,1,True,1,True,stayed_inside20,1,True,stayed_inside20,1,True,stayed_inside20
689,D:\deep-person-reid\reid-data\dukemtmc-reid\DukeMTMC-reID/query\0395_c6_f0089934.jpg,395,1,True,1,True,stayed_inside20,1,True,stayed_inside20,1,True,stayed_inside20
690,D:\deep-person-reid\reid-data\dukemtmc-reid\DukeMTMC-reID/query\0400_c1_f0113071.jpg,400,3094,False,4138,False,stayed_outside20,2354,False,stayed_outside20,4762,False,stayed_outside20
691,D:\deep-person-reid\reid-data\dukemtmc-reid\DukeMTMC-reID/query\0400_c8_f0069409.jpg,400,5,False,5,False,stayed_inside20,10,False,stayed_inside20,6,False,stayed_inside20
692,D:\deep-person-reid\reid-data\dukemtmc-reid\DukeMTMC-reID/query\0405_c1_f0114929.jpg,405,3,False,1,True,stayed_inside20,1,True,stayed_inside20,1,True,stayed_inside20
693,D:\deep-person-reid\reid-data\dukemtmc-reid\DukeMTMC-reID/query\0405_c2_f0119076.jpg,405,180,False,307,False,stayed_outside20,83,False,stayed_outside20,363,False,stayed_outside20
694,D:\deep-person-reid\reid-data\dukemtmc-reid\DukeMTMC-reID/query\0405_c5_f0124264.jpg,405,1,True,1,True,stayed_inside20,1,True,stayed_inside20,1,True,stayed_inside20
695,D:\deep-person-reid\reid-data\dukemtmc-reid\DukeMTMC-reID/query\0405_c6_f0103769.jpg,405,1,True,1,True,stayed_inside20,1,True,stayed_inside20,1,True,stayed_inside20
696,D:\deep-person-reid\reid-data\dukemtmc-reid\DukeMTMC-reID/query\0405_c7_f0106282.jpg,405,1,True,1,True,stayed_inside20,1,True,stayed_inside20,1,True,stayed_inside20
697,D:\deep-person-reid\reid-data\dukemtmc-reid\DukeMTMC-reID/query\0409_c1_f0115442.jpg,409,498,False,855,False,stayed_outside20,964,False,stayed_outside20,1267,False,stayed_outside20
698,D:\deep-person-reid\reid-data\dukemtmc-reid\DukeMTMC-reID/query\0409_c2_f0115061.jpg,409,1,True,1,True,stayed_inside20,1,True,stayed_inside20,1,True,stayed_inside20
699,D:\deep-person-reid\reid-data\dukemtmc-reid\DukeMTMC-reID/query\0409_c5_f0116835.jpg,409,20,False,251,False,inside20_to_outside20,72,False,inside20_to_outside20,296,False,inside20_to_outside20
700,D:\deep-person-reid\reid-data\dukemtmc-reid\DukeMTMC-reID/query\0409_c6_f0091935.jpg,409,33,False,182,False,stayed_outside20,35,False,stayed_outside20,255,False,stayed_outside20
701,D:\deep-person-reid\reid-data\dukemtmc-reid\DukeMTMC-reID/query\0410_c1_f0115296.jpg,410,126,False,574,False,stayed_outside20,164,False,stayed_outside20,795,False,stayed_outside20
702,D:\deep-person-reid\reid-data\dukemtmc-reid\DukeMTMC-reID/query\0410_c2_f0115494.jpg,410,1,True,1,True,stayed_inside20,1,True,stayed_inside20,1,True,stayed_inside20
703,D:\deep-person-reid\reid-data\dukemtmc-reid\DukeMTMC-reID/query\0410_c5_f0117976.jpg,410,1,True,1,True,stayed_inside20,1,True,stayed_inside20,1,True,stayed_inside20
704,D:\deep-person-reid\reid-data\dukemtmc-reid\DukeMTMC-reID/query\0410_c6_f0093646.jpg,410,1,True,1,True,stayed_inside20,1,True,stayed_inside20,1,True,stayed_inside20
705,D:\deep-person-reid\reid-data\dukemtmc-reid\DukeMTMC-reID/query\0412_c1_f0116132.jpg,412,126,False,660,False,stayed_outside20,385,False,stayed_outside20,1075,False,stayed_outside20
706,D:\deep-person-reid\reid-data\dukemtmc-reid\DukeMTMC-reID/query\0412_c2_f0119920.jpg,412,195,False,115,False,stayed_outside20,347,False,stayed_outside20,258,False,stayed_outside20
707,D:\deep-person-reid\reid-data\dukemtmc-reid\DukeMTMC-reID/query\0412_c3_f0097658.jpg,412,180,False,850,False,stayed_outside20,877,False,stayed_outside20,1452,False,stayed_outside20
708,D:\deep-person-reid\reid-data\dukemtmc-reid\DukeMTMC-reID/query\0412_c4_f0095591.jpg,412,302,False,354,False,stayed_outside20,942,False,stayed_outside20,1110,False,stayed_outside20
709,D:\deep-person-reid\reid-data\dukemtmc-reid\DukeMTMC-reID/query\0414_c1_f0116411.jpg,414,1202,False,698,False,stayed_outside20,1448,False,stayed_outside20,1180,False,stayed_outside20
710,D:\deep-person-reid\reid-data\dukemtmc-reid\DukeMTMC-reID/query\0414_c2_f0120871.jpg,414,10,False,49,False,inside20_to_outside20,63,False,inside20_to_outside20,400,False,inside20_to_outside20
711,D:\deep-person-reid\reid-data\dukemtmc-reid\DukeMTMC-reID/query\0414_c3_f0098340.jpg,414,136,False,1596,False,stayed_outside20,237,False,stayed_outside20,3961,False,stayed_outside20
712,D:\deep-person-reid\reid-data\dukemtmc-reid\DukeMTMC-reID/query\0414_c4_f0096182.jpg,414,1110,False,1263,False,stayed_outside20,2007,False,stayed_outside20,1897,False,stayed_outside20
713,D:\deep-person-reid\reid-data\dukemtmc-reid\DukeMTMC-reID/query\0415_c1_f0116713.jpg,415,1,True,1,True,stayed_inside20,1,True,stayed_inside20,1,True,stayed_inside20
714,D:\deep-person-reid\reid-data\dukemtmc-reid\DukeMTMC-reID/query\0415_c2_f0120423.jpg,415,344,False,1573,False,stayed_outside20,270,False,stayed_outside20,1782,False,stayed_outside20
715,D:\deep-person-reid\reid-data\dukemtmc-reid\DukeMTMC-reID/query\0415_c5_f0125554.jpg,415,1,True,1,True,stayed_inside20,1,True,stayed_inside20,1,True,stayed_inside20
716,D:\deep-person-reid\reid-data\dukemtmc-reid\DukeMTMC-reID/query\0415_c6_f0104175.jpg,415,1,True,1,True,stayed_inside20,1,True,stayed_inside20,1,True,stayed_inside20
717,D:\deep-person-reid\reid-data\dukemtmc-reid\DukeMTMC-reID/query\0416_c1_f0118345.jpg,416,28,False,6,False,outside20_to_inside20,66,False,stayed_outside20,48,False,stayed_outside20
718,D:\deep-person-reid\reid-data\dukemtmc-reid\DukeMTMC-reID/query\0416_c2_f0126374.jpg,416,17,False,12,False,stayed_inside20,9,False,stayed_inside20,15,False,stayed_inside20
719,D:\deep-person-reid\reid-data\dukemtmc-reid\DukeMTMC-reID/query\0416_c3_f0103591.jpg,416,151,False,173,False,stayed_outside20,782,False,stayed_outside20,1366,False,stayed_outside20
720,D:\deep-person-reid\reid-data\dukemtmc-reid\DukeMTMC-reID/query\0418_c1_f0117510.jpg,418,888,False,7752,False,stayed_outside20,504,False,stayed_outside20,3885,False,stayed_outside20
721,D:\deep-person-reid\reid-data\dukemtmc-reid\DukeMTMC-reID/query\0418_c2_f0117973.jpg,418,79,False,166,False,stayed_outside20,469,False,stayed_outside20,1631,False,stayed_outside20
722,D:\deep-person-reid\reid-data\dukemtmc-reid\DukeMTMC-reID/query\0420_c1_f0118434.jpg,420,301,False,1140,False,stayed_outside20,382,False,stayed_outside20,755,False,stayed_outside20
723,D:\deep-person-reid\reid-data\dukemtmc-reid\DukeMTMC-reID/query\0420_c8_f0074468.jpg,420,78,False,109,False,stayed_outside20,49,False,stayed_outside20,75,False,stayed_outside20
724,D:\deep-person-reid\reid-data\dukemtmc-reid\DukeMTMC-reID/query\0426_c1_f0118977.jpg,426,710,False,1870,False,stayed_outside20,1457,False,stayed_outside20,2926,False,stayed_outside20
725,D:\deep-person-reid\reid-data\dukemtmc-reid\DukeMTMC-reID/query\0426_c2_f0118950.jpg,426,1,True,1,True,stayed_inside20,1,True,stayed_inside20,1,True,stayed_inside20
726,D:\deep-person-reid\reid-data\dukemtmc-reid\DukeMTMC-reID/query\0426_c5_f0120880.jpg,426,1,True,1,True,stayed_inside20,1,True,stayed_inside20,1,True,stayed_inside20
727,D:\deep-person-reid\reid-data\dukemtmc-reid\DukeMTMC-reID/query\0426_c6_f0097535.jpg,426,1,True,1,True,stayed_inside20,1,True,stayed_inside20,1,True,stayed_inside20
728,D:\deep-person-reid\reid-data\dukemtmc-reid\DukeMTMC-reID/query\0427_c1_f0118777.jpg,427,826,False,1045,False,stayed_outside20,1014,False,stayed_outside20,1492,False,stayed_outside20
729,D:\deep-person-reid\reid-data\dukemtmc-reid\DukeMTMC-reID/query\0427_c2_f0122643.jpg,427,65,False,126,False,stayed_outside20,354,False,stayed_outside20,259,False,stayed_outside20
730,D:\deep-person-reid\reid-data\dukemtmc-reid\DukeMTMC-reID/query\0427_c3_f0100220.jpg,427,27,False,116,False,stayed_outside20,3,False,outside20_to_inside20,5,False,outside20_to_inside20
731,D:\deep-person-reid\reid-data\dukemtmc-reid\DukeMTMC-reID/query\0427_c4_f0097859.jpg,427,145,False,321,False,stayed_outside20,67,False,stayed_outside20,61,False,stayed_outside20
732,D:\deep-person-reid\reid-data\dukemtmc-reid\DukeMTMC-reID/query\0428_c1_f0118787.jpg,428,41,False,149,False,stayed_outside20,226,False,stayed_outside20,838,False,stayed_outside20
733,D:\deep-person-reid\reid-data\dukemtmc-reid\DukeMTMC-reID/query\0428_c8_f0075073.jpg,428,297,False,469,False,stayed_outside20,781,False,stayed_outside20,1792,False,stayed_outside20
734,D:\deep-person-reid\reid-data\dukemtmc-reid\DukeMTMC-reID/query\0429_c1_f0119147.jpg,429,391,False,2223,False,stayed_outside20,754,False,stayed_outside20,1772,False,stayed_outside20
735,D:\deep-person-reid\reid-data\dukemtmc-reid\DukeMTMC-reID/query\0429_c2_f0119181.jpg,429,88,False,74,False,stayed_outside20,40,False,stayed_outside20,29,False,stayed_outside20
736,D:\deep-person-reid\reid-data\dukemtmc-reid\DukeMTMC-reID/query\0431_c1_f0119486.jpg,431,1986,False,2506,False,stayed_outside20,1806,False,stayed_outside20,2293,False,stayed_outside20
737,D:\deep-person-reid\reid-data\dukemtmc-reid\DukeMTMC-reID/query\0431_c8_f0075714.jpg,431,168,False,1019,False,stayed_outside20,2071,False,stayed_outside20,4178,False,stayed_outside20
738,D:\deep-person-reid\reid-data\dukemtmc-reid\DukeMTMC-reID/query\0433_c1_f0119694.jpg,433,72,False,255,False,stayed_outside20,211,False,stayed_outside20,732,False,stayed_outside20
739,D:\deep-person-reid\reid-data\dukemtmc-reid\DukeMTMC-reID/query\0433_c2_f0123798.jpg,433,1,True,1,True,stayed_inside20,1,True,stayed_inside20,1,True,stayed_inside20
740,D:\deep-person-reid\reid-data\dukemtmc-reid\DukeMTMC-reID/query\0433_c5_f0129283.jpg,433,1,True,1,True,stayed_inside20,1,True,stayed_inside20,1,True,stayed_inside20
741,D:\deep-person-reid\reid-data\dukemtmc-reid\DukeMTMC-reID/query\0433_c6_f0108318.jpg,433,8,False,35,False,inside20_to_outside20,20,False,stayed_inside20,91,False,inside20_to_outside20
742,D:\deep-person-reid\reid-data\dukemtmc-reid\DukeMTMC-reID/query\0434_c1_f0119543.jpg,434,13,False,101,False,inside20_to_outside20,28,False,inside20_to_outside20,296,False,inside20_to_outside20
743,D:\deep-person-reid\reid-data\dukemtmc-reid\DukeMTMC-reID/query\0434_c2_f0119056.jpg,434,7,False,41,False,inside20_to_outside20,38,False,inside20_to_outside20,96,False,inside20_to_outside20
744,D:\deep-person-reid\reid-data\dukemtmc-reid\DukeMTMC-reID/query\0434_c3_f0094843.jpg,434,1668,False,3052,False,stayed_outside20,3252,False,stayed_outside20,1616,False,stayed_outside20
745,D:\deep-person-reid\reid-data\dukemtmc-reid\DukeMTMC-reID/query\0434_c4_f0089329.jpg,434,3,False,1,True,stayed_inside20,3,False,stayed_inside20,1,True,stayed_inside20
746,D:\deep-person-reid\reid-data\dukemtmc-reid\DukeMTMC-reID/query\0442_c1_f0120419.jpg,442,102,False,850,False,stayed_outside20,77,False,stayed_outside20,1376,False,stayed_outside20
747,D:\deep-person-reid\reid-data\dukemtmc-reid\DukeMTMC-reID/query\0442_c2_f0124749.jpg,442,6,False,5,False,stayed_inside20,1,True,stayed_inside20,1,True,stayed_inside20
748,D:\deep-person-reid\reid-data\dukemtmc-reid\DukeMTMC-reID/query\0442_c3_f0102329.jpg,442,24,False,444,False,stayed_outside20,7,False,outside20_to_inside20,545,False,stayed_outside20
749,D:\deep-person-reid\reid-data\dukemtmc-reid\DukeMTMC-reID/query\0442_c4_f0100317.jpg,442,1205,False,865,False,stayed_outside20,871,False,stayed_outside20,728,False,stayed_outside20
750,D:\deep-person-reid\reid-data\dukemtmc-reid\DukeMTMC-reID/query\0444_c1_f0121197.jpg,444,564,False,1911,False,stayed_outside20,509,False,stayed_outside20,1527,False,stayed_outside20
751,D:\deep-person-reid\reid-data\dukemtmc-reid\DukeMTMC-reID/query\0444_c2_f0120539.jpg,444,1,True,1,True,stayed_inside20,1,True,stayed_inside20,1,True,stayed_inside20
752,D:\deep-person-reid\reid-data\dukemtmc-reid\DukeMTMC-reID/query\0444_c5_f0122633.jpg,444,1,True,1,True,stayed_inside20,1,True,stayed_inside20,1,True,stayed_inside20
753,D:\deep-person-reid\reid-data\dukemtmc-reid\DukeMTMC-reID/query\0444_c6_f0098403.jpg,444,3,False,1,True,stayed_inside20,1,True,stayed_inside20,1,True,stayed_inside20
754,D:\deep-person-reid\reid-data\dukemtmc-reid\DukeMTMC-reID/query\0449_c1_f0121898.jpg,449,3,False,1,True,stayed_inside20,2,False,stayed_inside20,1,True,stayed_inside20
755,D:\deep-person-reid\reid-data\dukemtmc-reid\DukeMTMC-reID/query\0449_c8_f0078297.jpg,449,2,False,4,False,stayed_inside20,1,True,stayed_inside20,1,True,stayed_inside20
756,D:\deep-person-reid\reid-data\dukemtmc-reid\DukeMTMC-reID/query\0451_c1_f0122280.jpg,451,119,False,448,False,stayed_outside20,136,False,stayed_outside20,711,False,stayed_outside20
757,D:\deep-person-reid\reid-data\dukemtmc-reid\DukeMTMC-reID/query\0451_c2_f0127625.jpg,451,9,False,9,False,stayed_inside20,9,False,stayed_inside20,9,False,stayed_inside20
758,D:\deep-person-reid\reid-data\dukemtmc-reid\DukeMTMC-reID/query\0453_c1_f0123255.jpg,453,49,False,425,False,stayed_outside20,104,False,stayed_outside20,534,False,stayed_outside20
759,D:\deep-person-reid\reid-data\dukemtmc-reid\DukeMTMC-reID/query\0453_c2_f0127340.jpg,453,145,False,225,False,stayed_outside20,190,False,stayed_outside20,458,False,stayed_outside20
760,D:\deep-person-reid\reid-data\dukemtmc-reid\DukeMTMC-reID/query\0455_c1_f0123346.jpg,455,4,False,1,True,stayed_inside20,1,True,stayed_inside20,1,True,stayed_inside20
761,D:\deep-person-reid\reid-data\dukemtmc-reid\DukeMTMC-reID/query\0455_c2_f0123223.jpg,455,6,False,4,False,stayed_inside20,5,False,stayed_inside20,2,False,stayed_inside20
762,D:\deep-person-reid\reid-data\dukemtmc-reid\DukeMTMC-reID/query\0455_c3_f0098978.jpg,455,26,False,159,False,stayed_outside20,73,False,stayed_outside20,301,False,stayed_outside20
763,D:\deep-person-reid\reid-data\dukemtmc-reid\DukeMTMC-reID/query\0457_c1_f0123889.jpg,457,8,False,112,False,inside20_to_outside20,1,True,stayed_inside20,2,False,stayed_inside20
764,D:\deep-person-reid\reid-data\dukemtmc-reid\DukeMTMC-reID/query\0457_c8_f0080969.jpg,457,110,False,125,False,stayed_outside20,13,False,outside20_to_inside20,424,False,stayed_outside20
765,D:\deep-person-reid\reid-data\dukemtmc-reid\DukeMTMC-reID/query\0459_c1_f0124423.jpg,459,20,False,12,False,stayed_inside20,17,False,stayed_inside20,11,False,stayed_inside20
766,D:\deep-person-reid\reid-data\dukemtmc-reid\DukeMTMC-reID/query\0459_c7_f0106449.jpg,459,3,False,10,False,stayed_inside20,2,False,stayed_inside20,3,False,stayed_inside20
767,D:\deep-person-reid\reid-data\dukemtmc-reid\DukeMTMC-reID/query\0459_c8_f0080189.jpg,459,4,False,10,False,stayed_inside20,1,True,stayed_inside20,1,True,stayed_inside20
768,D:\deep-person-reid\reid-data\dukemtmc-reid\DukeMTMC-reID/query\0460_c1_f0124525.jpg,460,9,False,28,False,inside20_to_outside20,1,True,stayed_inside20,1,True,stayed_inside20
769,D:\deep-person-reid\reid-data\dukemtmc-reid\DukeMTMC-reID/query\0460_c8_f0081416.jpg,460,12,False,8,False,stayed_inside20,1,True,stayed_inside20,1,True,stayed_inside20
770,D:\deep-person-reid\reid-data\dukemtmc-reid\DukeMTMC-reID/query\0461_c1_f0124823.jpg,461,1208,False,1580,False,stayed_outside20,1612,False,stayed_outside20,1838,False,stayed_outside20
771,D:\deep-person-reid\reid-data\dukemtmc-reid\DukeMTMC-reID/query\0461_c2_f0123992.jpg,461,3,False,2,False,stayed_inside20,4,False,stayed_inside20,3,False,stayed_inside20
772,D:\deep-person-reid\reid-data\dukemtmc-reid\DukeMTMC-reID/query\0461_c3_f0099292.jpg,461,7511,False,9799,False,stayed_outside20,7440,False,stayed_outside20,11163,False,stayed_outside20
773,D:\deep-person-reid\reid-data\dukemtmc-reid\DukeMTMC-reID/query\0462_c1_f0124357.jpg,462,6409,False,8333,False,stayed_outside20,4801,False,stayed_outside20,4863,False,stayed_outside20
774,D:\deep-person-reid\reid-data\dukemtmc-reid\DukeMTMC-reID/query\0462_c2_f0125093.jpg,462,9,False,75,False,inside20_to_outside20,73,False,inside20_to_outside20,113,False,inside20_to_outside20
775,D:\deep-person-reid\reid-data\dukemtmc-reid\DukeMTMC-reID/query\0466_c1_f0125225.jpg,466,1496,False,1672,False,stayed_outside20,1305,False,stayed_outside20,1171,False,stayed_outside20
776,D:\deep-person-reid\reid-data\dukemtmc-reid\DukeMTMC-reID/query\0466_c2_f0129039.jpg,466,1507,False,3289,False,stayed_outside20,3033,False,stayed_outside20,1481,False,stayed_outside20
777,D:\deep-person-reid\reid-data\dukemtmc-reid\DukeMTMC-reID/query\0466_c3_f0106725.jpg,466,1028,False,1976,False,stayed_outside20,955,False,stayed_outside20,1736,False,stayed_outside20
778,D:\deep-person-reid\reid-data\dukemtmc-reid\DukeMTMC-reID/query\0466_c4_f0104421.jpg,466,15,False,115,False,inside20_to_outside20,26,False,inside20_to_outside20,66,False,inside20_to_outside20
779,D:\deep-person-reid\reid-data\dukemtmc-reid\DukeMTMC-reID/query\0467_c1_f0125435.jpg,467,21,False,64,False,stayed_outside20,25,False,stayed_outside20,165,False,stayed_outside20
780,D:\deep-person-reid\reid-data\dukemtmc-reid\DukeMTMC-reID/query\0467_c2_f0129511.jpg,467,96,False,66,False,stayed_outside20,517,False,stayed_outside20,726,False,stayed_outside20
781,D:\deep-person-reid\reid-data\dukemtmc-reid\DukeMTMC-reID/query\0468_c1_f0125465.jpg,468,409,False,439,False,stayed_outside20,748,False,stayed_outside20,908,False,stayed_outside20
782,D:\deep-person-reid\reid-data\dukemtmc-reid\DukeMTMC-reID/query\0468_c2_f0125559.jpg,468,27,False,18,False,outside20_to_inside20,46,False,stayed_outside20,23,False,stayed_outside20
783,D:\deep-person-reid\reid-data\dukemtmc-reid\DukeMTMC-reID/query\0468_c5_f0127575.jpg,468,1,True,5,False,stayed_inside20,2,False,stayed_inside20,4,False,stayed_inside20
784,D:\deep-person-reid\reid-data\dukemtmc-reid\DukeMTMC-reID/query\0468_c6_f0104083.jpg,468,111,False,224,False,stayed_outside20,992,False,stayed_outside20,1197,False,stayed_outside20
785,D:\deep-person-reid\reid-data\dukemtmc-reid\DukeMTMC-reID/query\0469_c1_f0125156.jpg,469,133,False,786,False,stayed_outside20,475,False,stayed_outside20,1060,False,stayed_outside20
786,D:\deep-person-reid\reid-data\dukemtmc-reid\DukeMTMC-reID/query\0469_c5_f0134724.jpg,469,1,True,1,True,stayed_inside20,1,True,stayed_inside20,1,True,stayed_inside20
787,D:\deep-person-reid\reid-data\dukemtmc-reid\DukeMTMC-reID/query\0469_c6_f0113372.jpg,469,15,False,386,False,inside20_to_outside20,48,False,inside20_to_outside20,168,False,inside20_to_outside20
788,D:\deep-person-reid\reid-data\dukemtmc-reid\DukeMTMC-reID/query\0470_c1_f0125183.jpg,470,17,False,209,False,inside20_to_outside20,2,False,stayed_inside20,1,True,stayed_inside20
789,D:\deep-person-reid\reid-data\dukemtmc-reid\DukeMTMC-reID/query\0470_c5_f0127367.jpg,470,3,False,2,False,stayed_inside20,1,True,stayed_inside20,1,True,stayed_inside20
790,D:\deep-person-reid\reid-data\dukemtmc-reid\DukeMTMC-reID/query\0470_c6_f0103164.jpg,470,1162,False,1614,False,stayed_outside20,663,False,stayed_outside20,1804,False,stayed_outside20
791,D:\deep-person-reid\reid-data\dukemtmc-reid\DukeMTMC-reID/query\0471_c1_f0125828.jpg,471,954,False,1083,False,stayed_outside20,1005,False,stayed_outside20,2150,False,stayed_outside20
792,D:\deep-person-reid\reid-data\dukemtmc-reid\DukeMTMC-reID/query\0471_c2_f0125520.jpg,471,122,False,263,False,stayed_outside20,354,False,stayed_outside20,1331,False,stayed_outside20
793,D:\deep-person-reid\reid-data\dukemtmc-reid\DukeMTMC-reID/query\0471_c3_f0099004.jpg,471,3310,False,3353,False,stayed_outside20,5297,False,stayed_outside20,3423,False,stayed_outside20
794,D:\deep-person-reid\reid-data\dukemtmc-reid\DukeMTMC-reID/query\0479_c1_f0126547.jpg,479,6,False,94,False,inside20_to_outside20,4,False,stayed_inside20,5,False,stayed_inside20
795,D:\deep-person-reid\reid-data\dukemtmc-reid\DukeMTMC-reID/query\0479_c2_f0126240.jpg,479,1,True,1,True,stayed_inside20,1,True,stayed_inside20,1,True,stayed_inside20
796,D:\deep-person-reid\reid-data\dukemtmc-reid\DukeMTMC-reID/query\0479_c5_f0128299.jpg,479,13,False,40,False,inside20_to_outside20,52,False,inside20_to_outside20,119,False,inside20_to_outside20
797,D:\deep-person-reid\reid-data\dukemtmc-reid\DukeMTMC-reID/query\0479_c6_f0103755.jpg,479,1,True,1,True,stayed_inside20,1,True,stayed_inside20,1,True,stayed_inside20
798,D:\deep-person-reid\reid-data\dukemtmc-reid\DukeMTMC-reID/query\0479_c7_f0108780.jpg,479,1,True,1,True,stayed_inside20,1,True,stayed_inside20,1,True,stayed_inside20
799,D:\deep-person-reid\reid-data\dukemtmc-reid\DukeMTMC-reID/query\0482_c1_f0127523.jpg,482,1090,False,6381,False,stayed_outside20,916,False,stayed_outside20,5638,False,stayed_outside20
800,D:\deep-person-reid\reid-data\dukemtmc-reid\DukeMTMC-reID/query\0482_c8_f0083448.jpg,482,1,True,1,True,stayed_inside20,1,True,stayed_inside20,1,True,stayed_inside20
801,D:\deep-person-reid\reid-data\dukemtmc-reid\DukeMTMC-reID/query\0484_c1_f0127270.jpg,484,169,False,123,False,stayed_outside20,2,False,outside20_to_inside20,4,False,outside20_to_inside20
802,D:\deep-person-reid\reid-data\dukemtmc-reid\DukeMTMC-reID/query\0484_c2_f0130842.jpg,484,283,False,758,False,stayed_outside20,155,False,stayed_outside20,187,False,stayed_outside20
803,D:\deep-person-reid\reid-data\dukemtmc-reid\DukeMTMC-reID/query\0486_c1_f0128066.jpg,486,5,False,61,False,inside20_to_outside20,23,False,inside20_to_outside20,148,False,inside20_to_outside20
804,D:\deep-person-reid\reid-data\dukemtmc-reid\DukeMTMC-reID/query\0486_c2_f0131992.jpg,486,1,True,1,True,stayed_inside20,1,True,stayed_inside20,1,True,stayed_inside20
805,D:\deep-person-reid\reid-data\dukemtmc-reid\DukeMTMC-reID/query\0486_c5_f0137503.jpg,486,1,True,1,True,stayed_inside20,1,True,stayed_inside20,1,True,stayed_inside20
806,D:\deep-person-reid\reid-data\dukemtmc-reid\DukeMTMC-reID/query\0486_c6_f0116787.jpg,486,11,False,27,False,inside20_to_outside20,10,False,stayed_inside20,41,False,inside20_to_outside20
807,D:\deep-person-reid\reid-data\dukemtmc-reid\DukeMTMC-reID/query\0488_c1_f0128092.jpg,488,2,False,4,False,stayed_inside20,15,False,stayed_inside20,9,False,stayed_inside20
808,D:\deep-person-reid\reid-data\dukemtmc-reid\DukeMTMC-reID/query\0488_c2_f0127777.jpg,488,1,True,1,True,stayed_inside20,1,True,stayed_inside20,1,True,stayed_inside20
809,D:\deep-person-reid\reid-data\dukemtmc-reid\DukeMTMC-reID/query\0488_c5_f0129517.jpg,488,3,False,110,False,inside20_to_outside20,186,False,inside20_to_outside20,760,False,inside20_to_outside20
810,D:\deep-person-reid\reid-data\dukemtmc-reid\DukeMTMC-reID/query\0488_c6_f0105502.jpg,488,1,True,1,True,stayed_inside20,1,True,stayed_inside20,1,True,stayed_inside20
811,D:\deep-person-reid\reid-data\dukemtmc-reid\DukeMTMC-reID/query\0492_c1_f0128761.jpg,492,52,False,286,False,stayed_outside20,184,False,stayed_outside20,670,False,stayed_outside20
812,D:\deep-person-reid\reid-data\dukemtmc-reid\DukeMTMC-reID/query\0492_c2_f0132354.jpg,492,7,False,66,False,inside20_to_outside20,150,False,inside20_to_outside20,572,False,inside20_to_outside20
813,D:\deep-person-reid\reid-data\dukemtmc-reid\DukeMTMC-reID/query\0492_c3_f0109808.jpg,492,988,False,2179,False,stayed_outside20,1781,False,stayed_outside20,3431,False,stayed_outside20
814,D:\deep-person-reid\reid-data\dukemtmc-reid\DukeMTMC-reID/query\0492_c4_f0107470.jpg,492,423,False,569,False,stayed_outside20,1860,False,stayed_outside20,668,False,stayed_outside20
815,D:\deep-person-reid\reid-data\dukemtmc-reid\DukeMTMC-reID/query\0494_c1_f0128933.jpg,494,39,False,101,False,stayed_outside20,77,False,stayed_outside20,93,False,stayed_outside20
816,D:\deep-person-reid\reid-data\dukemtmc-reid\DukeMTMC-reID/query\0494_c2_f0132607.jpg,494,1,True,14,False,stayed_inside20,4,False,stayed_inside20,113,False,inside20_to_outside20
817,D:\deep-person-reid\reid-data\dukemtmc-reid\DukeMTMC-reID/query\0494_c5_f0137332.jpg,494,2,False,2,False,stayed_inside20,1,True,stayed_inside20,1,True,stayed_inside20
818,D:\deep-person-reid\reid-data\dukemtmc-reid\DukeMTMC-reID/query\0494_c6_f0116931.jpg,494,564,False,1364,False,stayed_outside20,565,False,stayed_outside20,1134,False,stayed_outside20
819,D:\deep-person-reid\reid-data\dukemtmc-reid\DukeMTMC-reID/query\0495_c1_f0128679.jpg,495,258,False,272,False,stayed_outside20,442,False,stayed_outside20,705,False,stayed_outside20
820,D:\deep-person-reid\reid-data\dukemtmc-reid\DukeMTMC-reID/query\0495_c2_f0132992.jpg,495,91,False,571,False,stayed_outside20,746,False,stayed_outside20,2239,False,stayed_outside20
821,D:\deep-person-reid\reid-data\dukemtmc-reid\DukeMTMC-reID/query\0497_c1_f0129209.jpg,497,7,False,212,False,inside20_to_outside20,1,True,stayed_inside20,1,True,stayed_inside20
822,D:\deep-person-reid\reid-data\dukemtmc-reid\DukeMTMC-reID/query\0497_c2_f0129186.jpg,497,2,False,1,True,stayed_inside20,1,True,stayed_inside20,1,True,stayed_inside20
823,D:\deep-person-reid\reid-data\dukemtmc-reid\DukeMTMC-reID/query\0499_c1_f0129826.jpg,499,1,True,1,True,stayed_inside20,1,True,stayed_inside20,1,True,stayed_inside20
824,D:\deep-person-reid\reid-data\dukemtmc-reid\DukeMTMC-reID/query\0499_c2_f0134556.jpg,499,1,True,1,True,stayed_inside20,1,True,stayed_inside20,1,True,stayed_inside20
825,D:\deep-person-reid\reid-data\dukemtmc-reid\DukeMTMC-reID/query\0499_c5_f0139916.jpg,499,2,False,36,False,inside20_to_outside20,25,False,inside20_to_outside20,31,False,inside20_to_outside20
826,D:\deep-person-reid\reid-data\dukemtmc-reid\DukeMTMC-reID/query\0499_c6_f0118861.jpg,499,1,True,1,True,stayed_inside20,1,True,stayed_inside20,1,True,stayed_inside20
827,D:\deep-person-reid\reid-data\dukemtmc-reid\DukeMTMC-reID/query\0500_c1_f0129754.jpg,500,118,False,1093,False,stayed_outside20,85,False,stayed_outside20,1518,False,stayed_outside20
828,D:\deep-person-reid\reid-data\dukemtmc-reid\DukeMTMC-reID/query\0500_c2_f0134336.jpg,500,1,True,1,True,stayed_inside20,1,True,stayed_inside20,1,True,stayed_inside20
829,D:\deep-person-reid\reid-data\dukemtmc-reid\DukeMTMC-reID/query\0500_c5_f0139946.jpg,500,6,False,30,False,inside20_to_outside20,1,True,stayed_inside20,1,True,stayed_inside20
830,D:\deep-person-reid\reid-data\dukemtmc-reid\DukeMTMC-reID/query\0500_c6_f0118591.jpg,500,27,False,790,False,stayed_outside20,35,False,stayed_outside20,3249,False,stayed_outside20
831,D:\deep-person-reid\reid-data\dukemtmc-reid\DukeMTMC-reID/query\0501_c1_f0129872.jpg,501,132,False,1233,False,stayed_outside20,333,False,stayed_outside20,1319,False,stayed_outside20
832,D:\deep-person-reid\reid-data\dukemtmc-reid\DukeMTMC-reID/query\0501_c2_f0130183.jpg,501,1,True,2,False,stayed_inside20,1,True,stayed_inside20,8,False,stayed_inside20
833,D:\deep-person-reid\reid-data\dukemtmc-reid\DukeMTMC-reID/query\0501_c5_f0132635.jpg,501,1,True,1,True,stayed_inside20,1,True,stayed_inside20,1,True,stayed_inside20
834,D:\deep-person-reid\reid-data\dukemtmc-reid\DukeMTMC-reID/query\0501_c6_f0108325.jpg,501,7,False,12,False,stayed_inside20,22,False,inside20_to_outside20,327,False,inside20_to_outside20
835,D:\deep-person-reid\reid-data\dukemtmc-reid\DukeMTMC-reID/query\0503_c1_f0130063.jpg,503,2,False,1,True,stayed_inside20,1,True,stayed_inside20,1,True,stayed_inside20
836,D:\deep-person-reid\reid-data\dukemtmc-reid\DukeMTMC-reID/query\0503_c8_f0085828.jpg,503,11,False,6,False,stayed_inside20,1,True,stayed_inside20,1,True,stayed_inside20
837,D:\deep-person-reid\reid-data\dukemtmc-reid\DukeMTMC-reID/query\0506_c1_f0130185.jpg,506,1,True,1,True,stayed_inside20,1,True,stayed_inside20,1,True,stayed_inside20
838,D:\deep-person-reid\reid-data\dukemtmc-reid\DukeMTMC-reID/query\0506_c8_f0087155.jpg,506,28,False,22,False,stayed_outside20,9,False,outside20_to_inside20,18,False,outside20_to_inside20
839,D:\deep-person-reid\reid-data\dukemtmc-reid\DukeMTMC-reID/query\0508_c1_f0131093.jpg,508,370,False,359,False,stayed_outside20,764,False,stayed_outside20,543,False,stayed_outside20
840,D:\deep-person-reid\reid-data\dukemtmc-reid\DukeMTMC-reID/query\0508_c2_f0135107.jpg,508,69,False,243,False,stayed_outside20,204,False,stayed_outside20,161,False,stayed_outside20
841,D:\deep-person-reid\reid-data\dukemtmc-reid\DukeMTMC-reID/query\0508_c3_f0112499.jpg,508,940,False,3022,False,stayed_outside20,534,False,stayed_outside20,1973,False,stayed_outside20
842,D:\deep-person-reid\reid-data\dukemtmc-reid\DukeMTMC-reID/query\0508_c4_f0109923.jpg,508,729,False,1482,False,stayed_outside20,1605,False,stayed_outside20,2922,False,stayed_outside20
843,D:\deep-person-reid\reid-data\dukemtmc-reid\DukeMTMC-reID/query\0509_c1_f0131296.jpg,509,1,True,2,False,stayed_inside20,3,False,stayed_inside20,6,False,stayed_inside20
844,D:\deep-person-reid\reid-data\dukemtmc-reid\DukeMTMC-reID/query\0509_c2_f0131630.jpg,509,10,False,4,False,stayed_inside20,11,False,stayed_inside20,28,False,inside20_to_outside20
845,D:\deep-person-reid\reid-data\dukemtmc-reid\DukeMTMC-reID/query\0509_c3_f0106517.jpg,509,6,False,2,False,stayed_inside20,13,False,stayed_inside20,17,False,stayed_inside20
846,D:\deep-person-reid\reid-data\dukemtmc-reid\DukeMTMC-reID/query\0509_c4_f0100696.jpg,509,8,False,29,False,inside20_to_outside20,3,False,stayed_inside20,10,False,stayed_inside20
847,D:\deep-person-reid\reid-data\dukemtmc-reid\DukeMTMC-reID/query\0514_c1_f0131907.jpg,514,8,False,12,False,stayed_inside20,4,False,stayed_inside20,27,False,inside20_to_outside20
848,D:\deep-person-reid\reid-data\dukemtmc-reid\DukeMTMC-reID/query\0514_c6_f0118627.jpg,514,9,False,8,False,stayed_inside20,1,True,stayed_inside20,1,True,stayed_inside20
849,D:\deep-person-reid\reid-data\dukemtmc-reid\DukeMTMC-reID/query\0514_c7_f0121043.jpg,514,1,True,1,True,stayed_inside20,1,True,stayed_inside20,1,True,stayed_inside20
850,D:\deep-person-reid\reid-data\dukemtmc-reid\DukeMTMC-reID/query\0515_c6_f0073817.jpg,515,2,False,1,True,stayed_inside20,1,True,stayed_inside20,1,True,stayed_inside20
851,D:\deep-person-reid\reid-data\dukemtmc-reid\DukeMTMC-reID/query\0515_c7_f0078039.jpg,515,1,True,1,True,stayed_inside20,1,True,stayed_inside20,1,True,stayed_inside20
852,D:\deep-person-reid\reid-data\dukemtmc-reid\DukeMTMC-reID/query\0515_c8_f0051972.jpg,515,93,False,164,False,stayed_outside20,200,False,stayed_outside20,1151,False,stayed_outside20
853,D:\deep-person-reid\reid-data\dukemtmc-reid\DukeMTMC-reID/query\0516_c1_f0132096.jpg,516,1,True,1,True,stayed_inside20,2,False,stayed_inside20,1,True,stayed_inside20
854,D:\deep-person-reid\reid-data\dukemtmc-reid\DukeMTMC-reID/query\0516_c2_f0136687.jpg,516,1,True,1,True,stayed_inside20,1,True,stayed_inside20,1,True,stayed_inside20
855,D:\deep-person-reid\reid-data\dukemtmc-reid\DukeMTMC-reID/query\0516_c3_f0113947.jpg,516,1,True,1,True,stayed_inside20,1,True,stayed_inside20,1,True,stayed_inside20
856,D:\deep-person-reid\reid-data\dukemtmc-reid\DukeMTMC-reID/query\0516_c4_f0111971.jpg,516,98,False,870,False,stayed_outside20,824,False,stayed_outside20,5023,False,stayed_outside20
857,D:\deep-person-reid\reid-data\dukemtmc-reid\DukeMTMC-reID/query\0517_c1_f0132261.jpg,517,55,False,462,False,stayed_outside20,36,False,stayed_outside20,572,False,stayed_outside20
858,D:\deep-person-reid\reid-data\dukemtmc-reid\DukeMTMC-reID/query\0517_c2_f0131939.jpg,517,5,False,11,False,stayed_inside20,1,True,stayed_inside20,77,False,inside20_to_outside20
859,D:\deep-person-reid\reid-data\dukemtmc-reid\DukeMTMC-reID/query\0517_c5_f0134375.jpg,517,1,True,1,True,stayed_inside20,1,True,stayed_inside20,1,True,stayed_inside20
860,D:\deep-person-reid\reid-data\dukemtmc-reid\DukeMTMC-reID/query\0517_c6_f0110303.jpg,517,80,False,423,False,stayed_outside20,36,False,stayed_outside20,932,False,stayed_outside20
861,D:\deep-person-reid\reid-data\dukemtmc-reid\DukeMTMC-reID/query\0523_c1_f0132959.jpg,523,66,False,101,False,stayed_outside20,83,False,stayed_outside20,91,False,stayed_outside20
862,D:\deep-person-reid\reid-data\dukemtmc-reid\DukeMTMC-reID/query\0523_c2_f0133331.jpg,523,1,True,1,True,stayed_inside20,1,True,stayed_inside20,1,True,stayed_inside20
863,D:\deep-person-reid\reid-data\dukemtmc-reid\DukeMTMC-reID/query\0523_c3_f0108409.jpg,523,9,False,14,False,stayed_inside20,42,False,inside20_to_outside20,633,False,inside20_to_outside20
864,D:\deep-person-reid\reid-data\dukemtmc-reid\DukeMTMC-reID/query\0523_c4_f0102894.jpg,523,3,False,7,False,stayed_inside20,1,True,stayed_inside20,1,True,stayed_inside20
865,D:\deep-person-reid\reid-data\dukemtmc-reid\DukeMTMC-reID/query\0525_c1_f0096064.jpg,525,716,False,766,False,stayed_outside20,562,False,stayed_outside20,438,False,stayed_outside20
866,D:\deep-person-reid\reid-data\dukemtmc-reid\DukeMTMC-reID/query\0525_c2_f0096733.jpg,525,331,False,1702,False,stayed_outside20,274,False,stayed_outside20,1072,False,stayed_outside20
867,D:\deep-person-reid\reid-data\dukemtmc-reid\DukeMTMC-reID/query\0525_c4_f0065769.jpg,525,10498,False,8903,False,stayed_outside20,4124,False,stayed_outside20,4238,False,stayed_outside20
868,D:\deep-person-reid\reid-data\dukemtmc-reid\DukeMTMC-reID/query\0527_c1_f0134567.jpg,527,8,False,5,False,stayed_inside20,6,False,stayed_inside20,7,False,stayed_inside20
869,D:\deep-person-reid\reid-data\dukemtmc-reid\DukeMTMC-reID/query\0527_c2_f0135250.jpg,527,13,False,22,False,inside20_to_outside20,4,False,stayed_inside20,10,False,stayed_inside20
870,D:\deep-person-reid\reid-data\dukemtmc-reid\DukeMTMC-reID/query\0527_c3_f0110213.jpg,527,188,False,260,False,stayed_outside20,65,False,stayed_outside20,120,False,stayed_outside20
871,D:\deep-person-reid\reid-data\dukemtmc-reid\DukeMTMC-reID/query\0529_c1_f0135978.jpg,529,1,True,2,False,stayed_inside20,1,True,stayed_inside20,4,False,stayed_inside20
872,D:\deep-person-reid\reid-data\dukemtmc-reid\DukeMTMC-reID/query\0529_c2_f0142939.jpg,529,1,True,1,True,stayed_inside20,1,True,stayed_inside20,1,True,stayed_inside20
873,D:\deep-person-reid\reid-data\dukemtmc-reid\DukeMTMC-reID/query\0529_c5_f0148068.jpg,529,1,True,1,True,stayed_inside20,1,True,stayed_inside20,1,True,stayed_inside20
874,D:\deep-person-reid\reid-data\dukemtmc-reid\DukeMTMC-reID/query\0533_c1_f0135947.jpg,533,195,False,505,False,stayed_outside20,364,False,stayed_outside20,582,False,stayed_outside20
875,D:\deep-person-reid\reid-data\dukemtmc-reid\DukeMTMC-reID/query\0533_c2_f0136055.jpg,533,522,False,526,False,stayed_outside20,373,False,stayed_outside20,244,False,stayed_outside20
876,D:\deep-person-reid\reid-data\dukemtmc-reid\DukeMTMC-reID/query\0535_c1_f0137964.jpg,535,2332,False,8130,False,stayed_outside20,1492,False,stayed_outside20,4377,False,stayed_outside20
877,D:\deep-person-reid\reid-data\dukemtmc-reid\DukeMTMC-reID/query\0535_c8_f0094188.jpg,535,1,True,1,True,stayed_inside20,1,True,stayed_inside20,1,True,stayed_inside20
878,D:\deep-person-reid\reid-data\dukemtmc-reid\DukeMTMC-reID/query\0537_c1_f0137788.jpg,537,4,False,17,False,stayed_inside20,4,False,stayed_inside20,29,False,inside20_to_outside20
879,D:\deep-person-reid\reid-data\dukemtmc-reid\DukeMTMC-reID/query\0537_c2_f0141928.jpg,537,1,True,1,True,stayed_inside20,1,True,stayed_inside20,1,True,stayed_inside20
880,D:\deep-person-reid\reid-data\dukemtmc-reid\DukeMTMC-reID/query\0537_c5_f0146179.jpg,537,1,True,1,True,stayed_inside20,1,True,stayed_inside20,1,True,stayed_inside20
881,D:\deep-person-reid\reid-data\dukemtmc-reid\DukeMTMC-reID/query\0537_c6_f0125703.jpg,537,1,True,1,True,stayed_inside20,1,True,stayed_inside20,1,True,stayed_inside20
882,D:\deep-person-reid\reid-data\dukemtmc-reid\DukeMTMC-reID/query\0538_c1_f0138795.jpg,538,424,False,598,False,stayed_outside20,712,False,stayed_outside20,1652,False,stayed_outside20
883,D:\deep-person-reid\reid-data\dukemtmc-reid\DukeMTMC-reID/query\0538_c2_f0138247.jpg,538,1,True,1,True,stayed_inside20,1,True,stayed_inside20,1,True,stayed_inside20
884,D:\deep-person-reid\reid-data\dukemtmc-reid\DukeMTMC-reID/query\0538_c5_f0140489.jpg,538,1,True,1,True,stayed_inside20,1,True,stayed_inside20,1,True,stayed_inside20
885,D:\deep-person-reid\reid-data\dukemtmc-reid\DukeMTMC-reID/query\0538_c6_f0116921.jpg,538,1,True,1,True,stayed_inside20,1,True,stayed_inside20,1,True,stayed_inside20
886,D:\deep-person-reid\reid-data\dukemtmc-reid\DukeMTMC-reID/query\0539_c1_f0138648.jpg,539,11,False,100,False,inside20_to_outside20,34,False,inside20_to_outside20,477,False,inside20_to_outside20
887,D:\deep-person-reid\reid-data\dukemtmc-reid\DukeMTMC-reID/query\0539_c8_f0095655.jpg,539,4749,False,4820,False,stayed_outside20,3233,False,stayed_outside20,3165,False,stayed_outside20
888,D:\deep-person-reid\reid-data\dukemtmc-reid\DukeMTMC-reID/query\0540_c1_f0139455.jpg,540,1332,False,1464,False,stayed_outside20,1485,False,stayed_outside20,989,False,stayed_outside20
889,D:\deep-person-reid\reid-data\dukemtmc-reid\DukeMTMC-reID/query\0540_c2_f0143922.jpg,540,10,False,17,False,stayed_inside20,37,False,inside20_to_outside20,163,False,inside20_to_outside20
890,D:\deep-person-reid\reid-data\dukemtmc-reid\DukeMTMC-reID/query\0540_c3_f0121574.jpg,540,4356,False,5772,False,stayed_outside20,4749,False,stayed_outside20,8975,False,stayed_outside20
891,D:\deep-person-reid\reid-data\dukemtmc-reid\DukeMTMC-reID/query\0540_c4_f0119318.jpg,540,61,False,49,False,stayed_outside20,79,False,stayed_outside20,40,False,stayed_outside20
892,D:\deep-person-reid\reid-data\dukemtmc-reid\DukeMTMC-reID/query\0541_c1_f0139612.jpg,541,472,False,829,False,stayed_outside20,867,False,stayed_outside20,596,False,stayed_outside20
893,D:\deep-person-reid\reid-data\dukemtmc-reid\DukeMTMC-reID/query\0541_c2_f0140045.jpg,541,1,True,1,True,stayed_inside20,1,True,stayed_inside20,1,True,stayed_inside20
894,D:\deep-person-reid\reid-data\dukemtmc-reid\DukeMTMC-reID/query\0541_c5_f0142654.jpg,541,1,True,1,True,stayed_inside20,1,True,stayed_inside20,1,True,stayed_inside20
895,D:\deep-person-reid\reid-data\dukemtmc-reid\DukeMTMC-reID/query\0541_c6_f0119369.jpg,541,1,True,1,True,stayed_inside20,1,True,stayed_inside20,1,True,stayed_inside20
896,D:\deep-person-reid\reid-data\dukemtmc-reid\DukeMTMC-reID/query\0542_c1_f0140907.jpg,542,212,False,1037,False,stayed_outside20,1440,False,stayed_outside20,4127,False,stayed_outside20
897,D:\deep-person-reid\reid-data\dukemtmc-reid\DukeMTMC-reID/query\0542_c2_f0140711.jpg,542,3,False,1,True,stayed_inside20,1,True,stayed_inside20,1,True,stayed_inside20
898,D:\deep-person-reid\reid-data\dukemtmc-reid\DukeMTMC-reID/query\0542_c5_f0142768.jpg,542,1,True,1,True,stayed_inside20,2,False,stayed_inside20,24,False,inside20_to_outside20
899,D:\deep-person-reid\reid-data\dukemtmc-reid\DukeMTMC-reID/query\0542_c6_f0118709.jpg,542,14,False,11,False,stayed_inside20,3,False,stayed_inside20,2,False,stayed_inside20
900,D:\deep-person-reid\reid-data\dukemtmc-reid\DukeMTMC-reID/query\0542_c7_f0123313.jpg,542,1,True,1,True,stayed_inside20,1,True,stayed_inside20,1,True,stayed_inside20
901,D:\deep-person-reid\reid-data\dukemtmc-reid\DukeMTMC-reID/query\0543_c1_f0141101.jpg,543,2877,False,7691,False,stayed_outside20,11133,False,stayed_outside20,11058,False,stayed_outside20
902,D:\deep-person-reid\reid-data\dukemtmc-reid\DukeMTMC-reID/query\0543_c2_f0140978.jpg,543,1,True,1,True,stayed_inside20,1,True,stayed_inside20,1,True,stayed_inside20
903,D:\deep-person-reid\reid-data\dukemtmc-reid\DukeMTMC-reID/query\0543_c5_f0143576.jpg,543,1,True,1,True,stayed_inside20,1,True,stayed_inside20,1,True,stayed_inside20
904,D:\deep-person-reid\reid-data\dukemtmc-reid\DukeMTMC-reID/query\0543_c6_f0120056.jpg,543,25,False,373,False,stayed_outside20,291,False,stayed_outside20,611,False,stayed_outside20
905,D:\deep-person-reid\reid-data\dukemtmc-reid\DukeMTMC-reID/query\0549_c1_f0142066.jpg,549,1453,False,5247,False,stayed_outside20,1671,False,stayed_outside20,3166,False,stayed_outside20
906,D:\deep-person-reid\reid-data\dukemtmc-reid\DukeMTMC-reID/query\0549_c8_f0098146.jpg,549,29,False,16,False,outside20_to_inside20,17,False,outside20_to_inside20,14,False,outside20_to_inside20
907,D:\deep-person-reid\reid-data\dukemtmc-reid\DukeMTMC-reID/query\0551_c1_f0142560.jpg,551,1,True,2,False,stayed_inside20,1,True,stayed_inside20,2,False,stayed_inside20
908,D:\deep-person-reid\reid-data\dukemtmc-reid\DukeMTMC-reID/query\0551_c5_f0151271.jpg,551,1,True,1,True,stayed_inside20,1,True,stayed_inside20,7,False,stayed_inside20
909,D:\deep-person-reid\reid-data\dukemtmc-reid\DukeMTMC-reID/query\0551_c6_f0129940.jpg,551,5,False,4,False,stayed_inside20,1,True,stayed_inside20,1,True,stayed_inside20
910,D:\deep-person-reid\reid-data\dukemtmc-reid\DukeMTMC-reID/query\0552_c1_f0145133.jpg,552,1,True,1,True,stayed_inside20,1,True,stayed_inside20,1,True,stayed_inside20
911,D:\deep-person-reid\reid-data\dukemtmc-reid\DukeMTMC-reID/query\0552_c2_f0148444.jpg,552,1,True,1,True,stayed_inside20,1,True,stayed_inside20,1,True,stayed_inside20
912,D:\deep-person-reid\reid-data\dukemtmc-reid\DukeMTMC-reID/query\0552_c3_f0125306.jpg,552,1,True,1,True,stayed_inside20,1,True,stayed_inside20,1,True,stayed_inside20
913,D:\deep-person-reid\reid-data\dukemtmc-reid\DukeMTMC-reID/query\0552_c4_f0122212.jpg,552,1,True,1,True,stayed_inside20,1,True,stayed_inside20,1,True,stayed_inside20
914,D:\deep-person-reid\reid-data\dukemtmc-reid\DukeMTMC-reID/query\0553_c1_f0146128.jpg,553,563,False,1120,False,stayed_outside20,521,False,stayed_outside20,1078,False,stayed_outside20
915,D:\deep-person-reid\reid-data\dukemtmc-reid\DukeMTMC-reID/query\0553_c2_f0145806.jpg,553,1,True,1,True,stayed_inside20,1,True,stayed_inside20,1,True,stayed_inside20
916,D:\deep-person-reid\reid-data\dukemtmc-reid\DukeMTMC-reID/query\0553_c5_f0147183.jpg,553,1,True,1,True,stayed_inside20,1,True,stayed_inside20,1,True,stayed_inside20
917,D:\deep-person-reid\reid-data\dukemtmc-reid\DukeMTMC-reID/query\0553_c6_f0122801.jpg,553,1,True,1,True,stayed_inside20,1,True,stayed_inside20,1,True,stayed_inside20
918,D:\deep-person-reid\reid-data\dukemtmc-reid\DukeMTMC-reID/query\0554_c1_f0146988.jpg,554,73,False,1541,False,stayed_outside20,269,False,stayed_outside20,4494,False,stayed_outside20
919,D:\deep-person-reid\reid-data\dukemtmc-reid\DukeMTMC-reID/query\0554_c8_f0103445.jpg,554,1,True,1,True,stayed_inside20,1,True,stayed_inside20,1,True,stayed_inside20
920,D:\deep-person-reid\reid-data\dukemtmc-reid\DukeMTMC-reID/query\0555_c1_f0146667.jpg,555,4,False,2,False,stayed_inside20,2,False,stayed_inside20,1,True,stayed_inside20
921,D:\deep-person-reid\reid-data\dukemtmc-reid\DukeMTMC-reID/query\0555_c2_f0146806.jpg,555,2,False,1,True,stayed_inside20,1,True,stayed_inside20,1,True,stayed_inside20
922,D:\deep-person-reid\reid-data\dukemtmc-reid\DukeMTMC-reID/query\0555_c3_f0122063.jpg,555,1,True,1,True,stayed_inside20,10,False,stayed_inside20,23,False,inside20_to_outside20
923,D:\deep-person-reid\reid-data\dukemtmc-reid\DukeMTMC-reID/query\0555_c4_f0116243.jpg,555,7,False,7,False,stayed_inside20,1,True,stayed_inside20,1,True,stayed_inside20
924,D:\deep-person-reid\reid-data\dukemtmc-reid\DukeMTMC-reID/query\0560_c1_f0148789.jpg,560,252,False,654,False,stayed_outside20,289,False,stayed_outside20,99,False,stayed_outside20
925,D:\deep-person-reid\reid-data\dukemtmc-reid\DukeMTMC-reID/query\0560_c8_f0104842.jpg,560,1,True,126,False,inside20_to_outside20,19,False,stayed_inside20,440,False,inside20_to_outside20
926,D:\deep-person-reid\reid-data\dukemtmc-reid\DukeMTMC-reID/query\0565_c1_f0150268.jpg,565,462,False,576,False,stayed_outside20,627,False,stayed_outside20,1002,False,stayed_outside20
927,D:\deep-person-reid\reid-data\dukemtmc-reid\DukeMTMC-reID/query\0565_c2_f0150172.jpg,565,2,False,1,True,stayed_inside20,1,True,stayed_inside20,1,True,stayed_inside20
928,D:\deep-person-reid\reid-data\dukemtmc-reid\DukeMTMC-reID/query\0565_c5_f0152440.jpg,565,4,False,5,False,stayed_inside20,4,False,stayed_inside20,4,False,stayed_inside20
929,D:\deep-person-reid\reid-data\dukemtmc-reid\DukeMTMC-reID/query\0565_c6_f0128638.jpg,565,2,False,2,False,stayed_inside20,2,False,stayed_inside20,1,True,stayed_inside20
930,D:\deep-person-reid\reid-data\dukemtmc-reid\DukeMTMC-reID/query\0567_c1_f0151055.jpg,567,185,False,910,False,stayed_outside20,152,False,stayed_outside20,468,False,stayed_outside20
931,D:\deep-person-reid\reid-data\dukemtmc-reid\DukeMTMC-reID/query\0567_c2_f0154913.jpg,567,507,False,158,False,stayed_outside20,1032,False,stayed_outside20,1358,False,stayed_outside20
932,D:\deep-person-reid\reid-data\dukemtmc-reid\DukeMTMC-reID/query\0570_c1_f0150879.jpg,570,403,False,692,False,stayed_outside20,263,False,stayed_outside20,844,False,stayed_outside20
933,D:\deep-person-reid\reid-data\dukemtmc-reid\DukeMTMC-reID/query\0570_c2_f0155569.jpg,570,1,True,1,True,stayed_inside20,5,False,stayed_inside20,14,False,stayed_inside20
934,D:\deep-person-reid\reid-data\dukemtmc-reid\DukeMTMC-reID/query\0570_c3_f0133827.jpg,570,24,False,55,False,stayed_outside20,86,False,stayed_outside20,526,False,stayed_outside20
935,D:\deep-person-reid\reid-data\dukemtmc-reid\DukeMTMC-reID/query\0570_c4_f0131361.jpg,570,250,False,288,False,stayed_outside20,35,False,stayed_outside20,164,False,stayed_outside20
936,D:\deep-person-reid\reid-data\dukemtmc-reid\DukeMTMC-reID/query\0571_c1_f0151441.jpg,571,41,False,953,False,stayed_outside20,62,False,stayed_outside20,1574,False,stayed_outside20
937,D:\deep-person-reid\reid-data\dukemtmc-reid\DukeMTMC-reID/query\0571_c2_f0155961.jpg,571,1,True,1,True,stayed_inside20,2,False,stayed_inside20,1,True,stayed_inside20
938,D:\deep-person-reid\reid-data\dukemtmc-reid\DukeMTMC-reID/query\0571_c5_f0161268.jpg,571,5,False,2,False,stayed_inside20,1,True,stayed_inside20,1,True,stayed_inside20
939,D:\deep-person-reid\reid-data\dukemtmc-reid\DukeMTMC-reID/query\0571_c6_f0139936.jpg,571,996,False,3475,False,stayed_outside20,612,False,stayed_outside20,3449,False,stayed_outside20
940,D:\deep-person-reid\reid-data\dukemtmc-reid\DukeMTMC-reID/query\0576_c1_f0152684.jpg,576,629,False,1038,False,stayed_outside20,960,False,stayed_outside20,1353,False,stayed_outside20
941,D:\deep-person-reid\reid-data\dukemtmc-reid\DukeMTMC-reID/query\0576_c2_f0156917.jpg,576,186,False,97,False,stayed_outside20,1660,False,stayed_outside20,1316,False,stayed_outside20
942,D:\deep-person-reid\reid-data\dukemtmc-reid\DukeMTMC-reID/query\0576_c3_f0134509.jpg,576,346,False,781,False,stayed_outside20,926,False,stayed_outside20,3015,False,stayed_outside20
943,D:\deep-person-reid\reid-data\dukemtmc-reid\DukeMTMC-reID/query\0576_c4_f0132135.jpg,576,2341,False,1796,False,stayed_outside20,3923,False,stayed_outside20,3877,False,stayed_outside20
944,D:\deep-person-reid\reid-data\dukemtmc-reid\DukeMTMC-reID/query\0577_c1_f0152623.jpg,577,1083,False,1904,False,stayed_outside20,1168,False,stayed_outside20,1295,False,stayed_outside20
945,D:\deep-person-reid\reid-data\dukemtmc-reid\DukeMTMC-reID/query\0577_c2_f0157240.jpg,577,158,False,57,False,stayed_outside20,1266,False,stayed_outside20,1388,False,stayed_outside20
946,D:\deep-person-reid\reid-data\dukemtmc-reid\DukeMTMC-reID/query\0580_c1_f0153407.jpg,580,284,False,1210,False,stayed_outside20,347,False,stayed_outside20,814,False,stayed_outside20
947,D:\deep-person-reid\reid-data\dukemtmc-reid\DukeMTMC-reID/query\0580_c2_f0158091.jpg,580,2,False,1,True,stayed_inside20,15,False,stayed_inside20,83,False,inside20_to_outside20
948,D:\deep-person-reid\reid-data\dukemtmc-reid\DukeMTMC-reID/query\0580_c3_f0135641.jpg,580,381,False,1962,False,stayed_outside20,818,False,stayed_outside20,1877,False,stayed_outside20
949,D:\deep-person-reid\reid-data\dukemtmc-reid\DukeMTMC-reID/query\0580_c4_f0134680.jpg,580,368,False,1203,False,stayed_outside20,1164,False,stayed_outside20,2575,False,stayed_outside20
950,D:\deep-person-reid\reid-data\dukemtmc-reid\DukeMTMC-reID/query\0581_c1_f0153952.jpg,581,61,False,90,False,stayed_outside20,52,False,stayed_outside20,15,False,outside20_to_inside20
951,D:\deep-person-reid\reid-data\dukemtmc-reid\DukeMTMC-reID/query\0581_c2_f0157655.jpg,581,56,False,29,False,stayed_outside20,45,False,stayed_outside20,42,False,stayed_outside20
952,D:\deep-person-reid\reid-data\dukemtmc-reid\DukeMTMC-reID/query\0581_c3_f0134935.jpg,581,38,False,99,False,stayed_outside20,279,False,stayed_outside20,305,False,stayed_outside20
953,D:\deep-person-reid\reid-data\dukemtmc-reid\DukeMTMC-reID/query\0581_c4_f0132958.jpg,581,89,False,100,False,stayed_outside20,324,False,stayed_outside20,123,False,stayed_outside20
954,D:\deep-person-reid\reid-data\dukemtmc-reid\DukeMTMC-reID/query\0583_c1_f0154292.jpg,583,408,False,568,False,stayed_outside20,985,False,stayed_outside20,548,False,stayed_outside20
955,D:\deep-person-reid\reid-data\dukemtmc-reid\DukeMTMC-reID/query\0583_c2_f0158329.jpg,583,1,True,1,True,stayed_inside20,4,False,stayed_inside20,5,False,stayed_inside20
956,D:\deep-person-reid\reid-data\dukemtmc-reid\DukeMTMC-reID/query\0583_c5_f0163901.jpg,583,18,False,48,False,inside20_to_outside20,5,False,stayed_inside20,4,False,stayed_inside20
957,D:\deep-person-reid\reid-data\dukemtmc-reid\DukeMTMC-reID/query\0583_c6_f0143063.jpg,583,3,False,7,False,stayed_inside20,10,False,stayed_inside20,61,False,inside20_to_outside20
958,D:\deep-person-reid\reid-data\dukemtmc-reid\DukeMTMC-reID/query\0584_c1_f0153814.jpg,584,186,False,266,False,stayed_outside20,211,False,stayed_outside20,318,False,stayed_outside20
959,D:\deep-person-reid\reid-data\dukemtmc-reid\DukeMTMC-reID/query\0584_c2_f0158489.jpg,584,9,False,25,False,inside20_to_outside20,39,False,inside20_to_outside20,76,False,inside20_to_outside20
960,D:\deep-person-reid\reid-data\dukemtmc-reid\DukeMTMC-reID/query\0584_c5_f0163338.jpg,584,1,True,3,False,stayed_inside20,2,False,stayed_inside20,3,False,stayed_inside20
961,D:\deep-person-reid\reid-data\dukemtmc-reid\DukeMTMC-reID/query\0584_c6_f0143183.jpg,584,420,False,1046,False,stayed_outside20,139,False,stayed_outside20,698,False,stayed_outside20
962,D:\deep-person-reid\reid-data\dukemtmc-reid\DukeMTMC-reID/query\0586_c1_f0154024.jpg,586,6,False,40,False,inside20_to_outside20,41,False,inside20_to_outside20,332,False,inside20_to_outside20
963,D:\deep-person-reid\reid-data\dukemtmc-reid\DukeMTMC-reID/query\0586_c2_f0164318.jpg,586,2,False,2,False,stayed_inside20,1,True,stayed_inside20,1,True,stayed_inside20
964,D:\deep-person-reid\reid-data\dukemtmc-reid\DukeMTMC-reID/query\0586_c3_f0144264.jpg,586,487,False,1631,False,stayed_outside20,1021,False,stayed_outside20,2162,False,stayed_outside20
965,D:\deep-person-reid\reid-data\dukemtmc-reid\DukeMTMC-reID/query\0586_c5_f0172845.jpg,586,18,False,135,False,inside20_to_outside20,23,False,inside20_to_outside20,215,False,inside20_to_outside20
966,D:\deep-person-reid\reid-data\dukemtmc-reid\DukeMTMC-reID/query\0586_c6_f0151826.jpg,586,47,False,109,False,stayed_outside20,156,False,stayed_outside20,223,False,stayed_outside20
967,D:\deep-person-reid\reid-data\dukemtmc-reid\DukeMTMC-reID/query\0587_c1_f0154326.jpg,587,48,False,305,False,stayed_outside20,9,False,outside20_to_inside20,468,False,stayed_outside20
968,D:\deep-person-reid\reid-data\dukemtmc-reid\DukeMTMC-reID/query\0587_c2_f0158413.jpg,587,809,False,2023,False,stayed_outside20,710,False,stayed_outside20,1575,False,stayed_outside20
969,D:\deep-person-reid\reid-data\dukemtmc-reid\DukeMTMC-reID/query\0587_c3_f0135815.jpg,587,133,False,380,False,stayed_outside20,232,False,stayed_outside20,608,False,stayed_outside20
970,D:\deep-person-reid\reid-data\dukemtmc-reid\DukeMTMC-reID/query\0587_c4_f0133429.jpg,587,136,False,364,False,stayed_outside20,472,False,stayed_outside20,1633,False,stayed_outside20
971,D:\deep-person-reid\reid-data\dukemtmc-reid\DukeMTMC-reID/query\0590_c1_f0155083.jpg,590,2,False,1,True,stayed_inside20,1,True,stayed_inside20,1,True,stayed_inside20
972,D:\deep-person-reid\reid-data\dukemtmc-reid\DukeMTMC-reID/query\0590_c2_f0158584.jpg,590,1,True,3,False,stayed_inside20,1,True,stayed_inside20,285,False,inside20_to_outside20
973,D:\deep-person-reid\reid-data\dukemtmc-reid\DukeMTMC-reID/query\0590_c5_f0163505.jpg,590,1,True,3,False,stayed_inside20,1,True,stayed_inside20,1,True,stayed_inside20
974,D:\deep-person-reid\reid-data\dukemtmc-reid\DukeMTMC-reID/query\0590_c6_f0142498.jpg,590,1,True,4,False,stayed_inside20,1,True,stayed_inside20,1,True,stayed_inside20
975,D:\deep-person-reid\reid-data\dukemtmc-reid\DukeMTMC-reID/query\0591_c1_f0154606.jpg,591,489,False,1033,False,stayed_outside20,702,False,stayed_outside20,1010,False,stayed_outside20
976,D:\deep-person-reid\reid-data\dukemtmc-reid\DukeMTMC-reID/query\0591_c2_f0158813.jpg,591,6,False,90,False,inside20_to_outside20,25,False,inside20_to_outside20,109,False,inside20_to_outside20
977,D:\deep-person-reid\reid-data\dukemtmc-reid\DukeMTMC-reID/query\0591_c5_f0163545.jpg,591,1,True,1,True,stayed_inside20,1,True,stayed_inside20,1,True,stayed_inside20
978,D:\deep-person-reid\reid-data\dukemtmc-reid\DukeMTMC-reID/query\0591_c6_f0143513.jpg,591,1,True,2,False,stayed_inside20,1,True,stayed_inside20,10,False,stayed_inside20
979,D:\deep-person-reid\reid-data\dukemtmc-reid\DukeMTMC-reID/query\0592_c1_f0155107.jpg,592,543,False,879,False,stayed_outside20,604,False,stayed_outside20,1030,False,stayed_outside20
980,D:\deep-person-reid\reid-data\dukemtmc-reid\DukeMTMC-reID/query\0592_c2_f0155313.jpg,592,29,False,153,False,stayed_outside20,17,False,outside20_to_inside20,102,False,stayed_outside20
981,D:\deep-person-reid\reid-data\dukemtmc-reid\DukeMTMC-reID/query\0592_c5_f0157590.jpg,592,1,True,1,True,stayed_inside20,1,True,stayed_inside20,2,False,stayed_inside20
982,D:\deep-person-reid\reid-data\dukemtmc-reid\DukeMTMC-reID/query\0592_c6_f0134334.jpg,592,15,False,39,False,inside20_to_outside20,55,False,inside20_to_outside20,272,False,inside20_to_outside20
983,D:\deep-person-reid\reid-data\dukemtmc-reid\DukeMTMC-reID/query\0593_c1_f0155421.jpg,593,1045,False,2009,False,stayed_outside20,3635,False,stayed_outside20,5285,False,stayed_outside20
984,D:\deep-person-reid\reid-data\dukemtmc-reid\DukeMTMC-reID/query\0593_c8_f0110608.jpg,593,3011,False,2383,False,stayed_outside20,4572,False,stayed_outside20,3058,False,stayed_outside20
985,D:\deep-person-reid\reid-data\dukemtmc-reid\DukeMTMC-reID/query\0594_c1_f0155572.jpg,594,2,False,3,False,stayed_inside20,4,False,stayed_inside20,5,False,stayed_inside20
986,D:\deep-person-reid\reid-data\dukemtmc-reid\DukeMTMC-reID/query\0594_c2_f0160182.jpg,594,58,False,57,False,stayed_outside20,74,False,stayed_outside20,41,False,stayed_outside20
987,D:\deep-person-reid\reid-data\dukemtmc-reid\DukeMTMC-reID/query\0596_c1_f0156063.jpg,596,2,False,1,True,stayed_inside20,2,False,stayed_inside20,1,True,stayed_inside20
988,D:\deep-person-reid\reid-data\dukemtmc-reid\DukeMTMC-reID/query\0596_c6_f0144068.jpg,596,1,True,1,True,stayed_inside20,1,True,stayed_inside20,1,True,stayed_inside20
989,D:\deep-person-reid\reid-data\dukemtmc-reid\DukeMTMC-reID/query\0596_c7_f0146279.jpg,596,1,True,1,True,stayed_inside20,1,True,stayed_inside20,1,True,stayed_inside20
990,D:\deep-person-reid\reid-data\dukemtmc-reid\DukeMTMC-reID/query\0597_c1_f0156209.jpg,597,1,True,1,True,stayed_inside20,1,True,stayed_inside20,1,True,stayed_inside20
991,D:\deep-person-reid\reid-data\dukemtmc-reid\DukeMTMC-reID/query\0597_c8_f0113262.jpg,597,23,False,41,False,stayed_outside20,25,False,stayed_outside20,24,False,stayed_outside20
992,D:\deep-person-reid\reid-data\dukemtmc-reid\DukeMTMC-reID/query\0599_c1_f0156731.jpg,599,314,False,379,False,stayed_outside20,114,False,stayed_outside20,291,False,stayed_outside20
993,D:\deep-person-reid\reid-data\dukemtmc-reid\DukeMTMC-reID/query\0599_c2_f0161466.jpg,599,48,False,168,False,stayed_outside20,24,False,stayed_outside20,340,False,stayed_outside20
994,D:\deep-person-reid\reid-data\dukemtmc-reid\DukeMTMC-reID/query\0601_c1_f0156867.jpg,601,372,False,627,False,stayed_outside20,562,False,stayed_outside20,1219,False,stayed_outside20
995,D:\deep-person-reid\reid-data\dukemtmc-reid\DukeMTMC-reID/query\0601_c2_f0161262.jpg,601,8,False,29,False,inside20_to_outside20,4,False,stayed_inside20,12,False,stayed_inside20
996,D:\deep-person-reid\reid-data\dukemtmc-reid\DukeMTMC-reID/query\0601_c3_f0138880.jpg,601,105,False,573,False,stayed_outside20,7,False,outside20_to_inside20,140,False,stayed_outside20
997,D:\deep-person-reid\reid-data\dukemtmc-reid\DukeMTMC-reID/query\0601_c4_f0137323.jpg,601,67,False,87,False,stayed_outside20,308,False,stayed_outside20,333,False,stayed_outside20
998,D:\deep-person-reid\reid-data\dukemtmc-reid\DukeMTMC-reID/query\0603_c1_f0157189.jpg,603,129,False,715,False,stayed_outside20,144,False,stayed_outside20,862,False,stayed_outside20
999,D:\deep-person-reid\reid-data\dukemtmc-reid\DukeMTMC-reID/query\0603_c2_f0161595.jpg,603,3,False,3,False,stayed_inside20,2,False,stayed_inside20,4,False,stayed_inside20
1000,D:\deep-person-reid\reid-data\dukemtmc-reid\DukeMTMC-reID/query\0603_c3_f0138939.jpg,603,361,False,995,False,stayed_outside20,161,False,stayed_outside20,1226,False,stayed_outside20
1001,D:\deep-person-reid\reid-data\dukemtmc-reid\DukeMTMC-reID/query\0603_c4_f0136027.jpg,603,183,False,873,False,stayed_outside20,38,False,stayed_outside20,341,False,stayed_outside20
1002,D:\deep-person-reid\reid-data\dukemtmc-reid\DukeMTMC-reID/query\0605_c1_f0157755.jpg,605,1,True,1,True,stayed_inside20,1,True,stayed_inside20,1,True,stayed_inside20
1003,D:\deep-person-reid\reid-data\dukemtmc-reid\DukeMTMC-reID/query\0605_c2_f0162028.jpg,605,1,True,1,True,stayed_inside20,1,True,stayed_inside20,1,True,stayed_inside20
1004,D:\deep-person-reid\reid-data\dukemtmc-reid\DukeMTMC-reID/query\0605_c5_f0166721.jpg,605,2,False,1,True,stayed_inside20,1,True,stayed_inside20,1,True,stayed_inside20
1005,D:\deep-person-reid\reid-data\dukemtmc-reid\DukeMTMC-reID/query\0605_c6_f0146840.jpg,605,22,False,196,False,stayed_outside20,80,False,stayed_outside20,1110,False,stayed_outside20
1006,D:\deep-person-reid\reid-data\dukemtmc-reid\DukeMTMC-reID/query\0608_c1_f0157906.jpg,608,1198,False,1344,False,stayed_outside20,1144,False,stayed_outside20,983,False,stayed_outside20
1007,D:\deep-person-reid\reid-data\dukemtmc-reid\DukeMTMC-reID/query\0608_c2_f0161637.jpg,608,1132,False,2249,False,stayed_outside20,1812,False,stayed_outside20,3768,False,stayed_outside20
1008,D:\deep-person-reid\reid-data\dukemtmc-reid\DukeMTMC-reID/query\0611_c1_f0158718.jpg,611,11,False,32,False,inside20_to_outside20,6,False,stayed_inside20,17,False,stayed_inside20
1009,D:\deep-person-reid\reid-data\dukemtmc-reid\DukeMTMC-reID/query\0611_c2_f0162949.jpg,611,6,False,9,False,stayed_inside20,6,False,stayed_inside20,10,False,stayed_inside20
1010,D:\deep-person-reid\reid-data\dukemtmc-reid\DukeMTMC-reID/query\0612_c1_f0158465.jpg,612,1,True,1,True,stayed_inside20,1,True,stayed_inside20,1,True,stayed_inside20
1011,D:\deep-person-reid\reid-data\dukemtmc-reid\DukeMTMC-reID/query\0612_c2_f0163295.jpg,612,1416,False,1004,False,stayed_outside20,21,False,stayed_outside20,54,False,stayed_outside20
1012,D:\deep-person-reid\reid-data\dukemtmc-reid\DukeMTMC-reID/query\0612_c3_f0140845.jpg,612,1,True,1,True,stayed_inside20,1,True,stayed_inside20,1,True,stayed_inside20
1013,D:\deep-person-reid\reid-data\dukemtmc-reid\DukeMTMC-reID/query\0612_c4_f0139061.jpg,612,1,True,1,True,stayed_inside20,1,True,stayed_inside20,1,True,stayed_inside20
1014,D:\deep-person-reid\reid-data\dukemtmc-reid\DukeMTMC-reID/query\0620_c1_f0159323.jpg,620,5403,False,3839,False,stayed_outside20,2330,False,stayed_outside20,1813,False,stayed_outside20
1015,D:\deep-person-reid\reid-data\dukemtmc-reid\DukeMTMC-reID/query\0620_c2_f0164091.jpg,620,1,True,1,True,stayed_inside20,1,True,stayed_inside20,1,True,stayed_inside20
1016,D:\deep-person-reid\reid-data\dukemtmc-reid\DukeMTMC-reID/query\0620_c3_f0141203.jpg,620,1070,False,1600,False,stayed_outside20,1461,False,stayed_outside20,3892,False,stayed_outside20
1017,D:\deep-person-reid\reid-data\dukemtmc-reid\DukeMTMC-reID/query\0620_c4_f0139339.jpg,620,46,False,145,False,stayed_outside20,99,False,stayed_outside20,94,False,stayed_outside20
1018,D:\deep-person-reid\reid-data\dukemtmc-reid\DukeMTMC-reID/query\0621_c1_f0159814.jpg,621,63,False,4616,False,stayed_outside20,331,False,stayed_outside20,5621,False,stayed_outside20
1019,D:\deep-person-reid\reid-data\dukemtmc-reid\DukeMTMC-reID/query\0621_c2_f0164821.jpg,621,1,True,1,True,stayed_inside20,1,True,stayed_inside20,1,True,stayed_inside20
1020,D:\deep-person-reid\reid-data\dukemtmc-reid\DukeMTMC-reID/query\0621_c8_f0123264.jpg,621,1,True,1,True,stayed_inside20,1,True,stayed_inside20,1,True,stayed_inside20
1021,D:\deep-person-reid\reid-data\dukemtmc-reid\DukeMTMC-reID/query\0625_c1_f0159310.jpg,625,8,False,22,False,inside20_to_outside20,51,False,inside20_to_outside20,2531,False,inside20_to_outside20
1022,D:\deep-person-reid\reid-data\dukemtmc-reid\DukeMTMC-reID/query\0625_c2_f0163404.jpg,625,4,False,7,False,stayed_inside20,3,False,stayed_inside20,8,False,stayed_inside20
1023,D:\deep-person-reid\reid-data\dukemtmc-reid\DukeMTMC-reID/query\0625_c5_f0168382.jpg,625,51,False,67,False,stayed_outside20,20,False,outside20_to_inside20,34,False,stayed_outside20
1024,D:\deep-person-reid\reid-data\dukemtmc-reid\DukeMTMC-reID/query\0625_c6_f0146947.jpg,625,959,False,1158,False,stayed_outside20,1528,False,stayed_outside20,1850,False,stayed_outside20
1025,D:\deep-person-reid\reid-data\dukemtmc-reid\DukeMTMC-reID/query\0626_c1_f0160058.jpg,626,4,False,1,True,stayed_inside20,1,True,stayed_inside20,1,True,stayed_inside20
1026,D:\deep-person-reid\reid-data\dukemtmc-reid\DukeMTMC-reID/query\0626_c2_f0159911.jpg,626,1,True,1,True,stayed_inside20,1,True,stayed_inside20,1,True,stayed_inside20
1027,D:\deep-person-reid\reid-data\dukemtmc-reid\DukeMTMC-reID/query\0626_c5_f0162121.jpg,626,1,True,1,True,stayed_inside20,1,True,stayed_inside20,1,True,stayed_inside20
1028,D:\deep-person-reid\reid-data\dukemtmc-reid\DukeMTMC-reID/query\0626_c6_f0137786.jpg,626,1,True,1,True,stayed_inside20,1,True,stayed_inside20,1,True,stayed_inside20
1029,D:\deep-person-reid\reid-data\dukemtmc-reid\DukeMTMC-reID/query\0627_c1_f0159814.jpg,627,98,False,737,False,stayed_outside20,186,False,stayed_outside20,770,False,stayed_outside20
1030,D:\deep-person-reid\reid-data\dukemtmc-reid\DukeMTMC-reID/query\0627_c2_f0164879.jpg,627,37,False,49,False,stayed_outside20,62,False,stayed_outside20,47,False,stayed_outside20
1031,D:\deep-person-reid\reid-data\dukemtmc-reid\DukeMTMC-reID/query\0629_c1_f0159572.jpg,629,2,False,3,False,stayed_inside20,1,True,stayed_inside20,1,True,stayed_inside20
1032,D:\deep-person-reid\reid-data\dukemtmc-reid\DukeMTMC-reID/query\0629_c2_f0164620.jpg,629,1,True,1,True,stayed_inside20,1,True,stayed_inside20,1,True,stayed_inside20
1033,D:\deep-person-reid\reid-data\dukemtmc-reid\DukeMTMC-reID/query\0631_c1_f0209889.jpg,631,2,False,8,False,stayed_inside20,185,False,inside20_to_outside20,284,False,inside20_to_outside20
1034,D:\deep-person-reid\reid-data\dukemtmc-reid\DukeMTMC-reID/query\0631_c2_f0209002.jpg,631,1,True,1,True,stayed_inside20,1,True,stayed_inside20,1,True,stayed_inside20
1035,D:\deep-person-reid\reid-data\dukemtmc-reid\DukeMTMC-reID/query\0631_c5_f0211497.jpg,631,1,True,1,True,stayed_inside20,1,True,stayed_inside20,1,True,stayed_inside20
1036,D:\deep-person-reid\reid-data\dukemtmc-reid\DukeMTMC-reID/query\0632_c1_f0160919.jpg,632,102,False,405,False,stayed_outside20,174,False,stayed_outside20,596,False,stayed_outside20
1037,D:\deep-person-reid\reid-data\dukemtmc-reid\DukeMTMC-reID/query\0632_c2_f0165473.jpg,632,1,True,1,True,stayed_inside20,1,True,stayed_inside20,1,True,stayed_inside20
1038,D:\deep-person-reid\reid-data\dukemtmc-reid\DukeMTMC-reID/query\0632_c5_f0169842.jpg,632,1,True,1,True,stayed_inside20,1,True,stayed_inside20,1,True,stayed_inside20
1039,D:\deep-person-reid\reid-data\dukemtmc-reid\DukeMTMC-reID/query\0632_c6_f0148723.jpg,632,376,False,602,False,stayed_outside20,1099,False,stayed_outside20,842,False,stayed_outside20
1040,D:\deep-person-reid\reid-data\dukemtmc-reid\DukeMTMC-reID/query\0635_c1_f0161167.jpg,635,6,False,140,False,inside20_to_outside20,4,False,stayed_inside20,167,False,inside20_to_outside20
1041,D:\deep-person-reid\reid-data\dukemtmc-reid\DukeMTMC-reID/query\0635_c2_f0161628.jpg,635,1,True,1,True,stayed_inside20,1,True,stayed_inside20,1,True,stayed_inside20
1042,D:\deep-person-reid\reid-data\dukemtmc-reid\DukeMTMC-reID/query\0635_c3_f0137077.jpg,635,1,True,1,True,stayed_inside20,1,True,stayed_inside20,1,True,stayed_inside20
1043,D:\deep-person-reid\reid-data\dukemtmc-reid\DukeMTMC-reID/query\0635_c4_f0131693.jpg,635,7,False,1,True,stayed_inside20,1,True,stayed_inside20,1,True,stayed_inside20
1044,D:\deep-person-reid\reid-data\dukemtmc-reid\DukeMTMC-reID/query\0641_c1_f0163191.jpg,641,31,False,392,False,stayed_outside20,58,False,stayed_outside20,1200,False,stayed_outside20
1045,D:\deep-person-reid\reid-data\dukemtmc-reid\DukeMTMC-reID/query\0641_c2_f0163207.jpg,641,1,True,1,True,stayed_inside20,1,True,stayed_inside20,1,True,stayed_inside20
1046,D:\deep-person-reid\reid-data\dukemtmc-reid\DukeMTMC-reID/query\0641_c5_f0165672.jpg,641,1,True,1,True,stayed_inside20,1,True,stayed_inside20,1,True,stayed_inside20
1047,D:\deep-person-reid\reid-data\dukemtmc-reid\DukeMTMC-reID/query\0641_c6_f0141658.jpg,641,564,False,1023,False,stayed_outside20,888,False,stayed_outside20,861,False,stayed_outside20
1048,D:\deep-person-reid\reid-data\dukemtmc-reid\DukeMTMC-reID/query\0643_c1_f0163363.jpg,643,1,True,1,True,stayed_inside20,1,True,stayed_inside20,1,True,stayed_inside20
1049,D:\deep-person-reid\reid-data\dukemtmc-reid\DukeMTMC-reID/query\0643_c5_f0172551.jpg,643,1,True,1,True,stayed_inside20,1,True,stayed_inside20,1,True,stayed_inside20
1050,D:\deep-person-reid\reid-data\dukemtmc-reid\DukeMTMC-reID/query\0643_c6_f0151564.jpg,643,1,True,1,True,stayed_inside20,1,True,stayed_inside20,1,True,stayed_inside20
1051,D:\deep-person-reid\reid-data\dukemtmc-reid\DukeMTMC-reID/query\0644_c1_f0163732.jpg,644,3,False,2,False,stayed_inside20,1,True,stayed_inside20,14,False,stayed_inside20
1052,D:\deep-person-reid\reid-data\dukemtmc-reid\DukeMTMC-reID/query\0644_c2_f0168266.jpg,644,22,False,85,False,stayed_outside20,4,False,outside20_to_inside20,21,False,stayed_outside20
1053,D:\deep-person-reid\reid-data\dukemtmc-reid\DukeMTMC-reID/query\0644_c5_f0173412.jpg,644,2,False,2,False,stayed_inside20,9,False,stayed_inside20,172,False,inside20_to_outside20
1054,D:\deep-person-reid\reid-data\dukemtmc-reid\DukeMTMC-reID/query\0644_c6_f0153041.jpg,644,3,False,33,False,inside20_to_outside20,2,False,stayed_inside20,9,False,stayed_inside20
1055,D:\deep-person-reid\reid-data\dukemtmc-reid\DukeMTMC-reID/query\0646_c1_f0163774.jpg,646,116,False,242,False,stayed_outside20,273,False,stayed_outside20,239,False,stayed_outside20
1056,D:\deep-person-reid\reid-data\dukemtmc-reid\DukeMTMC-reID/query\0646_c2_f0163884.jpg,646,14,False,28,False,inside20_to_outside20,3,False,stayed_inside20,1,True,stayed_inside20
1057,D:\deep-person-reid\reid-data\dukemtmc-reid\DukeMTMC-reID/query\0646_c3_f0139064.jpg,646,1,True,6,False,stayed_inside20,2,False,stayed_inside20,1,True,stayed_inside20
1058,D:\deep-person-reid\reid-data\dukemtmc-reid\DukeMTMC-reID/query\0646_c4_f0133387.jpg,646,35,False,20,False,outside20_to_inside20,5,False,outside20_to_inside20,6,False,outside20_to_inside20
1059,D:\deep-person-reid\reid-data\dukemtmc-reid\DukeMTMC-reID/query\0647_c1_f0164609.jpg,647,3991,False,4072,False,stayed_outside20,3190,False,stayed_outside20,2984,False,stayed_outside20
1060,D:\deep-person-reid\reid-data\dukemtmc-reid\DukeMTMC-reID/query\0647_c5_f0166452.jpg,647,10,False,16,False,stayed_inside20,1,True,stayed_inside20,1,True,stayed_inside20
1061,D:\deep-person-reid\reid-data\dukemtmc-reid\DukeMTMC-reID/query\0647_c6_f0142313.jpg,647,27,False,16,False,outside20_to_inside20,24,False,stayed_outside20,156,False,stayed_outside20
1062,D:\deep-person-reid\reid-data\dukemtmc-reid\DukeMTMC-reID/query\0648_c1_f0164965.jpg,648,1,True,1,True,stayed_inside20,1,True,stayed_inside20,1,True,stayed_inside20
1063,D:\deep-person-reid\reid-data\dukemtmc-reid\DukeMTMC-reID/query\0648_c5_f0174176.jpg,648,1,True,1,True,stayed_inside20,1,True,stayed_inside20,1,True,stayed_inside20
1064,D:\deep-person-reid\reid-data\dukemtmc-reid\DukeMTMC-reID/query\0648_c6_f0152711.jpg,648,5,False,2,False,stayed_inside20,1,True,stayed_inside20,1,True,stayed_inside20
1065,D:\deep-person-reid\reid-data\dukemtmc-reid\DukeMTMC-reID/query\0649_c1_f0165061.jpg,649,1,True,1,True,stayed_inside20,1,True,stayed_inside20,1,True,stayed_inside20
1066,D:\deep-person-reid\reid-data\dukemtmc-reid\DukeMTMC-reID/query\0649_c2_f0169208.jpg,649,1,True,1,True,stayed_inside20,1,True,stayed_inside20,1,True,stayed_inside20
1067,D:\deep-person-reid\reid-data\dukemtmc-reid\DukeMTMC-reID/query\0651_c1_f0164753.jpg,651,406,False,469,False,stayed_outside20,518,False,stayed_outside20,661,False,stayed_outside20
1068,D:\deep-person-reid\reid-data\dukemtmc-reid\DukeMTMC-reID/query\0651_c2_f0169434.jpg,651,8,False,8,False,stayed_inside20,7,False,stayed_inside20,7,False,stayed_inside20
1069,D:\deep-person-reid\reid-data\dukemtmc-reid\DukeMTMC-reID/query\0651_c3_f0147065.jpg,651,7,False,6,False,stayed_inside20,10,False,stayed_inside20,273,False,inside20_to_outside20
1070,D:\deep-person-reid\reid-data\dukemtmc-reid\DukeMTMC-reID/query\0651_c4_f0144647.jpg,651,37,False,44,False,stayed_outside20,199,False,stayed_outside20,422,False,stayed_outside20
1071,D:\deep-person-reid\reid-data\dukemtmc-reid\DukeMTMC-reID/query\0652_c1_f0165125.jpg,652,4,False,3,False,stayed_inside20,5,False,stayed_inside20,5,False,stayed_inside20
1072,D:\deep-person-reid\reid-data\dukemtmc-reid\DukeMTMC-reID/query\0652_c2_f0169788.jpg,652,8,False,7,False,stayed_inside20,8,False,stayed_inside20,8,False,stayed_inside20
1073,D:\deep-person-reid\reid-data\dukemtmc-reid\DukeMTMC-reID/query\0652_c3_f0146953.jpg,652,4,False,3,False,stayed_inside20,5,False,stayed_inside20,3,False,stayed_inside20
1074,D:\deep-person-reid\reid-data\dukemtmc-reid\DukeMTMC-reID/query\0652_c4_f0145000.jpg,652,199,False,31,False,stayed_outside20,382,False,stayed_outside20,83,False,stayed_outside20
1075,D:\deep-person-reid\reid-data\dukemtmc-reid\DukeMTMC-reID/query\0654_c1_f0165081.jpg,654,1240,False,2129,False,stayed_outside20,882,False,stayed_outside20,2615,False,stayed_outside20
1076,D:\deep-person-reid\reid-data\dukemtmc-reid\DukeMTMC-reID/query\0654_c2_f0170023.jpg,654,72,False,208,False,stayed_outside20,7,False,outside20_to_inside20,1,True,outside20_to_inside20
1077,D:\deep-person-reid\reid-data\dukemtmc-reid\DukeMTMC-reID/query\0656_c1_f0165893.jpg,656,1,True,1,True,stayed_inside20,1,True,stayed_inside20,1,True,stayed_inside20
1078,D:\deep-person-reid\reid-data\dukemtmc-reid\DukeMTMC-reID/query\0656_c2_f0169649.jpg,656,1,True,1,True,stayed_inside20,1,True,stayed_inside20,1,True,stayed_inside20
1079,D:\deep-person-reid\reid-data\dukemtmc-reid\DukeMTMC-reID/query\0656_c5_f0174707.jpg,656,1,True,1,True,stayed_inside20,1,True,stayed_inside20,1,True,stayed_inside20
1080,D:\deep-person-reid\reid-data\dukemtmc-reid\DukeMTMC-reID/query\0656_c6_f0153689.jpg,656,1,True,1,True,stayed_inside20,1,True,stayed_inside20,1,True,stayed_inside20
1081,D:\deep-person-reid\reid-data\dukemtmc-reid\DukeMTMC-reID/query\0656_c7_f0156240.jpg,656,6,False,2,False,stayed_inside20,17,False,stayed_inside20,144,False,inside20_to_outside20
1082,D:\deep-person-reid\reid-data\dukemtmc-reid\DukeMTMC-reID/query\0661_c1_f0167273.jpg,661,5911,False,9427,False,stayed_outside20,4828,False,stayed_outside20,6675,False,stayed_outside20
1083,D:\deep-person-reid\reid-data\dukemtmc-reid\DukeMTMC-reID/query\0661_c5_f0169114.jpg,661,279,False,2007,False,stayed_outside20,1371,False,stayed_outside20,6156,False,stayed_outside20
1084,D:\deep-person-reid\reid-data\dukemtmc-reid\DukeMTMC-reID/query\0661_c7_f0149108.jpg,661,487,False,758,False,stayed_outside20,934,False,stayed_outside20,1251,False,stayed_outside20
1085,D:\deep-person-reid\reid-data\dukemtmc-reid\DukeMTMC-reID/query\0663_c1_f0167408.jpg,663,2,False,4,False,stayed_inside20,9,False,stayed_inside20,21,False,inside20_to_outside20
1086,D:\deep-person-reid\reid-data\dukemtmc-reid\DukeMTMC-reID/query\0663_c2_f0171538.jpg,663,1,True,1,True,stayed_inside20,1,True,stayed_inside20,1,True,stayed_inside20
1087,D:\deep-person-reid\reid-data\dukemtmc-reid\DukeMTMC-reID/query\0672_c1_f0169358.jpg,672,2,False,1,True,stayed_inside20,3,False,stayed_inside20,1,True,stayed_inside20
1088,D:\deep-person-reid\reid-data\dukemtmc-reid\DukeMTMC-reID/query\0672_c2_f0173029.jpg,672,1,True,1,True,stayed_inside20,1,True,stayed_inside20,1,True,stayed_inside20
1089,D:\deep-person-reid\reid-data\dukemtmc-reid\DukeMTMC-reID/query\0672_c5_f0178036.jpg,672,1,True,1,True,stayed_inside20,1,True,stayed_inside20,1,True,stayed_inside20
1090,D:\deep-person-reid\reid-data\dukemtmc-reid\DukeMTMC-reID/query\0672_c6_f0157763.jpg,672,1,True,1,True,stayed_inside20,1,True,stayed_inside20,1,True,stayed_inside20
1091,D:\deep-person-reid\reid-data\dukemtmc-reid\DukeMTMC-reID/query\0674_c1_f0169766.jpg,674,1,True,1,True,stayed_inside20,1,True,stayed_inside20,1,True,stayed_inside20
1092,D:\deep-person-reid\reid-data\dukemtmc-reid\DukeMTMC-reID/query\0674_c2_f0173604.jpg,674,3,False,4,False,stayed_inside20,4,False,stayed_inside20,4,False,stayed_inside20
1093,D:\deep-person-reid\reid-data\dukemtmc-reid\DukeMTMC-reID/query\0674_c3_f0151039.jpg,674,1,True,1,True,stayed_inside20,1,True,stayed_inside20,1,True,stayed_inside20
1094,D:\deep-person-reid\reid-data\dukemtmc-reid\DukeMTMC-reID/query\0674_c4_f0148493.jpg,674,13,False,6,False,stayed_inside20,1,True,stayed_inside20,1,True,stayed_inside20
1095,D:\deep-person-reid\reid-data\dukemtmc-reid\DukeMTMC-reID/query\0676_c1_f0169912.jpg,676,1,True,4,False,stayed_inside20,1,True,stayed_inside20,1,True,stayed_inside20
1096,D:\deep-person-reid\reid-data\dukemtmc-reid\DukeMTMC-reID/query\0676_c2_f0170538.jpg,676,1,True,1,True,stayed_inside20,1,True,stayed_inside20,1,True,stayed_inside20
1097,D:\deep-person-reid\reid-data\dukemtmc-reid\DukeMTMC-reID/query\0676_c3_f0145844.jpg,676,5,False,16,False,stayed_inside20,27,False,inside20_to_outside20,39,False,inside20_to_outside20
1098,D:\deep-person-reid\reid-data\dukemtmc-reid\DukeMTMC-reID/query\0676_c4_f0139942.jpg,676,85,False,200,False,stayed_outside20,15,False,outside20_to_inside20,97,False,stayed_outside20
1099,D:\deep-person-reid\reid-data\dukemtmc-reid\DukeMTMC-reID/query\0678_c1_f0170334.jpg,678,119,False,626,False,stayed_outside20,7,False,outside20_to_inside20,317,False,stayed_outside20
1100,D:\deep-person-reid\reid-data\dukemtmc-reid\DukeMTMC-reID/query\0678_c8_f0132921.jpg,678,1209,False,1791,False,stayed_outside20,995,False,stayed_outside20,1835,False,stayed_outside20
1101,D:\deep-person-reid\reid-data\dukemtmc-reid\DukeMTMC-reID/query\0680_c1_f0170134.jpg,680,11,False,11,False,stayed_inside20,12,False,stayed_inside20,13,False,stayed_inside20
1102,D:\deep-person-reid\reid-data\dukemtmc-reid\DukeMTMC-reID/query\0680_c8_f0132909.jpg,680,10,False,9,False,stayed_inside20,10,False,stayed_inside20,10,False,stayed_inside20
1103,D:\deep-person-reid\reid-data\dukemtmc-reid\DukeMTMC-reID/query\0681_c1_f0170525.jpg,681,1,True,2,False,stayed_inside20,2,False,stayed_inside20,2,False,stayed_inside20
1104,D:\deep-person-reid\reid-data\dukemtmc-reid\DukeMTMC-reID/query\0681_c8_f0132979.jpg,681,5,False,7,False,stayed_inside20,7,False,stayed_inside20,6,False,stayed_inside20
1105,D:\deep-person-reid\reid-data\dukemtmc-reid\DukeMTMC-reID/query\0683_c1_f0170610.jpg,683,4,False,5,False,stayed_inside20,3,False,stayed_inside20,5,False,stayed_inside20
1106,D:\deep-person-reid\reid-data\dukemtmc-reid\DukeMTMC-reID/query\0683_c5_f0173266.jpg,683,587,False,2613,False,stayed_outside20,25,False,stayed_outside20,2654,False,stayed_outside20
1107,D:\deep-person-reid\reid-data\dukemtmc-reid\DukeMTMC-reID/query\0683_c6_f0149532.jpg,683,5,False,11,False,stayed_inside20,8,False,stayed_inside20,72,False,inside20_to_outside20
1108,D:\deep-person-reid\reid-data\dukemtmc-reid\DukeMTMC-reID/query\0685_c1_f0170894.jpg,685,111,False,602,False,stayed_outside20,245,False,stayed_outside20,599,False,stayed_outside20
1109,D:\deep-person-reid\reid-data\dukemtmc-reid\DukeMTMC-reID/query\0685_c2_f0176228.jpg,685,1,True,1,True,stayed_inside20,1,True,stayed_inside20,1,True,stayed_inside20
1110,D:\deep-person-reid\reid-data\dukemtmc-reid\DukeMTMC-reID/query\0685_c5_f0181653.jpg,685,10,False,95,False,inside20_to_outside20,2,False,stayed_inside20,1,True,stayed_inside20
1111,D:\deep-person-reid\reid-data\dukemtmc-reid\DukeMTMC-reID/query\0685_c6_f0161499.jpg,685,2,False,1,True,stayed_inside20,1,True,stayed_inside20,1,True,stayed_inside20
1112,D:\deep-person-reid\reid-data\dukemtmc-reid\DukeMTMC-reID/query\0686_c1_f0171644.jpg,686,160,False,788,False,stayed_outside20,112,False,stayed_outside20,547,False,stayed_outside20
1113,D:\deep-person-reid\reid-data\dukemtmc-reid\DukeMTMC-reID/query\0686_c2_f0175719.jpg,686,1,True,1,True,stayed_inside20,1,True,stayed_inside20,1,True,stayed_inside20
1114,D:\deep-person-reid\reid-data\dukemtmc-reid\DukeMTMC-reID/query\0686_c5_f0181214.jpg,686,1,True,1,True,stayed_inside20,1,True,stayed_inside20,1,True,stayed_inside20
1115,D:\deep-person-reid\reid-data\dukemtmc-reid\DukeMTMC-reID/query\0686_c6_f0160847.jpg,686,18,False,1262,False,inside20_to_outside20,28,False,inside20_to_outside20,1056,False,inside20_to_outside20
1116,D:\deep-person-reid\reid-data\dukemtmc-reid\DukeMTMC-reID/query\0688_c1_f0171728.jpg,688,2,False,22,False,inside20_to_outside20,1,True,stayed_inside20,4,False,stayed_inside20
1117,D:\deep-person-reid\reid-data\dukemtmc-reid\DukeMTMC-reID/query\0688_c8_f0127761.jpg,688,1,True,1,True,stayed_inside20,1,True,stayed_inside20,1,True,stayed_inside20
1118,D:\deep-person-reid\reid-data\dukemtmc-reid\DukeMTMC-reID/query\0690_c1_f0172474.jpg,690,97,False,612,False,stayed_outside20,99,False,stayed_outside20,703,False,stayed_outside20
1119,D:\deep-person-reid\reid-data\dukemtmc-reid\DukeMTMC-reID/query\0690_c2_f0172095.jpg,690,1,True,1,True,stayed_inside20,1,True,stayed_inside20,1,True,stayed_inside20
1120,D:\deep-person-reid\reid-data\dukemtmc-reid\DukeMTMC-reID/query\0690_c3_f0147795.jpg,690,7,False,270,False,inside20_to_outside20,1,True,stayed_inside20,1,True,stayed_inside20
1121,D:\deep-person-reid\reid-data\dukemtmc-reid\DukeMTMC-reID/query\0690_c4_f0142152.jpg,690,4,False,18,False,stayed_inside20,1,True,stayed_inside20,1,True,stayed_inside20
1122,D:\deep-person-reid\reid-data\dukemtmc-reid\DukeMTMC-reID/query\0691_c1_f0172071.jpg,691,1018,False,1478,False,stayed_outside20,330,False,stayed_outside20,535,False,stayed_outside20
1123,D:\deep-person-reid\reid-data\dukemtmc-reid\DukeMTMC-reID/query\0691_c2_f0172323.jpg,691,1,True,1,True,stayed_inside20,1,True,stayed_inside20,1,True,stayed_inside20
1124,D:\deep-person-reid\reid-data\dukemtmc-reid\DukeMTMC-reID/query\0691_c5_f0174767.jpg,691,1,True,1,True,stayed_inside20,1,True,stayed_inside20,1,True,stayed_inside20
1125,D:\deep-person-reid\reid-data\dukemtmc-reid\DukeMTMC-reID/query\0691_c6_f0150534.jpg,691,1,True,1,True,stayed_inside20,1,True,stayed_inside20,1,True,stayed_inside20
1126,D:\deep-person-reid\reid-data\dukemtmc-reid\DukeMTMC-reID/query\0693_c1_f0173023.jpg,693,541,False,1338,False,stayed_outside20,939,False,stayed_outside20,2347,False,stayed_outside20
1127,D:\deep-person-reid\reid-data\dukemtmc-reid\DukeMTMC-reID/query\0693_c2_f0172472.jpg,693,7,False,40,False,inside20_to_outside20,14,False,stayed_inside20,120,False,inside20_to_outside20
1128,D:\deep-person-reid\reid-data\dukemtmc-reid\DukeMTMC-reID/query\0693_c5_f0174356.jpg,693,1,True,3,False,stayed_inside20,1,True,stayed_inside20,1,True,stayed_inside20
1129,D:\deep-person-reid\reid-data\dukemtmc-reid\DukeMTMC-reID/query\0693_c6_f0150179.jpg,693,3,False,1,True,stayed_inside20,7,False,stayed_inside20,9,False,stayed_inside20
1130,D:\deep-person-reid\reid-data\dukemtmc-reid\DukeMTMC-reID/query\0694_c1_f0172936.jpg,694,4,False,75,False,inside20_to_outside20,2,False,stayed_inside20,34,False,inside20_to_outside20
1131,D:\deep-person-reid\reid-data\dukemtmc-reid\DukeMTMC-reID/query\0694_c2_f0172721.jpg,694,1,True,1,True,stayed_inside20,1,True,stayed_inside20,1,True,stayed_inside20
1132,D:\deep-person-reid\reid-data\dukemtmc-reid\DukeMTMC-reID/query\0694_c5_f0174256.jpg,694,1,True,1,True,stayed_inside20,1,True,stayed_inside20,1,True,stayed_inside20
1133,D:\deep-person-reid\reid-data\dukemtmc-reid\DukeMTMC-reID/query\0694_c6_f0150578.jpg,694,155,False,978,False,stayed_outside20,163,False,stayed_outside20,1429,False,stayed_outside20
1134,D:\deep-person-reid\reid-data\dukemtmc-reid\DukeMTMC-reID/query\0695_c1_f0172669.jpg,695,898,False,2562,False,stayed_outside20,2603,False,stayed_outside20,4058,False,stayed_outside20
1135,D:\deep-person-reid\reid-data\dukemtmc-reid\DukeMTMC-reID/query\0695_c8_f0127749.jpg,695,2865,False,6176,False,stayed_outside20,5847,False,stayed_outside20,5812,False,stayed_outside20
1136,D:\deep-person-reid\reid-data\dukemtmc-reid\DukeMTMC-reID/query\0698_c1_f0173689.jpg,698,1171,False,1705,False,stayed_outside20,2020,False,stayed_outside20,3934,False,stayed_outside20
1137,D:\deep-person-reid\reid-data\dukemtmc-reid\DukeMTMC-reID/query\0698_c2_f0173610.jpg,698,1,True,1,True,stayed_inside20,1,True,stayed_inside20,1,True,stayed_inside20
1138,D:\deep-person-reid\reid-data\dukemtmc-reid\DukeMTMC-reID/query\0698_c3_f0148278.jpg,698,3159,False,7169,False,stayed_outside20,3859,False,stayed_outside20,7352,False,stayed_outside20
1139,D:\deep-person-reid\reid-data\dukemtmc-reid\DukeMTMC-reID/query\0698_c4_f0143198.jpg,698,78,False,24,False,stayed_outside20,67,False,stayed_outside20,12,False,outside20_to_inside20
1140,D:\deep-person-reid\reid-data\dukemtmc-reid\DukeMTMC-reID/query\0699_c1_f0173982.jpg,699,1,True,1,True,stayed_inside20,1,True,stayed_inside20,1,True,stayed_inside20
1141,D:\deep-person-reid\reid-data\dukemtmc-reid\DukeMTMC-reID/query\0699_c2_f0177606.jpg,699,1,True,1,True,stayed_inside20,1,True,stayed_inside20,1,True,stayed_inside20
1142,D:\deep-person-reid\reid-data\dukemtmc-reid\DukeMTMC-reID/query\0699_c3_f0154568.jpg,699,163,False,1506,False,stayed_outside20,77,False,stayed_outside20,403,False,stayed_outside20
1143,D:\deep-person-reid\reid-data\dukemtmc-reid\DukeMTMC-reID/query\0699_c4_f0152518.jpg,699,2,False,3,False,stayed_inside20,2,False,stayed_inside20,2,False,stayed_inside20
1144,D:\deep-person-reid\reid-data\dukemtmc-reid\DukeMTMC-reID/query\0700_c1_f0173718.jpg,700,413,False,563,False,stayed_outside20,157,False,stayed_outside20,553,False,stayed_outside20
1145,D:\deep-person-reid\reid-data\dukemtmc-reid\DukeMTMC-reID/query\0700_c2_f0173928.jpg,700,629,False,3929,False,stayed_outside20,410,False,stayed_outside20,5623,False,stayed_outside20
1146,D:\deep-person-reid\reid-data\dukemtmc-reid\DukeMTMC-reID/query\0700_c3_f0149681.jpg,700,661,False,1078,False,stayed_outside20,208,False,stayed_outside20,3289,False,stayed_outside20
1147,D:\deep-person-reid\reid-data\dukemtmc-reid\DukeMTMC-reID/query\0701_c1_f0174088.jpg,701,225,False,541,False,stayed_outside20,762,False,stayed_outside20,960,False,stayed_outside20
1148,D:\deep-person-reid\reid-data\dukemtmc-reid\DukeMTMC-reID/query\0701_c2_f0178449.jpg,701,637,False,426,False,stayed_outside20,545,False,stayed_outside20,205,False,stayed_outside20
1149,D:\deep-person-reid\reid-data\dukemtmc-reid\DukeMTMC-reID/query\0702_c1_f0174643.jpg,702,326,False,505,False,stayed_outside20,659,False,stayed_outside20,976,False,stayed_outside20
1150,D:\deep-person-reid\reid-data\dukemtmc-reid\DukeMTMC-reID/query\0702_c2_f0174426.jpg,702,1,True,1,True,stayed_inside20,1,True,stayed_inside20,2,False,stayed_inside20
1151,D:\deep-person-reid\reid-data\dukemtmc-reid\DukeMTMC-reID/query\0703_c1_f0174315.jpg,703,5,False,11,False,stayed_inside20,7,False,stayed_inside20,12,False,stayed_inside20
1152,D:\deep-person-reid\reid-data\dukemtmc-reid\DukeMTMC-reID/query\0703_c5_f0176526.jpg,703,7,False,23,False,inside20_to_outside20,6,False,stayed_inside20,12,False,stayed_inside20
1153,D:\deep-person-reid\reid-data\dukemtmc-reid\DukeMTMC-reID/query\0703_c6_f0153080.jpg,703,1,True,1,True,stayed_inside20,2,False,stayed_inside20,1,True,stayed_inside20
1154,D:\deep-person-reid\reid-data\dukemtmc-reid\DukeMTMC-reID/query\0705_c1_f0175748.jpg,705,130,False,452,False,stayed_outside20,337,False,stayed_outside20,980,False,stayed_outside20
1155,D:\deep-person-reid\reid-data\dukemtmc-reid\DukeMTMC-reID/query\0705_c2_f0179576.jpg,705,30,False,357,False,stayed_outside20,37,False,stayed_outside20,698,False,stayed_outside20
1156,D:\deep-person-reid\reid-data\dukemtmc-reid\DukeMTMC-reID/query\0705_c5_f0184601.jpg,705,1,True,1,True,stayed_inside20,1,True,stayed_inside20,1,True,stayed_inside20
1157,D:\deep-person-reid\reid-data\dukemtmc-reid\DukeMTMC-reID/query\0705_c6_f0163610.jpg,705,1,True,1,True,stayed_inside20,1,True,stayed_inside20,1,True,stayed_inside20
1158,D:\deep-person-reid\reid-data\dukemtmc-reid\DukeMTMC-reID/query\0706_c1_f0176472.jpg,706,2424,False,5613,False,stayed_outside20,2251,False,stayed_outside20,3484,False,stayed_outside20
1159,D:\deep-person-reid\reid-data\dukemtmc-reid\DukeMTMC-reID/query\0706_c2_f0180834.jpg,706,6,False,7,False,stayed_inside20,4,False,stayed_inside20,8,False,stayed_inside20
1160,D:\deep-person-reid\reid-data\dukemtmc-reid\DukeMTMC-reID/query\0706_c3_f0158781.jpg,706,4,False,3,False,stayed_inside20,6,False,stayed_inside20,3,False,stayed_inside20
1161,D:\deep-person-reid\reid-data\dukemtmc-reid\DukeMTMC-reID/query\0707_c1_f0176667.jpg,707,2,False,1,True,stayed_inside20,2,False,stayed_inside20,1,True,stayed_inside20
1162,D:\deep-person-reid\reid-data\dukemtmc-reid\DukeMTMC-reID/query\0707_c2_f0180442.jpg,707,1,True,1,True,stayed_inside20,1,True,stayed_inside20,1,True,stayed_inside20
1163,D:\deep-person-reid\reid-data\dukemtmc-reid\DukeMTMC-reID/query\0707_c5_f0185196.jpg,707,1,True,1,True,stayed_inside20,1,True,stayed_inside20,1,True,stayed_inside20
1164,D:\deep-person-reid\reid-data\dukemtmc-reid\DukeMTMC-reID/query\0707_c6_f0164065.jpg,707,1176,False,3950,False,stayed_outside20,867,False,stayed_outside20,2048,False,stayed_outside20
1165,D:\deep-person-reid\reid-data\dukemtmc-reid\DukeMTMC-reID/query\0709_c1_f0177555.jpg,709,617,False,780,False,stayed_outside20,721,False,stayed_outside20,1056,False,stayed_outside20
1166,D:\deep-person-reid\reid-data\dukemtmc-reid\DukeMTMC-reID/query\0709_c2_f0181744.jpg,709,1,True,5,False,stayed_inside20,1,True,stayed_inside20,1,True,stayed_inside20
1167,D:\deep-person-reid\reid-data\dukemtmc-reid\DukeMTMC-reID/query\0709_c5_f0186879.jpg,709,1,True,1,True,stayed_inside20,1,True,stayed_inside20,1,True,stayed_inside20
1168,D:\deep-person-reid\reid-data\dukemtmc-reid\DukeMTMC-reID/query\0709_c6_f0165842.jpg,709,24,False,278,False,stayed_outside20,36,False,stayed_outside20,339,False,stayed_outside20
1169,D:\deep-person-reid\reid-data\dukemtmc-reid\DukeMTMC-reID/query\0711_c1_f0176985.jpg,711,710,False,987,False,stayed_outside20,1331,False,stayed_outside20,1260,False,stayed_outside20
1170,D:\deep-person-reid\reid-data\dukemtmc-reid\DukeMTMC-reID/query\0711_c2_f0182135.jpg,711,1,True,12,False,stayed_inside20,1,True,stayed_inside20,28,False,inside20_to_outside20
1171,D:\deep-person-reid\reid-data\dukemtmc-reid\DukeMTMC-reID/query\0711_c5_f0186899.jpg,711,4,False,5,False,stayed_inside20,1,True,stayed_inside20,2,False,stayed_inside20
1172,D:\deep-person-reid\reid-data\dukemtmc-reid\DukeMTMC-reID/query\0711_c6_f0166122.jpg,711,101,False,189,False,stayed_outside20,155,False,stayed_outside20,374,False,stayed_outside20
1173,D:\deep-person-reid\reid-data\dukemtmc-reid\DukeMTMC-reID/query\0712_c1_f0177251.jpg,712,320,False,2102,False,stayed_outside20,408,False,stayed_outside20,1716,False,stayed_outside20
1174,D:\deep-person-reid\reid-data\dukemtmc-reid\DukeMTMC-reID/query\0712_c2_f0182294.jpg,712,1,True,3,False,stayed_inside20,1,True,stayed_inside20,1,True,stayed_inside20
1175,D:\deep-person-reid\reid-data\dukemtmc-reid\DukeMTMC-reID/query\0712_c5_f0186686.jpg,712,1,True,1,True,stayed_inside20,1,True,stayed_inside20,1,True,stayed_inside20
1176,D:\deep-person-reid\reid-data\dukemtmc-reid\DukeMTMC-reID/query\0712_c6_f0165928.jpg,712,79,False,708,False,stayed_outside20,68,False,stayed_outside20,1016,False,stayed_outside20
1177,D:\deep-person-reid\reid-data\dukemtmc-reid\DukeMTMC-reID/query\0717_c1_f0180377.jpg,717,24,False,40,False,stayed_outside20,119,False,stayed_outside20,229,False,stayed_outside20
1178,D:\deep-person-reid\reid-data\dukemtmc-reid\DukeMTMC-reID/query\0717_c5_f0188960.jpg,717,15,False,49,False,inside20_to_outside20,3,False,stayed_inside20,3,False,stayed_inside20
1179,D:\deep-person-reid\reid-data\dukemtmc-reid\DukeMTMC-reID/query\0717_c6_f0167712.jpg,717,331,False,1967,False,stayed_outside20,389,False,stayed_outside20,2202,False,stayed_outside20
1180,D:\deep-person-reid\reid-data\dukemtmc-reid\DukeMTMC-reID/query\0718_c1_f0181440.jpg,718,759,False,1002,False,stayed_outside20,1840,False,stayed_outside20,2416,False,stayed_outside20
1181,D:\deep-person-reid\reid-data\dukemtmc-reid\DukeMTMC-reID/query\0718_c2_f0181635.jpg,718,50,False,302,False,stayed_outside20,175,False,stayed_outside20,1565,False,stayed_outside20
1182,D:\deep-person-reid\reid-data\dukemtmc-reid\DukeMTMC-reID/query\0718_c3_f0156807.jpg,718,53,False,544,False,stayed_outside20,196,False,stayed_outside20,1176,False,stayed_outside20
1183,D:\deep-person-reid\reid-data\dukemtmc-reid\DukeMTMC-reID/query\0718_c4_f0151390.jpg,718,137,False,173,False,stayed_outside20,174,False,stayed_outside20,388,False,stayed_outside20
1184,D:\deep-person-reid\reid-data\dukemtmc-reid\DukeMTMC-reID/query\0722_c1_f0182039.jpg,722,219,False,116,False,stayed_outside20,243,False,stayed_outside20,134,False,stayed_outside20
1185,D:\deep-person-reid\reid-data\dukemtmc-reid\DukeMTMC-reID/query\0722_c2_f0186607.jpg,722,1,True,1,True,stayed_inside20,1,True,stayed_inside20,1,True,stayed_inside20
1186,D:\deep-person-reid\reid-data\dukemtmc-reid\DukeMTMC-reID/query\0722_c5_f0192213.jpg,722,3,False,2,False,stayed_inside20,1,True,stayed_inside20,1,True,stayed_inside20
1187,D:\deep-person-reid\reid-data\dukemtmc-reid\DukeMTMC-reID/query\0722_c6_f0171355.jpg,722,7,False,3,False,stayed_inside20,7,False,stayed_inside20,45,False,inside20_to_outside20
1188,D:\deep-person-reid\reid-data\dukemtmc-reid\DukeMTMC-reID/query\0726_c1_f0182271.jpg,726,52,False,190,False,stayed_outside20,62,False,stayed_outside20,196,False,stayed_outside20
1189,D:\deep-person-reid\reid-data\dukemtmc-reid\DukeMTMC-reID/query\0726_c2_f0182392.jpg,726,17,False,9,False,stayed_inside20,1,True,stayed_inside20,3,False,stayed_inside20
1190,D:\deep-person-reid\reid-data\dukemtmc-reid\DukeMTMC-reID/query\0726_c3_f0158108.jpg,726,15,False,723,False,inside20_to_outside20,20,False,stayed_inside20,1362,False,inside20_to_outside20
1191,D:\deep-person-reid\reid-data\dukemtmc-reid\DukeMTMC-reID/query\0726_c4_f0152264.jpg,726,129,False,41,False,stayed_outside20,173,False,stayed_outside20,45,False,stayed_outside20
1192,D:\deep-person-reid\reid-data\dukemtmc-reid\DukeMTMC-reID/query\0729_c1_f0183229.jpg,729,52,False,317,False,stayed_outside20,390,False,stayed_outside20,802,False,stayed_outside20
1193,D:\deep-person-reid\reid-data\dukemtmc-reid\DukeMTMC-reID/query\0729_c2_f0197943.jpg,729,1,True,1,True,stayed_inside20,1,True,stayed_inside20,1,True,stayed_inside20
1194,D:\deep-person-reid\reid-data\dukemtmc-reid\DukeMTMC-reID/query\0729_c5_f0214921.jpg,729,1,True,1,True,stayed_inside20,2,False,stayed_inside20,1,True,stayed_inside20
1195,D:\deep-person-reid\reid-data\dukemtmc-reid\DukeMTMC-reID/query\0729_c6_f0197978.jpg,729,2,False,1,True,stayed_inside20,16,False,stayed_inside20,22,False,inside20_to_outside20
1196,D:\deep-person-reid\reid-data\dukemtmc-reid\DukeMTMC-reID/query\0733_c1_f0184116.jpg,733,60,False,406,False,stayed_outside20,8,False,outside20_to_inside20,30,False,stayed_outside20
1197,D:\deep-person-reid\reid-data\dukemtmc-reid\DukeMTMC-reID/query\0733_c2_f0183841.jpg,733,1,True,1,True,stayed_inside20,1,True,stayed_inside20,1,True,stayed_inside20
1198,D:\deep-person-reid\reid-data\dukemtmc-reid\DukeMTMC-reID/query\0733_c5_f0186008.jpg,733,1,True,2,False,stayed_inside20,1,True,stayed_inside20,10,False,stayed_inside20
1199,D:\deep-person-reid\reid-data\dukemtmc-reid\DukeMTMC-reID/query\0733_c6_f0161471.jpg,733,1,True,43,False,inside20_to_outside20,1,True,stayed_inside20,12,False,stayed_inside20
1200,D:\deep-person-reid\reid-data\dukemtmc-reid\DukeMTMC-reID/query\0733_c7_f0166436.jpg,733,1,True,1,True,stayed_inside20,1,True,stayed_inside20,1,True,stayed_inside20
1201,D:\deep-person-reid\reid-data\dukemtmc-reid\DukeMTMC-reID/query\0734_c1_f0185042.jpg,734,49,False,256,False,stayed_outside20,202,False,stayed_outside20,652,False,stayed_outside20
1202,D:\deep-person-reid\reid-data\dukemtmc-reid\DukeMTMC-reID/query\0734_c2_f0185107.jpg,734,71,False,45,False,stayed_outside20,337,False,stayed_outside20,247,False,stayed_outside20
1203,D:\deep-person-reid\reid-data\dukemtmc-reid\DukeMTMC-reID/query\0736_c1_f0185189.jpg,736,1,True,1,True,stayed_inside20,1,True,stayed_inside20,1,True,stayed_inside20
1204,D:\deep-person-reid\reid-data\dukemtmc-reid\DukeMTMC-reID/query\0736_c8_f0141084.jpg,736,1,True,1,True,stayed_inside20,1,True,stayed_inside20,1,True,stayed_inside20
1205,D:\deep-person-reid\reid-data\dukemtmc-reid\DukeMTMC-reID/query\0738_c1_f0185790.jpg,738,200,False,347,False,stayed_outside20,177,False,stayed_outside20,643,False,stayed_outside20
1206,D:\deep-person-reid\reid-data\dukemtmc-reid\DukeMTMC-reID/query\0738_c2_f0185448.jpg,738,2,False,1,True,stayed_inside20,1,True,stayed_inside20,1,True,stayed_inside20
1207,D:\deep-person-reid\reid-data\dukemtmc-reid\DukeMTMC-reID/query\0738_c5_f0180062.jpg,738,497,False,249,False,stayed_outside20,173,False,stayed_outside20,109,False,stayed_outside20
1208,D:\deep-person-reid\reid-data\dukemtmc-reid\DukeMTMC-reID/query\0738_c6_f0155308.jpg,738,1,True,1,True,stayed_inside20,3,False,stayed_inside20,2,False,stayed_inside20
1209,D:\deep-person-reid\reid-data\dukemtmc-reid\DukeMTMC-reID/query\0741_c1_f0186294.jpg,741,6,False,10,False,stayed_inside20,11,False,stayed_inside20,13,False,stayed_inside20
1210,D:\deep-person-reid\reid-data\dukemtmc-reid\DukeMTMC-reID/query\0741_c2_f0186066.jpg,741,11,False,79,False,inside20_to_outside20,42,False,inside20_to_outside20,156,False,inside20_to_outside20
1211,D:\deep-person-reid\reid-data\dukemtmc-reid\DukeMTMC-reID/query\0742_c1_f0186694.jpg,742,1,True,1,True,stayed_inside20,1,True,stayed_inside20,1,True,stayed_inside20
1212,D:\deep-person-reid\reid-data\dukemtmc-reid\DukeMTMC-reID/query\0742_c5_f0195520.jpg,742,3,False,1,True,stayed_inside20,28,False,inside20_to_outside20,49,False,inside20_to_outside20
1213,D:\deep-person-reid\reid-data\dukemtmc-reid\DukeMTMC-reID/query\0742_c6_f0174632.jpg,742,1,True,1,True,stayed_inside20,1,True,stayed_inside20,1,True,stayed_inside20
1214,D:\deep-person-reid\reid-data\dukemtmc-reid\DukeMTMC-reID/query\0742_c7_f0177207.jpg,742,12,False,13,False,stayed_inside20,2,False,stayed_inside20,1,True,stayed_inside20
1215,D:\deep-person-reid\reid-data\dukemtmc-reid\DukeMTMC-reID/query\0743_c1_f0187015.jpg,743,3,False,59,False,inside20_to_outside20,17,False,stayed_inside20,470,False,inside20_to_outside20
1216,D:\deep-person-reid\reid-data\dukemtmc-reid\DukeMTMC-reID/query\0743_c2_f0186972.jpg,743,1,True,1,True,stayed_inside20,1,True,stayed_inside20,1,True,stayed_inside20
1217,D:\deep-person-reid\reid-data\dukemtmc-reid\DukeMTMC-reID/query\0743_c5_f0189133.jpg,743,26,False,25,False,stayed_outside20,22,False,stayed_outside20,13,False,outside20_to_inside20
1218,D:\deep-person-reid\reid-data\dukemtmc-reid\DukeMTMC-reID/query\0743_c6_f0165634.jpg,743,1,True,1,True,stayed_inside20,1,True,stayed_inside20,1,True,stayed_inside20
1219,D:\deep-person-reid\reid-data\dukemtmc-reid\DukeMTMC-reID/query\0746_c1_f0187681.jpg,746,1,True,4,False,stayed_inside20,1,True,stayed_inside20,1,True,stayed_inside20
1220,D:\deep-person-reid\reid-data\dukemtmc-reid\DukeMTMC-reID/query\0746_c8_f0143434.jpg,746,3,False,1,True,stayed_inside20,4,False,stayed_inside20,7,False,stayed_inside20
1221,D:\deep-person-reid\reid-data\dukemtmc-reid\DukeMTMC-reID/query\0748_c1_f0188781.jpg,748,2,False,1,True,stayed_inside20,1,True,stayed_inside20,1,True,stayed_inside20
1222,D:\deep-person-reid\reid-data\dukemtmc-reid\DukeMTMC-reID/query\0748_c2_f0193606.jpg,748,1,True,1,True,stayed_inside20,1,True,stayed_inside20,1,True,stayed_inside20
1223,D:\deep-person-reid\reid-data\dukemtmc-reid\DukeMTMC-reID/query\0748_c5_f0199513.jpg,748,1,True,1,True,stayed_inside20,1,True,stayed_inside20,1,True,stayed_inside20
1224,D:\deep-person-reid\reid-data\dukemtmc-reid\DukeMTMC-reID/query\0748_c6_f0179783.jpg,748,1,True,1,True,stayed_inside20,1,True,stayed_inside20,1,True,stayed_inside20
1225,D:\deep-person-reid\reid-data\dukemtmc-reid\DukeMTMC-reID/query\0749_c1_f0188863.jpg,749,4,False,1,True,stayed_inside20,4,False,stayed_inside20,4,False,stayed_inside20
1226,D:\deep-person-reid\reid-data\dukemtmc-reid\DukeMTMC-reID/query\0749_c2_f0194282.jpg,749,1,True,1,True,stayed_inside20,1,True,stayed_inside20,1,True,stayed_inside20
1227,D:\deep-person-reid\reid-data\dukemtmc-reid\DukeMTMC-reID/query\0749_c5_f0199170.jpg,749,1,True,1,True,stayed_inside20,1,True,stayed_inside20,1,True,stayed_inside20
1228,D:\deep-person-reid\reid-data\dukemtmc-reid\DukeMTMC-reID/query\0749_c6_f0179171.jpg,749,963,False,6380,False,stayed_outside20,630,False,stayed_outside20,7590,False,stayed_outside20
1229,D:\deep-person-reid\reid-data\dukemtmc-reid\DukeMTMC-reID/query\0750_c1_f0188299.jpg,750,361,False,617,False,stayed_outside20,918,False,stayed_outside20,2257,False,stayed_outside20
1230,D:\deep-person-reid\reid-data\dukemtmc-reid\DukeMTMC-reID/query\0750_c2_f0194213.jpg,750,1,True,1,True,stayed_inside20,1,True,stayed_inside20,1,True,stayed_inside20
1231,D:\deep-person-reid\reid-data\dukemtmc-reid\DukeMTMC-reID/query\0750_c5_f0199210.jpg,750,1,True,1,True,stayed_inside20,1,True,stayed_inside20,1,True,stayed_inside20
1232,D:\deep-person-reid\reid-data\dukemtmc-reid\DukeMTMC-reID/query\0750_c6_f0179999.jpg,750,2,False,2,False,stayed_inside20,1,True,stayed_inside20,1,True,stayed_inside20
1233,D:\deep-person-reid\reid-data\dukemtmc-reid\DukeMTMC-reID/query\0752_c1_f0188413.jpg,752,852,False,313,False,stayed_outside20,625,False,stayed_outside20,655,False,stayed_outside20
1234,D:\deep-person-reid\reid-data\dukemtmc-reid\DukeMTMC-reID/query\0752_c2_f0192518.jpg,752,406,False,343,False,stayed_outside20,321,False,stayed_outside20,549,False,stayed_outside20
1235,D:\deep-person-reid\reid-data\dukemtmc-reid\DukeMTMC-reID/query\0752_c3_f0169378.jpg,752,924,False,796,False,stayed_outside20,668,False,stayed_outside20,695,False,stayed_outside20
1236,D:\deep-person-reid\reid-data\dukemtmc-reid\DukeMTMC-reID/query\0752_c4_f0166331.jpg,752,1381,False,1425,False,stayed_outside20,1710,False,stayed_outside20,1400,False,stayed_outside20
1237,D:\deep-person-reid\reid-data\dukemtmc-reid\DukeMTMC-reID/query\0754_c1_f0188999.jpg,754,1,True,1,True,stayed_inside20,1,True,stayed_inside20,1,True,stayed_inside20
1238,D:\deep-person-reid\reid-data\dukemtmc-reid\DukeMTMC-reID/query\0754_c8_f0150030.jpg,754,1,True,1,True,stayed_inside20,1,True,stayed_inside20,1,True,stayed_inside20
1239,D:\deep-person-reid\reid-data\dukemtmc-reid\DukeMTMC-reID/query\0755_c1_f0189331.jpg,755,5,False,2,False,stayed_inside20,4,False,stayed_inside20,6,False,stayed_inside20
1240,D:\deep-person-reid\reid-data\dukemtmc-reid\DukeMTMC-reID/query\0755_c2_f0189161.jpg,755,2,False,2,False,stayed_inside20,1,True,stayed_inside20,5,False,stayed_inside20
1241,D:\deep-person-reid\reid-data\dukemtmc-reid\DukeMTMC-reID/query\0756_c1_f0189583.jpg,756,2408,False,3329,False,stayed_outside20,5360,False,stayed_outside20,9298,False,stayed_outside20
1242,D:\deep-person-reid\reid-data\dukemtmc-reid\DukeMTMC-reID/query\0756_c2_f0188508.jpg,756,337,False,348,False,stayed_outside20,235,False,stayed_outside20,252,False,stayed_outside20
1243,D:\deep-person-reid\reid-data\dukemtmc-reid\DukeMTMC-reID/query\0757_c1_f0189638.jpg,757,1,True,1,True,stayed_inside20,1,True,stayed_inside20,1,True,stayed_inside20
1244,D:\deep-person-reid\reid-data\dukemtmc-reid\DukeMTMC-reID/query\0757_c2_f0193511.jpg,757,1,True,1,True,stayed_inside20,1,True,stayed_inside20,1,True,stayed_inside20
1245,D:\deep-person-reid\reid-data\dukemtmc-reid\DukeMTMC-reID/query\0757_c5_f0197649.jpg,757,1,True,1,True,stayed_inside20,1,True,stayed_inside20,1,True,stayed_inside20
1246,D:\deep-person-reid\reid-data\dukemtmc-reid\DukeMTMC-reID/query\0757_c6_f0176371.jpg,757,2,False,1,True,stayed_inside20,1,True,stayed_inside20,1,True,stayed_inside20
1247,D:\deep-person-reid\reid-data\dukemtmc-reid\DukeMTMC-reID/query\0757_c7_f0178858.jpg,757,78,False,15,False,outside20_to_inside20,156,False,stayed_outside20,41,False,stayed_outside20
1248,D:\deep-person-reid\reid-data\dukemtmc-reid\DukeMTMC-reID/query\0758_c1_f0190129.jpg,758,2,False,7,False,stayed_inside20,3,False,stayed_inside20,2,False,stayed_inside20
1249,D:\deep-person-reid\reid-data\dukemtmc-reid\DukeMTMC-reID/query\0758_c7_f0173346.jpg,758,70,False,558,False,stayed_outside20,231,False,stayed_outside20,638,False,stayed_outside20
1250,D:\deep-person-reid\reid-data\dukemtmc-reid\DukeMTMC-reID/query\0760_c1_f0190445.jpg,760,1844,False,2045,False,stayed_outside20,969,False,stayed_outside20,1347,False,stayed_outside20
1251,D:\deep-person-reid\reid-data\dukemtmc-reid\DukeMTMC-reID/query\0760_c8_f0145895.jpg,760,3183,False,3861,False,stayed_outside20,8457,False,stayed_outside20,10739,False,stayed_outside20
1252,D:\deep-person-reid\reid-data\dukemtmc-reid\DukeMTMC-reID/query\0763_c1_f0191379.jpg,763,1143,False,8263,False,stayed_outside20,1554,False,stayed_outside20,3181,False,stayed_outside20
1253,D:\deep-person-reid\reid-data\dukemtmc-reid\DukeMTMC-reID/query\0763_c2_f0196273.jpg,763,1,True,1,True,stayed_inside20,1,True,stayed_inside20,1,True,stayed_inside20
1254,D:\deep-person-reid\reid-data\dukemtmc-reid\DukeMTMC-reID/query\0763_c3_f0173182.jpg,763,4,False,720,False,inside20_to_outside20,7,False,stayed_inside20,8,False,stayed_inside20
1255,D:\deep-person-reid\reid-data\dukemtmc-reid\DukeMTMC-reID/query\0765_c1_f0191688.jpg,765,1,True,1,True,stayed_inside20,1,True,stayed_inside20,1,True,stayed_inside20
1256,D:\deep-person-reid\reid-data\dukemtmc-reid\DukeMTMC-reID/query\0765_c2_f0195693.jpg,765,1,True,1,True,stayed_inside20,1,True,stayed_inside20,1,True,stayed_inside20
1257,D:\deep-person-reid\reid-data\dukemtmc-reid\DukeMTMC-reID/query\0765_c3_f0173201.jpg,765,2,False,1,True,stayed_inside20,1,True,stayed_inside20,1,True,stayed_inside20
1258,D:\deep-person-reid\reid-data\dukemtmc-reid\DukeMTMC-reID/query\0766_c1_f0191477.jpg,766,4,False,13,False,stayed_inside20,4,False,stayed_inside20,23,False,inside20_to_outside20
1259,D:\deep-person-reid\reid-data\dukemtmc-reid\DukeMTMC-reID/query\0766_c2_f0194175.jpg,766,1,True,1,True,stayed_inside20,1,True,stayed_inside20,1,True,stayed_inside20
1260,D:\deep-person-reid\reid-data\dukemtmc-reid\DukeMTMC-reID/query\0766_c5_f0198391.jpg,766,66,False,470,False,stayed_outside20,149,False,stayed_outside20,333,False,stayed_outside20
1261,D:\deep-person-reid\reid-data\dukemtmc-reid\DukeMTMC-reID/query\0766_c6_f0176828.jpg,766,46,False,14,False,outside20_to_inside20,28,False,stayed_outside20,23,False,stayed_outside20
1262,D:\deep-person-reid\reid-data\dukemtmc-reid\DukeMTMC-reID/query\0766_c7_f0179860.jpg,766,70,False,41,False,stayed_outside20,55,False,stayed_outside20,58,False,stayed_outside20
1263,D:\deep-person-reid\reid-data\dukemtmc-reid\DukeMTMC-reID/query\0769_c1_f0192691.jpg,769,585,False,680,False,stayed_outside20,500,False,stayed_outside20,594,False,stayed_outside20
1264,D:\deep-person-reid\reid-data\dukemtmc-reid\DukeMTMC-reID/query\0769_c2_f0192026.jpg,769,1,True,1,True,stayed_inside20,1,True,stayed_inside20,1,True,stayed_inside20
1265,D:\deep-person-reid\reid-data\dukemtmc-reid\DukeMTMC-reID/query\0769_c5_f0194505.jpg,769,1,True,1,True,stayed_inside20,1,True,stayed_inside20,1,True,stayed_inside20
1266,D:\deep-person-reid\reid-data\dukemtmc-reid\DukeMTMC-reID/query\0769_c6_f0170002.jpg,769,1,True,1,True,stayed_inside20,1,True,stayed_inside20,1,True,stayed_inside20
1267,D:\deep-person-reid\reid-data\dukemtmc-reid\DukeMTMC-reID/query\0772_c1_f0193005.jpg,772,8,False,82,False,inside20_to_outside20,13,False,stayed_inside20,51,False,inside20_to_outside20
1268,D:\deep-person-reid\reid-data\dukemtmc-reid\DukeMTMC-reID/query\0772_c2_f0193199.jpg,772,2472,False,4877,False,stayed_outside20,3305,False,stayed_outside20,6100,False,stayed_outside20
1269,D:\deep-person-reid\reid-data\dukemtmc-reid\DukeMTMC-reID/query\0773_c1_f0193290.jpg,773,187,False,1732,False,stayed_outside20,292,False,stayed_outside20,1438,False,stayed_outside20
1270,D:\deep-person-reid\reid-data\dukemtmc-reid\DukeMTMC-reID/query\0773_c2_f0198704.jpg,773,27,False,28,False,stayed_outside20,308,False,stayed_outside20,591,False,stayed_outside20
1271,D:\deep-person-reid\reid-data\dukemtmc-reid\DukeMTMC-reID/query\0775_c1_f0194544.jpg,775,1,True,7,False,stayed_inside20,9,False,stayed_inside20,16,False,stayed_inside20
1272,D:\deep-person-reid\reid-data\dukemtmc-reid\DukeMTMC-reID/query\0775_c2_f0198140.jpg,775,6,False,12,False,stayed_inside20,2,False,stayed_inside20,9,False,stayed_inside20
1273,D:\deep-person-reid\reid-data\dukemtmc-reid\DukeMTMC-reID/query\0775_c3_f0175874.jpg,775,388,False,263,False,stayed_outside20,358,False,stayed_outside20,212,False,stayed_outside20
1274,D:\deep-person-reid\reid-data\dukemtmc-reid\DukeMTMC-reID/query\0775_c4_f0173821.jpg,775,21,False,67,False,stayed_outside20,25,False,stayed_outside20,65,False,stayed_outside20
1275,D:\deep-person-reid\reid-data\dukemtmc-reid\DukeMTMC-reID/query\0777_c1_f0195309.jpg,777,17,False,40,False,inside20_to_outside20,93,False,inside20_to_outside20,149,False,inside20_to_outside20
1276,D:\deep-person-reid\reid-data\dukemtmc-reid\DukeMTMC-reID/query\0777_c2_f0199405.jpg,777,7,False,11,False,stayed_inside20,3,False,stayed_inside20,5,False,stayed_inside20
1277,D:\deep-person-reid\reid-data\dukemtmc-reid\DukeMTMC-reID/query\0777_c3_f0176760.jpg,777,8,False,10,False,stayed_inside20,8,False,stayed_inside20,157,False,inside20_to_outside20
1278,D:\deep-person-reid\reid-data\dukemtmc-reid\DukeMTMC-reID/query\0777_c4_f0174618.jpg,777,36,False,65,False,stayed_outside20,65,False,stayed_outside20,171,False,stayed_outside20
1279,D:\deep-person-reid\reid-data\dukemtmc-reid\DukeMTMC-reID/query\0781_c1_f0196318.jpg,781,1,True,1,True,stayed_inside20,1,True,stayed_inside20,1,True,stayed_inside20
1280,D:\deep-person-reid\reid-data\dukemtmc-reid\DukeMTMC-reID/query\0781_c2_f0200367.jpg,781,1,True,1,True,stayed_inside20,1,True,stayed_inside20,1,True,stayed_inside20
1281,D:\deep-person-reid\reid-data\dukemtmc-reid\DukeMTMC-reID/query\0781_c5_f0205158.jpg,781,1,True,1,True,stayed_inside20,1,True,stayed_inside20,1,True,stayed_inside20
1282,D:\deep-person-reid\reid-data\dukemtmc-reid\DukeMTMC-reID/query\0781_c6_f0184266.jpg,781,1,True,1,True,stayed_inside20,1,True,stayed_inside20,1,True,stayed_inside20
1283,D:\deep-person-reid\reid-data\dukemtmc-reid\DukeMTMC-reID/query\0786_c1_f0199087.jpg,786,80,False,122,False,stayed_outside20,173,False,stayed_outside20,513,False,stayed_outside20
1284,D:\deep-person-reid\reid-data\dukemtmc-reid\DukeMTMC-reID/query\0786_c6_f0178739.jpg,786,6,False,3,False,stayed_inside20,2,False,stayed_inside20,1,True,stayed_inside20
1285,D:\deep-person-reid\reid-data\dukemtmc-reid\DukeMTMC-reID/query\0786_c7_f0182922.jpg,786,1,True,1,True,stayed_inside20,1,True,stayed_inside20,1,True,stayed_inside20
1286,D:\deep-person-reid\reid-data\dukemtmc-reid\DukeMTMC-reID/query\0786_c8_f0156589.jpg,786,755,False,1400,False,stayed_outside20,1197,False,stayed_outside20,2330,False,stayed_outside20
1287,D:\deep-person-reid\reid-data\dukemtmc-reid\DukeMTMC-reID/query\0787_c1_f0199071.jpg,787,5,False,7,False,stayed_inside20,1,True,stayed_inside20,15,False,stayed_inside20
1288,D:\deep-person-reid\reid-data\dukemtmc-reid\DukeMTMC-reID/query\0787_c8_f0155739.jpg,787,302,False,526,False,stayed_outside20,1508,False,stayed_outside20,913,False,stayed_outside20
1289,D:\deep-person-reid\reid-data\dukemtmc-reid\DukeMTMC-reID/query\0788_c1_f0199532.jpg,788,13,False,38,False,inside20_to_outside20,20,False,stayed_inside20,13,False,stayed_inside20
1290,D:\deep-person-reid\reid-data\dukemtmc-reid\DukeMTMC-reID/query\0788_c2_f0200573.jpg,788,73,False,161,False,stayed_outside20,200,False,stayed_outside20,313,False,stayed_outside20
1291,D:\deep-person-reid\reid-data\dukemtmc-reid\DukeMTMC-reID/query\0788_c3_f0175923.jpg,788,150,False,729,False,stayed_outside20,705,False,stayed_outside20,757,False,stayed_outside20
1292,D:\deep-person-reid\reid-data\dukemtmc-reid\DukeMTMC-reID/query\0788_c4_f0170496.jpg,788,430,False,700,False,stayed_outside20,1052,False,stayed_outside20,512,False,stayed_outside20
1293,D:\deep-person-reid\reid-data\dukemtmc-reid\DukeMTMC-reID/query\0790_c1_f0200112.jpg,790,49,False,420,False,stayed_outside20,40,False,stayed_outside20,445,False,stayed_outside20
1294,D:\deep-person-reid\reid-data\dukemtmc-reid\DukeMTMC-reID/query\0790_c2_f0199877.jpg,790,1,True,3,False,stayed_inside20,2,False,stayed_inside20,7,False,stayed_inside20
1295,D:\deep-person-reid\reid-data\dukemtmc-reid\DukeMTMC-reID/query\0790_c3_f0175572.jpg,790,2,False,8,False,stayed_inside20,9,False,stayed_inside20,12,False,stayed_inside20
1296,D:\deep-person-reid\reid-data\dukemtmc-reid\DukeMTMC-reID/query\0790_c4_f0169663.jpg,790,16,False,29,False,inside20_to_outside20,1,True,stayed_inside20,1,True,stayed_inside20
1297,D:\deep-person-reid\reid-data\dukemtmc-reid\DukeMTMC-reID/query\0791_c1_f0200160.jpg,791,272,False,948,False,stayed_outside20,503,False,stayed_outside20,967,False,stayed_outside20
1298,D:\deep-person-reid\reid-data\dukemtmc-reid\DukeMTMC-reID/query\0791_c6_f0177898.jpg,791,166,False,258,False,stayed_outside20,1,True,outside20_to_inside20,1,True,outside20_to_inside20
1299,D:\deep-person-reid\reid-data\dukemtmc-reid\DukeMTMC-reID/query\0791_c7_f0182278.jpg,791,10,False,39,False,inside20_to_outside20,8,False,stayed_inside20,2,False,stayed_inside20
1300,D:\deep-person-reid\reid-data\dukemtmc-reid\DukeMTMC-reID/query\0791_c8_f0156066.jpg,791,1831,False,1909,False,stayed_outside20,3965,False,stayed_outside20,3047,False,stayed_outside20
1301,D:\deep-person-reid\reid-data\dukemtmc-reid\DukeMTMC-reID/query\0792_c1_f0200158.jpg,792,2,False,1,True,stayed_inside20,1,True,stayed_inside20,1,True,stayed_inside20
1302,D:\deep-person-reid\reid-data\dukemtmc-reid\DukeMTMC-reID/query\0792_c8_f0156185.jpg,792,1,True,1,True,stayed_inside20,1,True,stayed_inside20,1,True,stayed_inside20
1303,D:\deep-person-reid\reid-data\dukemtmc-reid\DukeMTMC-reID/query\0794_c1_f0200202.jpg,794,835,False,807,False,stayed_outside20,1500,False,stayed_outside20,1665,False,stayed_outside20
1304,D:\deep-person-reid\reid-data\dukemtmc-reid\DukeMTMC-reID/query\0794_c2_f0204788.jpg,794,4,False,12,False,stayed_inside20,14,False,stayed_inside20,54,False,inside20_to_outside20
1305,D:\deep-person-reid\reid-data\dukemtmc-reid\DukeMTMC-reID/query\0794_c5_f0209758.jpg,794,1,True,1,True,stayed_inside20,1,True,stayed_inside20,1,True,stayed_inside20
1306,D:\deep-person-reid\reid-data\dukemtmc-reid\DukeMTMC-reID/query\0794_c6_f0189029.jpg,794,1,True,1,True,stayed_inside20,1,True,stayed_inside20,1,True,stayed_inside20
1307,D:\deep-person-reid\reid-data\dukemtmc-reid\DukeMTMC-reID/query\0804_c1_f0204340.jpg,804,124,False,835,False,stayed_outside20,174,False,stayed_outside20,523,False,stayed_outside20
1308,D:\deep-person-reid\reid-data\dukemtmc-reid\DukeMTMC-reID/query\0804_c2_f0210354.jpg,804,1,True,1,True,stayed_inside20,1,True,stayed_inside20,1,True,stayed_inside20
1309,D:\deep-person-reid\reid-data\dukemtmc-reid\DukeMTMC-reID/query\0804_c3_f0187070.jpg,804,244,False,3290,False,stayed_outside20,356,False,stayed_outside20,4487,False,stayed_outside20
1310,D:\deep-person-reid\reid-data\dukemtmc-reid\DukeMTMC-reID/query\0806_c1_f0204615.jpg,806,41,False,449,False,stayed_outside20,176,False,stayed_outside20,604,False,stayed_outside20
1311,D:\deep-person-reid\reid-data\dukemtmc-reid\DukeMTMC-reID/query\0806_c2_f0207320.jpg,806,32,False,85,False,stayed_outside20,46,False,stayed_outside20,98,False,stayed_outside20
1312,D:\deep-person-reid\reid-data\dukemtmc-reid\DukeMTMC-reID/query\0806_c3_f0184124.jpg,806,2213,False,4718,False,stayed_outside20,2605,False,stayed_outside20,7873,False,stayed_outside20
1313,D:\deep-person-reid\reid-data\dukemtmc-reid\DukeMTMC-reID/query\0806_c4_f0180979.jpg,806,214,False,670,False,stayed_outside20,269,False,stayed_outside20,535,False,stayed_outside20
1314,D:\deep-person-reid\reid-data\dukemtmc-reid\DukeMTMC-reID/query\0807_c1_f0101261.jpg,807,1175,False,2770,False,stayed_outside20,986,False,stayed_outside20,4500,False,stayed_outside20
1315,D:\deep-person-reid\reid-data\dukemtmc-reid\DukeMTMC-reID/query\0807_c8_f0058266.jpg,807,1394,False,2172,False,stayed_outside20,3123,False,stayed_outside20,4276,False,stayed_outside20
1316,D:\deep-person-reid\reid-data\dukemtmc-reid\DukeMTMC-reID/query\0809_c1_f0205438.jpg,809,1,True,1,True,stayed_inside20,1,True,stayed_inside20,1,True,stayed_inside20
1317,D:\deep-person-reid\reid-data\dukemtmc-reid\DukeMTMC-reID/query\0809_c8_f0162346.jpg,809,2,False,1,True,stayed_inside20,1,True,stayed_inside20,1,True,stayed_inside20
1318,D:\deep-person-reid\reid-data\dukemtmc-reid\DukeMTMC-reID/query\0810_c1_f0205508.jpg,810,86,False,1173,False,stayed_outside20,431,False,stayed_outside20,1461,False,stayed_outside20
1319,D:\deep-person-reid\reid-data\dukemtmc-reid\DukeMTMC-reID/query\0810_c2_f0208641.jpg,810,2850,False,2913,False,stayed_outside20,1026,False,stayed_outside20,1641,False,stayed_outside20
1320,D:\deep-person-reid\reid-data\dukemtmc-reid\DukeMTMC-reID/query\0810_c3_f0185898.jpg,810,3436,False,7806,False,stayed_outside20,3106,False,stayed_outside20,3490,False,stayed_outside20
1321,D:\deep-person-reid\reid-data\dukemtmc-reid\DukeMTMC-reID/query\0812_c1_f0205728.jpg,812,141,False,195,False,stayed_outside20,603,False,stayed_outside20,511,False,stayed_outside20
1322,D:\deep-person-reid\reid-data\dukemtmc-reid\DukeMTMC-reID/query\0812_c2_f0206282.jpg,812,2,False,33,False,inside20_to_outside20,3,False,stayed_inside20,3,False,stayed_inside20
1323,D:\deep-person-reid\reid-data\dukemtmc-reid\DukeMTMC-reID/query\0812_c5_f0208951.jpg,812,1,True,1,True,stayed_inside20,1,True,stayed_inside20,1,True,stayed_inside20
1324,D:\deep-person-reid\reid-data\dukemtmc-reid\DukeMTMC-reID/query\0812_c6_f0185313.jpg,812,1,True,1,True,stayed_inside20,1,True,stayed_inside20,1,True,stayed_inside20
1325,D:\deep-person-reid\reid-data\dukemtmc-reid\DukeMTMC-reID/query\0816_c1_f0206925.jpg,816,274,False,364,False,stayed_outside20,336,False,stayed_outside20,625,False,stayed_outside20
1326,D:\deep-person-reid\reid-data\dukemtmc-reid\DukeMTMC-reID/query\0816_c2_f0206679.jpg,816,4,False,1,True,stayed_inside20,32,False,inside20_to_outside20,64,False,inside20_to_outside20
1327,D:\deep-person-reid\reid-data\dukemtmc-reid\DukeMTMC-reID/query\0816_c3_f0182166.jpg,816,193,False,559,False,stayed_outside20,350,False,stayed_outside20,812,False,stayed_outside20
1328,D:\deep-person-reid\reid-data\dukemtmc-reid\DukeMTMC-reID/query\0816_c4_f0177057.jpg,816,457,False,928,False,stayed_outside20,1744,False,stayed_outside20,2980,False,stayed_outside20
1329,D:\deep-person-reid\reid-data\dukemtmc-reid\DukeMTMC-reID/query\0818_c1_f0208307.jpg,818,1,True,1,True,stayed_inside20,1,True,stayed_inside20,1,True,stayed_inside20
1330,D:\deep-person-reid\reid-data\dukemtmc-reid\DukeMTMC-reID/query\0818_c2_f0207925.jpg,818,1,True,1,True,stayed_inside20,1,True,stayed_inside20,1,True,stayed_inside20
1331,D:\deep-person-reid\reid-data\dukemtmc-reid\DukeMTMC-reID/query\0818_c3_f0183040.jpg,818,7,False,16,False,stayed_inside20,6,False,stayed_inside20,4,False,stayed_inside20
1332,D:\deep-person-reid\reid-data\dukemtmc-reid\DukeMTMC-reID/query\0818_c4_f0178002.jpg,818,1,True,1,True,stayed_inside20,1,True,stayed_inside20,1,True,stayed_inside20
1333,D:\deep-person-reid\reid-data\dukemtmc-reid\DukeMTMC-reID/query\0820_c1_f0209535.jpg,820,1,True,2,False,stayed_inside20,9,False,stayed_inside20,11,False,stayed_inside20
1334,D:\deep-person-reid\reid-data\dukemtmc-reid\DukeMTMC-reID/query\0820_c2_f0215254.jpg,820,5,False,4,False,stayed_inside20,11,False,stayed_inside20,9,False,stayed_inside20
1335,D:\deep-person-reid\reid-data\dukemtmc-reid\DukeMTMC-reID/query\0823_c1_f0209808.jpg,823,2,False,1,True,stayed_inside20,1,True,stayed_inside20,1,True,stayed_inside20
1336,D:\deep-person-reid\reid-data\dukemtmc-reid\DukeMTMC-reID/query\0823_c2_f0209264.jpg,823,8,False,9,False,stayed_inside20,10,False,stayed_inside20,10,False,stayed_inside20
1337,D:\deep-person-reid\reid-data\dukemtmc-reid\DukeMTMC-reID/query\0823_c3_f0184392.jpg,823,15,False,567,False,inside20_to_outside20,28,False,inside20_to_outside20,180,False,inside20_to_outside20
1338,D:\deep-person-reid\reid-data\dukemtmc-reid\DukeMTMC-reID/query\0823_c4_f0178938.jpg,823,7,False,8,False,stayed_inside20,1,True,stayed_inside20,1,True,stayed_inside20
1339,D:\deep-person-reid\reid-data\dukemtmc-reid\DukeMTMC-reID/query\0824_c1_f0210104.jpg,824,1,True,1,True,stayed_inside20,1,True,stayed_inside20,1,True,stayed_inside20
1340,D:\deep-person-reid\reid-data\dukemtmc-reid\DukeMTMC-reID/query\0824_c2_f0209733.jpg,824,2,False,2,False,stayed_inside20,2,False,stayed_inside20,2,False,stayed_inside20
1341,D:\deep-person-reid\reid-data\dukemtmc-reid\DukeMTMC-reID/query\0824_c3_f0184560.jpg,824,7,False,8,False,stayed_inside20,8,False,stayed_inside20,735,False,inside20_to_outside20
1342,D:\deep-person-reid\reid-data\dukemtmc-reid\DukeMTMC-reID/query\0824_c4_f0178586.jpg,824,1,True,1,True,stayed_inside20,1,True,stayed_inside20,1,True,stayed_inside20
1343,D:\deep-person-reid\reid-data\dukemtmc-reid\DukeMTMC-reID/query\0826_c1_f0210134.jpg,826,16,False,482,False,inside20_to_outside20,9,False,stayed_inside20,247,False,inside20_to_outside20
1344,D:\deep-person-reid\reid-data\dukemtmc-reid\DukeMTMC-reID/query\0826_c8_f0167158.jpg,826,2,False,2,False,stayed_inside20,1,True,stayed_inside20,5,False,stayed_inside20
1345,D:\deep-person-reid\reid-data\dukemtmc-reid\DukeMTMC-reID/query\0828_c1_f0211484.jpg,828,183,False,183,False,stayed_outside20,384,False,stayed_outside20,647,False,stayed_outside20
1346,D:\deep-person-reid\reid-data\dukemtmc-reid\DukeMTMC-reID/query\0828_c2_f0211498.jpg,828,2,False,1,True,stayed_inside20,3,False,stayed_inside20,1,True,stayed_inside20
1347,D:\deep-person-reid\reid-data\dukemtmc-reid\DukeMTMC-reID/query\0828_c5_f0213344.jpg,828,31,False,309,False,stayed_outside20,110,False,stayed_outside20,1150,False,stayed_outside20
1348,D:\deep-person-reid\reid-data\dukemtmc-reid\DukeMTMC-reID/query\0828_c6_f0189070.jpg,828,26,False,16,False,outside20_to_inside20,89,False,stayed_outside20,156,False,stayed_outside20
1349,D:\deep-person-reid\reid-data\dukemtmc-reid\DukeMTMC-reID/query\0830_c1_f0212261.jpg,830,3,False,2,False,stayed_inside20,18,False,stayed_inside20,28,False,inside20_to_outside20
1350,D:\deep-person-reid\reid-data\dukemtmc-reid\DukeMTMC-reID/query\0830_c2_f0216994.jpg,830,2,False,1,True,stayed_inside20,2,False,stayed_inside20,1,True,stayed_inside20
1351,D:\deep-person-reid\reid-data\dukemtmc-reid\DukeMTMC-reID/query\0830_c5_f0221428.jpg,830,1,True,5,False,stayed_inside20,1,True,stayed_inside20,1,True,stayed_inside20
1352,D:\deep-person-reid\reid-data\dukemtmc-reid\DukeMTMC-reID/query\0832_c1_f0213639.jpg,832,7,False,10,False,stayed_inside20,17,False,stayed_inside20,95,False,inside20_to_outside20
1353,D:\deep-person-reid\reid-data\dukemtmc-reid\DukeMTMC-reID/query\0832_c2_f0212573.jpg,832,1,True,1,True,stayed_inside20,1,True,stayed_inside20,1,True,stayed_inside20
1354,D:\deep-person-reid\reid-data\dukemtmc-reid\DukeMTMC-reID/query\0832_c3_f0188118.jpg,832,1065,False,972,False,stayed_outside20,1956,False,stayed_outside20,1393,False,stayed_outside20
1355,D:\deep-person-reid\reid-data\dukemtmc-reid\DukeMTMC-reID/query\0834_c1_f0215372.jpg,834,537,False,847,False,stayed_outside20,700,False,stayed_outside20,1004,False,stayed_outside20
1356,D:\deep-person-reid\reid-data\dukemtmc-reid\DukeMTMC-reID/query\0834_c2_f0215495.jpg,834,35,False,29,False,stayed_outside20,347,False,stayed_outside20,250,False,stayed_outside20
1357,D:\deep-person-reid\reid-data\dukemtmc-reid\DukeMTMC-reID/query\0834_c3_f0190667.jpg,834,215,False,1950,False,stayed_outside20,451,False,stayed_outside20,3630,False,stayed_outside20
1358,D:\deep-person-reid\reid-data\dukemtmc-reid\DukeMTMC-reID/query\0834_c4_f0184330.jpg,834,686,False,216,False,stayed_outside20,570,False,stayed_outside20,317,False,stayed_outside20
1359,D:\deep-person-reid\reid-data\dukemtmc-reid\DukeMTMC-reID/query\0838_c1_f0217646.jpg,838,179,False,403,False,stayed_outside20,139,False,stayed_outside20,373,False,stayed_outside20
1360,D:\deep-person-reid\reid-data\dukemtmc-reid\DukeMTMC-reID/query\0838_c2_f0221264.jpg,838,106,False,328,False,stayed_outside20,373,False,stayed_outside20,827,False,stayed_outside20
1361,D:\deep-person-reid\reid-data\dukemtmc-reid\DukeMTMC-reID/query\0840_c1_f0217473.jpg,840,1913,False,4755,False,stayed_outside20,2885,False,stayed_outside20,8248,False,stayed_outside20
1362,D:\deep-person-reid\reid-data\dukemtmc-reid\DukeMTMC-reID/query\0840_c6_f0193672.jpg,840,1,True,1,True,stayed_inside20,1,True,stayed_inside20,1,True,stayed_inside20
1363,D:\deep-person-reid\reid-data\dukemtmc-reid\DukeMTMC-reID/query\0840_c7_f0198477.jpg,840,3,False,1,True,stayed_inside20,2,False,stayed_inside20,1,True,stayed_inside20
1364,D:\deep-person-reid\reid-data\dukemtmc-reid\DukeMTMC-reID/query\0845_c1_f0218122.jpg,845,100,False,291,False,stayed_outside20,3,False,outside20_to_inside20,3,False,outside20_to_inside20
1365,D:\deep-person-reid\reid-data\dukemtmc-reid\DukeMTMC-reID/query\0845_c2_f0223248.jpg,845,22,False,39,False,stayed_outside20,18,False,outside20_to_inside20,1,True,outside20_to_inside20
1366,D:\deep-person-reid\reid-data\dukemtmc-reid\DukeMTMC-reID/query\0846_c1_f0218221.jpg,846,2689,False,7291,False,stayed_outside20,4294,False,stayed_outside20,9461,False,stayed_outside20
1367,D:\deep-person-reid\reid-data\dukemtmc-reid\DukeMTMC-reID/query\0846_c8_f0180744.jpg,846,108,False,458,False,stayed_outside20,606,False,stayed_outside20,1002,False,stayed_outside20
1368,D:\deep-person-reid\reid-data\dukemtmc-reid\DukeMTMC-reID/query\0847_c1_f0219017.jpg,847,1,True,1,True,stayed_inside20,1,True,stayed_inside20,1,True,stayed_inside20
1369,D:\deep-person-reid\reid-data\dukemtmc-reid\DukeMTMC-reID/query\0847_c2_f0223220.jpg,847,1,True,1,True,stayed_inside20,1,True,stayed_inside20,1,True,stayed_inside20
1370,D:\deep-person-reid\reid-data\dukemtmc-reid\DukeMTMC-reID/query\0849_c1_f0219362.jpg,849,1065,False,1413,False,stayed_outside20,2021,False,stayed_outside20,2142,False,stayed_outside20
1371,D:\deep-person-reid\reid-data\dukemtmc-reid\DukeMTMC-reID/query\0849_c2_f0218633.jpg,849,1,True,1,True,stayed_inside20,1,True,stayed_inside20,1,True,stayed_inside20
1372,D:\deep-person-reid\reid-data\dukemtmc-reid\DukeMTMC-reID/query\0849_c5_f0220887.jpg,849,3,False,1,True,stayed_inside20,1,True,stayed_inside20,1,True,stayed_inside20
1373,D:\deep-person-reid\reid-data\dukemtmc-reid\DukeMTMC-reID/query\0849_c6_f0196572.jpg,849,16,False,8,False,stayed_inside20,5,False,stayed_inside20,15,False,stayed_inside20
1374,D:\deep-person-reid\reid-data\dukemtmc-reid\DukeMTMC-reID/query\0849_c7_f0200969.jpg,849,7,False,10,False,stayed_inside20,14,False,stayed_inside20,29,False,inside20_to_outside20
1375,D:\deep-person-reid\reid-data\dukemtmc-reid\DukeMTMC-reID/query\1104_c1_f0204686.jpg,1104,966,False,3493,False,stayed_outside20,2403,False,stayed_outside20,5482,False,stayed_outside20
1376,D:\deep-person-reid\reid-data\dukemtmc-reid\DukeMTMC-reID/query\1104_c2_f0211019.jpg,1104,1,True,3,False,stayed_inside20,31,False,inside20_to_outside20,10,False,stayed_inside20
1377,D:\deep-person-reid\reid-data\dukemtmc-reid\DukeMTMC-reID/query\1104_c3_f0188453.jpg,1104,4,False,1,True,stayed_inside20,11,False,stayed_inside20,334,False,inside20_to_outside20
1378,D:\deep-person-reid\reid-data\dukemtmc-reid\DukeMTMC-reID/query\1104_c4_f0188683.jpg,1104,2,False,1,True,stayed_inside20,1,True,stayed_inside20,1,True,stayed_inside20
1379,D:\deep-person-reid\reid-data\dukemtmc-reid\DukeMTMC-reID/query\1108_c2_f0168647.jpg,1108,4,False,2,False,stayed_inside20,4,False,stayed_inside20,3,False,stayed_inside20
1380,D:\deep-person-reid\reid-data\dukemtmc-reid\DukeMTMC-reID/query\1108_c3_f0146549.jpg,1108,1,True,1,True,stayed_inside20,1,True,stayed_inside20,1,True,stayed_inside20
1381,D:\deep-person-reid\reid-data\dukemtmc-reid\DukeMTMC-reID/query\1108_c5_f0218954.jpg,1108,1,True,1,True,stayed_inside20,2,False,stayed_inside20,1,True,stayed_inside20
1382,D:\deep-person-reid\reid-data\dukemtmc-reid\DukeMTMC-reID/query\1108_c6_f0176009.jpg,1108,1,True,1,True,stayed_inside20,1,True,stayed_inside20,1,True,stayed_inside20
1383,D:\deep-person-reid\reid-data\dukemtmc-reid\DukeMTMC-reID/query\1108_c7_f0198736.jpg,1108,1,True,1,True,stayed_inside20,1,True,stayed_inside20,1,True,stayed_inside20
1384,D:\deep-person-reid\reid-data\dukemtmc-reid\DukeMTMC-reID/query\1109_c2_f0167270.jpg,1109,1,True,1,True,stayed_inside20,1,True,stayed_inside20,1,True,stayed_inside20
1385,D:\deep-person-reid\reid-data\dukemtmc-reid\DukeMTMC-reID/query\1109_c3_f0147451.jpg,1109,2,False,2,False,stayed_inside20,12,False,stayed_inside20,1,True,stayed_inside20
1386,D:\deep-person-reid\reid-data\dukemtmc-reid\DukeMTMC-reID/query\1109_c5_f0219204.jpg,1109,1,True,1,True,stayed_inside20,1,True,stayed_inside20,1,True,stayed_inside20
1387,D:\deep-person-reid\reid-data\dukemtmc-reid\DukeMTMC-reID/query\1109_c7_f0198506.jpg,1109,1,True,1,True,stayed_inside20,1,True,stayed_inside20,1,True,stayed_inside20
1388,D:\deep-person-reid\reid-data\dukemtmc-reid\DukeMTMC-reID/query\1110_c2_f0166986.jpg,1110,1,True,1,True,stayed_inside20,1,True,stayed_inside20,1,True,stayed_inside20
1389,D:\deep-person-reid\reid-data\dukemtmc-reid\DukeMTMC-reID/query\1110_c3_f0148251.jpg,1110,1,True,1,True,stayed_inside20,1,True,stayed_inside20,1,True,stayed_inside20
1390,D:\deep-person-reid\reid-data\dukemtmc-reid\DukeMTMC-reID/query\1110_c5_f0218364.jpg,1110,1,True,4,False,stayed_inside20,4,False,stayed_inside20,3,False,stayed_inside20
1391,D:\deep-person-reid\reid-data\dukemtmc-reid\DukeMTMC-reID/query\1110_c7_f0198800.jpg,1110,1,True,1,True,stayed_inside20,1,True,stayed_inside20,1,True,stayed_inside20
1392,D:\deep-person-reid\reid-data\dukemtmc-reid\DukeMTMC-reID/query\1228_c1_f0215393.jpg,1228,1,True,4,False,stayed_inside20,2,False,stayed_inside20,3,False,stayed_inside20
1393,D:\deep-person-reid\reid-data\dukemtmc-reid\DukeMTMC-reID/query\1228_c2_f0215308.jpg,1228,1,True,2,False,stayed_inside20,1,True,stayed_inside20,2,False,stayed_inside20
1394,D:\deep-person-reid\reid-data\dukemtmc-reid\DukeMTMC-reID/query\1228_c3_f0190848.jpg,1228,22,False,21,False,stayed_outside20,16,False,outside20_to_inside20,7,False,outside20_to_inside20
1395,D:\deep-person-reid\reid-data\dukemtmc-reid\DukeMTMC-reID/query\1228_c4_f0185669.jpg,1228,3,False,5,False,stayed_inside20,4,False,stayed_inside20,1,True,stayed_inside20
1396,D:\deep-person-reid\reid-data\dukemtmc-reid\DukeMTMC-reID/query\1233_c2_f0046454.jpg,1233,1,True,1,True,stayed_inside20,1,True,stayed_inside20,1,True,stayed_inside20
1397,D:\deep-person-reid\reid-data\dukemtmc-reid\DukeMTMC-reID/query\1233_c5_f0050862.jpg,1233,1,True,1,True,stayed_inside20,1,True,stayed_inside20,1,True,stayed_inside20
1398,D:\deep-person-reid\reid-data\dukemtmc-reid\DukeMTMC-reID/query\1233_c6_f0030558.jpg,1233,1,True,1,True,stayed_inside20,1,True,stayed_inside20,1,True,stayed_inside20
1399,D:\deep-person-reid\reid-data\dukemtmc-reid\DukeMTMC-reID/query\1290_c2_f0066585.jpg,1290,36,False,22,False,stayed_outside20,49,False,stayed_outside20,17,False,outside20_to_inside20
1400,D:\deep-person-reid\reid-data\dukemtmc-reid\DukeMTMC-reID/query\1290_c8_f0021912.jpg,1290,4,False,1,True,stayed_inside20,16,False,stayed_inside20,690,False,inside20_to_outside20
1401,D:\deep-person-reid\reid-data\dukemtmc-reid\DukeMTMC-reID/query\1297_c2_f0068237.jpg,1297,1,True,1,True,stayed_inside20,1,True,stayed_inside20,8,False,stayed_inside20
1402,D:\deep-person-reid\reid-data\dukemtmc-reid\DukeMTMC-reID/query\1297_c3_f0046161.jpg,1297,35,False,60,False,stayed_outside20,77,False,stayed_outside20,216,False,stayed_outside20
1403,D:\deep-person-reid\reid-data\dukemtmc-reid\DukeMTMC-reID/query\1297_c4_f0043422.jpg,1297,17,False,94,False,inside20_to_outside20,6,False,stayed_inside20,28,False,inside20_to_outside20
1404,D:\deep-person-reid\reid-data\dukemtmc-reid\DukeMTMC-reID/query\1297_c5_f0072488.jpg,1297,1,True,7,False,stayed_inside20,2,False,stayed_inside20,6,False,stayed_inside20
1405,D:\deep-person-reid\reid-data\dukemtmc-reid\DukeMTMC-reID/query\1297_c8_f0023849.jpg,1297,1,True,1,True,stayed_inside20,1,True,stayed_inside20,1,True,stayed_inside20
1406,D:\deep-person-reid\reid-data\dukemtmc-reid\DukeMTMC-reID/query\1314_c2_f0070835.jpg,1314,1,True,1,True,stayed_inside20,1,True,stayed_inside20,1,True,stayed_inside20
1407,D:\deep-person-reid\reid-data\dukemtmc-reid\DukeMTMC-reID/query\1314_c3_f0048543.jpg,1314,327,False,384,False,stayed_outside20,351,False,stayed_outside20,525,False,stayed_outside20
1408,D:\deep-person-reid\reid-data\dukemtmc-reid\DukeMTMC-reID/query\1314_c4_f0045630.jpg,1314,169,False,509,False,stayed_outside20,1141,False,stayed_outside20,796,False,stayed_outside20
1409,D:\deep-person-reid\reid-data\dukemtmc-reid\DukeMTMC-reID/query\1314_c5_f0075016.jpg,1314,56,False,91,False,stayed_outside20,179,False,stayed_outside20,296,False,stayed_outside20
1410,D:\deep-person-reid\reid-data\dukemtmc-reid\DukeMTMC-reID/query\1366_c2_f0082073.jpg,1366,1,True,1,True,stayed_inside20,1,True,stayed_inside20,1,True,stayed_inside20
1411,D:\deep-person-reid\reid-data\dukemtmc-reid\DukeMTMC-reID/query\1366_c5_f0087610.jpg,1366,1,True,1,True,stayed_inside20,1,True,stayed_inside20,1,True,stayed_inside20
1412,D:\deep-person-reid\reid-data\dukemtmc-reid\DukeMTMC-reID/query\1366_c6_f0067113.jpg,1366,2,False,1,True,stayed_inside20,2,False,stayed_inside20,1,True,stayed_inside20
1413,D:\deep-person-reid\reid-data\dukemtmc-reid\DukeMTMC-reID/query\1382_c2_f0086555.jpg,1382,1,True,4,False,stayed_inside20,1,True,stayed_inside20,1,True,stayed_inside20
1414,D:\deep-person-reid\reid-data\dukemtmc-reid\DukeMTMC-reID/query\1382_c3_f0064484.jpg,1382,2,False,6,False,stayed_inside20,2,False,stayed_inside20,2,False,stayed_inside20
1415,D:\deep-person-reid\reid-data\dukemtmc-reid\DukeMTMC-reID/query\1382_c4_f0061953.jpg,1382,1,True,1,True,stayed_inside20,1,True,stayed_inside20,1,True,stayed_inside20
1416,D:\deep-person-reid\reid-data\dukemtmc-reid\DukeMTMC-reID/query\1382_c5_f0090873.jpg,1382,1,True,1,True,stayed_inside20,2,False,stayed_inside20,1,True,stayed_inside20
1417,D:\deep-person-reid\reid-data\dukemtmc-reid\DukeMTMC-reID/query\1386_c2_f0087221.jpg,1386,45,False,43,False,stayed_outside20,24,False,stayed_outside20,21,False,stayed_outside20
1418,D:\deep-person-reid\reid-data\dukemtmc-reid\DukeMTMC-reID/query\1386_c3_f0064242.jpg,1386,2,False,7,False,stayed_inside20,1,True,stayed_inside20,17,False,stayed_inside20
1419,D:\deep-person-reid\reid-data\dukemtmc-reid\DukeMTMC-reID/query\1386_c4_f0062288.jpg,1386,130,False,272,False,stayed_outside20,469,False,stayed_outside20,428,False,stayed_outside20
1420,D:\deep-person-reid\reid-data\dukemtmc-reid\DukeMTMC-reID/query\1398_c2_f0089175.jpg,1398,34,False,66,False,stayed_outside20,10,False,outside20_to_inside20,4,False,outside20_to_inside20
1421,D:\deep-person-reid\reid-data\dukemtmc-reid\DukeMTMC-reID/query\1398_c8_f0048745.jpg,1398,76,False,115,False,stayed_outside20,85,False,stayed_outside20,89,False,stayed_outside20
1422,D:\deep-person-reid\reid-data\dukemtmc-reid\DukeMTMC-reID/query\1403_c2_f0089218.jpg,1403,4,False,2,False,stayed_inside20,2,False,stayed_inside20,1,True,stayed_inside20
1423,D:\deep-person-reid\reid-data\dukemtmc-reid\DukeMTMC-reID/query\1403_c3_f0067158.jpg,1403,1,True,1,True,stayed_inside20,2,False,stayed_inside20,2,False,stayed_inside20
1424,D:\deep-person-reid\reid-data\dukemtmc-reid\DukeMTMC-reID/query\1403_c5_f0095769.jpg,1403,1,True,1,True,stayed_inside20,1,True,stayed_inside20,1,True,stayed_inside20
1425,D:\deep-person-reid\reid-data\dukemtmc-reid\DukeMTMC-reID/query\1403_c6_f0075533.jpg,1403,2,False,6,False,stayed_inside20,3,False,stayed_inside20,2,False,stayed_inside20
1426,D:\deep-person-reid\reid-data\dukemtmc-reid\DukeMTMC-reID/query\1421_c2_f0091841.jpg,1421,1,True,1,True,stayed_inside20,1,True,stayed_inside20,1,True,stayed_inside20
1427,D:\deep-person-reid\reid-data\dukemtmc-reid\DukeMTMC-reID/query\1421_c3_f0069829.jpg,1421,46,False,85,False,stayed_outside20,76,False,stayed_outside20,146,False,stayed_outside20
1428,D:\deep-person-reid\reid-data\dukemtmc-reid\DukeMTMC-reID/query\1421_c4_f0067343.jpg,1421,1,True,1,True,stayed_inside20,1,True,stayed_inside20,1,True,stayed_inside20
1429,D:\deep-person-reid\reid-data\dukemtmc-reid\DukeMTMC-reID/query\1440_c2_f0094788.jpg,1440,1,True,1,True,stayed_inside20,1,True,stayed_inside20,1,True,stayed_inside20
1430,D:\deep-person-reid\reid-data\dukemtmc-reid\DukeMTMC-reID/query\1440_c3_f0069697.jpg,1440,15,False,139,False,inside20_to_outside20,6,False,stayed_inside20,55,False,inside20_to_outside20
1431,D:\deep-person-reid\reid-data\dukemtmc-reid\DukeMTMC-reID/query\1440_c4_f0064347.jpg,1440,3983,False,2622,False,stayed_outside20,1649,False,stayed_outside20,1223,False,stayed_outside20
1432,D:\deep-person-reid\reid-data\dukemtmc-reid\DukeMTMC-reID/query\1440_c5_f0097727.jpg,1440,1,True,5,False,stayed_inside20,1,True,stayed_inside20,1,True,stayed_inside20
1433,D:\deep-person-reid\reid-data\dukemtmc-reid\DukeMTMC-reID/query\1440_c8_f0052723.jpg,1440,1,True,4,False,stayed_inside20,1,True,stayed_inside20,2,False,stayed_inside20
1434,D:\deep-person-reid\reid-data\dukemtmc-reid\DukeMTMC-reID/query\1463_c2_f0109787.jpg,1463,1,True,1,True,stayed_inside20,1,True,stayed_inside20,1,True,stayed_inside20
1435,D:\deep-person-reid\reid-data\dukemtmc-reid\DukeMTMC-reID/query\1463_c5_f0099598.jpg,1463,1,True,1,True,stayed_inside20,1,True,stayed_inside20,1,True,stayed_inside20
1436,D:\deep-person-reid\reid-data\dukemtmc-reid\DukeMTMC-reID/query\1463_c6_f0075649.jpg,1463,1,True,2,False,stayed_inside20,5,False,stayed_inside20,3,False,stayed_inside20
1437,D:\deep-person-reid\reid-data\dukemtmc-reid\DukeMTMC-reID/query\1480_c2_f0098647.jpg,1480,1,True,29,False,inside20_to_outside20,2,False,stayed_inside20,82,False,inside20_to_outside20
1438,D:\deep-person-reid\reid-data\dukemtmc-reid\DukeMTMC-reID/query\1480_c3_f0073778.jpg,1480,1,True,2,False,stayed_inside20,1,True,stayed_inside20,1,True,stayed_inside20
1439,D:\deep-person-reid\reid-data\dukemtmc-reid\DukeMTMC-reID/query\1480_c4_f0068086.jpg,1480,3,False,1,True,stayed_inside20,2,False,stayed_inside20,2,False,stayed_inside20
1440,D:\deep-person-reid\reid-data\dukemtmc-reid\DukeMTMC-reID/query\1480_c5_f0101437.jpg,1480,3,False,9,False,stayed_inside20,2,False,stayed_inside20,68,False,inside20_to_outside20
1441,D:\deep-person-reid\reid-data\dukemtmc-reid\DukeMTMC-reID/query\1480_c8_f0056799.jpg,1480,2,False,4,False,stayed_inside20,3,False,stayed_inside20,13,False,stayed_inside20
1442,D:\deep-person-reid\reid-data\dukemtmc-reid\DukeMTMC-reID/query\1486_c2_f0099926.jpg,1486,77,False,1178,False,stayed_outside20,74,False,stayed_outside20,1331,False,stayed_outside20
1443,D:\deep-person-reid\reid-data\dukemtmc-reid\DukeMTMC-reID/query\1486_c3_f0074486.jpg,1486,194,False,1046,False,stayed_outside20,285,False,stayed_outside20,3044,False,stayed_outside20
1444,D:\deep-person-reid\reid-data\dukemtmc-reid\DukeMTMC-reID/query\1486_c4_f0069129.jpg,1486,1,True,1,True,stayed_inside20,1,True,stayed_inside20,1,True,stayed_inside20
1445,D:\deep-person-reid\reid-data\dukemtmc-reid\DukeMTMC-reID/query\1487_c2_f0099808.jpg,1487,50,False,13,False,outside20_to_inside20,43,False,stayed_outside20,15,False,outside20_to_inside20
1446,D:\deep-person-reid\reid-data\dukemtmc-reid\DukeMTMC-reID/query\1487_c3_f0075077.jpg,1487,554,False,1398,False,stayed_outside20,1326,False,stayed_outside20,4685,False,stayed_outside20
1447,D:\deep-person-reid\reid-data\dukemtmc-reid\DukeMTMC-reID/query\1487_c4_f0068564.jpg,1487,412,False,236,False,stayed_outside20,132,False,stayed_outside20,96,False,stayed_outside20
1448,D:\deep-person-reid\reid-data\dukemtmc-reid\DukeMTMC-reID/query\1489_c2_f0100072.jpg,1489,1,True,1,True,stayed_inside20,1,True,stayed_inside20,1,True,stayed_inside20
1449,D:\deep-person-reid\reid-data\dukemtmc-reid\DukeMTMC-reID/query\1489_c8_f0055188.jpg,1489,16,False,808,False,inside20_to_outside20,6,False,stayed_inside20,5,False,stayed_inside20
1450,D:\deep-person-reid\reid-data\dukemtmc-reid\DukeMTMC-reID/query\1490_c2_f0099738.jpg,1490,1,True,1,True,stayed_inside20,1,True,stayed_inside20,6,False,stayed_inside20
1451,D:\deep-person-reid\reid-data\dukemtmc-reid\DukeMTMC-reID/query\1490_c3_f0074655.jpg,1490,86,False,484,False,stayed_outside20,5,False,outside20_to_inside20,5,False,outside20_to_inside20
1452,D:\deep-person-reid\reid-data\dukemtmc-reid\DukeMTMC-reID/query\1518_c2_f0103260.jpg,1518,3,False,6,False,stayed_inside20,22,False,inside20_to_outside20,87,False,inside20_to_outside20
1453,D:\deep-person-reid\reid-data\dukemtmc-reid\DukeMTMC-reID/query\1518_c3_f0077661.jpg,1518,60,False,362,False,stayed_outside20,144,False,stayed_outside20,842,False,stayed_outside20
1454,D:\deep-person-reid\reid-data\dukemtmc-reid\DukeMTMC-reID/query\1518_c4_f0072264.jpg,1518,202,False,199,False,stayed_outside20,536,False,stayed_outside20,760,False,stayed_outside20
1455,D:\deep-person-reid\reid-data\dukemtmc-reid\DukeMTMC-reID/query\1518_c5_f0105880.jpg,1518,2,False,8,False,stayed_inside20,1,True,stayed_inside20,7,False,stayed_inside20
1456,D:\deep-person-reid\reid-data\dukemtmc-reid\DukeMTMC-reID/query\1555_c2_f0108163.jpg,1555,28,False,93,False,stayed_outside20,2,False,outside20_to_inside20,1,True,outside20_to_inside20
1457,D:\deep-person-reid\reid-data\dukemtmc-reid\DukeMTMC-reID/query\1555_c3_f0085478.jpg,1555,2,False,3,False,stayed_inside20,5,False,stayed_inside20,2,False,stayed_inside20
1458,D:\deep-person-reid\reid-data\dukemtmc-reid\DukeMTMC-reID/query\1555_c4_f0083410.jpg,1555,25,False,128,False,stayed_outside20,118,False,stayed_outside20,796,False,stayed_outside20
1459,D:\deep-person-reid\reid-data\dukemtmc-reid\DukeMTMC-reID/query\1555_c5_f0080649.jpg,1555,1,True,1,True,stayed_inside20,2,False,stayed_inside20,1,True,stayed_inside20
1460,D:\deep-person-reid\reid-data\dukemtmc-reid\DukeMTMC-reID/query\1555_c6_f0056742.jpg,1555,1,True,1,True,stayed_inside20,1,True,stayed_inside20,1,True,stayed_inside20
1461,D:\deep-person-reid\reid-data\dukemtmc-reid\DukeMTMC-reID/query\1585_c2_f0114282.jpg,1585,1,True,1,True,stayed_inside20,1,True,stayed_inside20,13,False,stayed_inside20
1462,D:\deep-person-reid\reid-data\dukemtmc-reid\DukeMTMC-reID/query\1585_c8_f0068227.jpg,1585,1,True,1,True,stayed_inside20,2,False,stayed_inside20,5,False,stayed_inside20
1463,D:\deep-person-reid\reid-data\dukemtmc-reid\DukeMTMC-reID/query\1586_c2_f0113071.jpg,1586,6,False,6,False,stayed_inside20,13,False,stayed_inside20,19,False,stayed_inside20
1464,D:\deep-person-reid\reid-data\dukemtmc-reid\DukeMTMC-reID/query\1586_c3_f0090661.jpg,1586,1,True,1,True,stayed_inside20,1,True,stayed_inside20,1,True,stayed_inside20
1465,D:\deep-person-reid\reid-data\dukemtmc-reid\DukeMTMC-reID/query\1586_c4_f0088680.jpg,1586,12,False,17,False,stayed_inside20,1,True,stayed_inside20,1,True,stayed_inside20
1466,D:\deep-person-reid\reid-data\dukemtmc-reid\DukeMTMC-reID/query\1598_c2_f0114536.jpg,1598,1521,False,714,False,stayed_outside20,5862,False,stayed_outside20,1496,False,stayed_outside20
1467,D:\deep-person-reid\reid-data\dukemtmc-reid\DukeMTMC-reID/query\1598_c3_f0089953.jpg,1598,923,False,760,False,stayed_outside20,535,False,stayed_outside20,128,False,stayed_outside20
1468,D:\deep-person-reid\reid-data\dukemtmc-reid\DukeMTMC-reID/query\1626_c2_f0120806.jpg,1626,179,False,197,False,stayed_outside20,106,False,stayed_outside20,70,False,stayed_outside20
1469,D:\deep-person-reid\reid-data\dukemtmc-reid\DukeMTMC-reID/query\1626_c3_f0097579.jpg,1626,4,False,49,False,inside20_to_outside20,2,False,stayed_inside20,6,False,stayed_inside20
1470,D:\deep-person-reid\reid-data\dukemtmc-reid\DukeMTMC-reID/query\1626_c4_f0095658.jpg,1626,25,False,59,False,stayed_outside20,61,False,stayed_outside20,130,False,stayed_outside20
1471,D:\deep-person-reid\reid-data\dukemtmc-reid\DukeMTMC-reID/query\1635_c2_f0121328.jpg,1635,5,False,9,False,stayed_inside20,9,False,stayed_inside20,43,False,inside20_to_outside20
1472,D:\deep-person-reid\reid-data\dukemtmc-reid\DukeMTMC-reID/query\1635_c3_f0096207.jpg,1635,32,False,213,False,stayed_outside20,75,False,stayed_outside20,308,False,stayed_outside20
1473,D:\deep-person-reid\reid-data\dukemtmc-reid\DukeMTMC-reID/query\1635_c4_f0091041.jpg,1635,301,False,233,False,stayed_outside20,737,False,stayed_outside20,516,False,stayed_outside20
1474,D:\deep-person-reid\reid-data\dukemtmc-reid\DukeMTMC-reID/query\1635_c5_f0124072.jpg,1635,1,True,1,True,stayed_inside20,1,True,stayed_inside20,1,True,stayed_inside20
1475,D:\deep-person-reid\reid-data\dukemtmc-reid\DukeMTMC-reID/query\1642_c2_f0123305.jpg,1642,1,True,1,True,stayed_inside20,1,True,stayed_inside20,1,True,stayed_inside20
1476,D:\deep-person-reid\reid-data\dukemtmc-reid\DukeMTMC-reID/query\1642_c3_f0101242.jpg,1642,259,False,238,False,stayed_outside20,341,False,stayed_outside20,299,False,stayed_outside20
1477,D:\deep-person-reid\reid-data\dukemtmc-reid\DukeMTMC-reID/query\1642_c4_f0099114.jpg,1642,2,False,1,True,stayed_inside20,3,False,stayed_inside20,9,False,stayed_inside20
1478,D:\deep-person-reid\reid-data\dukemtmc-reid\DukeMTMC-reID/query\1642_c5_f0127684.jpg,1642,1,True,1,True,stayed_inside20,1,True,stayed_inside20,1,True,stayed_inside20
1479,D:\deep-person-reid\reid-data\dukemtmc-reid\DukeMTMC-reID/query\1699_c2_f0131613.jpg,1699,1,True,1,True,stayed_inside20,1,True,stayed_inside20,1,True,stayed_inside20
1480,D:\deep-person-reid\reid-data\dukemtmc-reid\DukeMTMC-reID/query\1699_c3_f0109277.jpg,1699,109,False,123,False,stayed_outside20,29,False,stayed_outside20,74,False,stayed_outside20
1481,D:\deep-person-reid\reid-data\dukemtmc-reid\DukeMTMC-reID/query\1699_c4_f0106406.jpg,1699,1,True,2,False,stayed_inside20,1,True,stayed_inside20,1,True,stayed_inside20
1482,D:\deep-person-reid\reid-data\dukemtmc-reid\DukeMTMC-reID/query\1723_c2_f0135677.jpg,1723,2,False,9,False,stayed_inside20,1,True,stayed_inside20,9,False,stayed_inside20
1483,D:\deep-person-reid\reid-data\dukemtmc-reid\DukeMTMC-reID/query\1723_c3_f0113500.jpg,1723,1,True,1,True,stayed_inside20,1,True,stayed_inside20,1,True,stayed_inside20
1484,D:\deep-person-reid\reid-data\dukemtmc-reid\DukeMTMC-reID/query\1723_c4_f0111106.jpg,1723,2,False,7,False,stayed_inside20,1,True,stayed_inside20,2,False,stayed_inside20
1485,D:\deep-person-reid\reid-data\dukemtmc-reid\DukeMTMC-reID/query\1723_c5_f0140278.jpg,1723,1,True,1,True,stayed_inside20,1,True,stayed_inside20,1,True,stayed_inside20
1486,D:\deep-person-reid\reid-data\dukemtmc-reid\DukeMTMC-reID/query\1724_c2_f0136153.jpg,1724,3,False,3,False,stayed_inside20,1,True,stayed_inside20,1,True,stayed_inside20
1487,D:\deep-person-reid\reid-data\dukemtmc-reid\DukeMTMC-reID/query\1724_c3_f0111386.jpg,1724,1,True,1,True,stayed_inside20,1,True,stayed_inside20,1,True,stayed_inside20
1488,D:\deep-person-reid\reid-data\dukemtmc-reid\DukeMTMC-reID/query\1724_c4_f0105859.jpg,1724,2060,False,1155,False,stayed_outside20,1619,False,stayed_outside20,1787,False,stayed_outside20
1489,D:\deep-person-reid\reid-data\dukemtmc-reid\DukeMTMC-reID/query\1725_c2_f0135814.jpg,1725,30,False,72,False,stayed_outside20,49,False,stayed_outside20,86,False,stayed_outside20
1490,D:\deep-person-reid\reid-data\dukemtmc-reid\DukeMTMC-reID/query\1725_c3_f0113300.jpg,1725,6,False,11,False,stayed_inside20,3,False,stayed_inside20,30,False,inside20_to_outside20
1491,D:\deep-person-reid\reid-data\dukemtmc-reid\DukeMTMC-reID/query\1725_c4_f0110869.jpg,1725,1,True,1,True,stayed_inside20,2,False,stayed_inside20,3,False,stayed_inside20
1492,D:\deep-person-reid\reid-data\dukemtmc-reid\DukeMTMC-reID/query\1745_c2_f0142252.jpg,1745,1,True,1,True,stayed_inside20,1,True,stayed_inside20,1,True,stayed_inside20
1493,D:\deep-person-reid\reid-data\dukemtmc-reid\DukeMTMC-reID/query\1745_c3_f0119917.jpg,1745,1,True,1,True,stayed_inside20,1,True,stayed_inside20,1,True,stayed_inside20
1494,D:\deep-person-reid\reid-data\dukemtmc-reid\DukeMTMC-reID/query\1745_c4_f0117472.jpg,1745,1,True,1,True,stayed_inside20,1,True,stayed_inside20,1,True,stayed_inside20
1495,D:\deep-person-reid\reid-data\dukemtmc-reid\DukeMTMC-reID/query\1745_c5_f0146627.jpg,1745,1,True,1,True,stayed_inside20,1,True,stayed_inside20,1,True,stayed_inside20
1496,D:\deep-person-reid\reid-data\dukemtmc-reid\DukeMTMC-reID/query\1749_c2_f0142828.jpg,1749,827,False,3870,False,stayed_outside20,538,False,stayed_outside20,2361,False,stayed_outside20
1497,D:\deep-person-reid\reid-data\dukemtmc-reid\DukeMTMC-reID/query\1749_c3_f0120561.jpg,1749,292,False,1702,False,stayed_outside20,172,False,stayed_outside20,899,False,stayed_outside20
1498,D:\deep-person-reid\reid-data\dukemtmc-reid\DukeMTMC-reID/query\1749_c4_f0118286.jpg,1749,163,False,61,False,stayed_outside20,34,False,stayed_outside20,7,False,outside20_to_inside20
1499,D:\deep-person-reid\reid-data\dukemtmc-reid\DukeMTMC-reID/query\1749_c5_f0147288.jpg,1749,1,True,1,True,stayed_inside20,1,True,stayed_inside20,1,True,stayed_inside20
1500,D:\deep-person-reid\reid-data\dukemtmc-reid\DukeMTMC-reID/query\1750_c2_f0143315.jpg,1750,372,False,997,False,stayed_outside20,860,False,stayed_outside20,2837,False,stayed_outside20
1501,D:\deep-person-reid\reid-data\dukemtmc-reid\DukeMTMC-reID/query\1750_c3_f0118508.jpg,1750,372,False,742,False,stayed_outside20,591,False,stayed_outside20,1331,False,stayed_outside20
1502,D:\deep-person-reid\reid-data\dukemtmc-reid\DukeMTMC-reID/query\1750_c4_f0113868.jpg,1750,621,False,364,False,stayed_outside20,2510,False,stayed_outside20,1062,False,stayed_outside20
1503,D:\deep-person-reid\reid-data\dukemtmc-reid\DukeMTMC-reID/query\1758_c2_f0148110.jpg,1758,4872,False,6360,False,stayed_outside20,4391,False,stayed_outside20,5146,False,stayed_outside20
1504,D:\deep-person-reid\reid-data\dukemtmc-reid\DukeMTMC-reID/query\1758_c3_f0125662.jpg,1758,114,False,629,False,stayed_outside20,457,False,stayed_outside20,791,False,stayed_outside20
1505,D:\deep-person-reid\reid-data\dukemtmc-reid\DukeMTMC-reID/query\1758_c4_f0123065.jpg,1758,171,False,644,False,stayed_outside20,542,False,stayed_outside20,750,False,stayed_outside20
1506,D:\deep-person-reid\reid-data\dukemtmc-reid\DukeMTMC-reID/query\1758_c5_f0152553.jpg,1758,1,True,1,True,stayed_inside20,3,False,stayed_inside20,13,False,stayed_inside20
1507,D:\deep-person-reid\reid-data\dukemtmc-reid\DukeMTMC-reID/query\1766_c2_f0150423.jpg,1766,1,True,1,True,stayed_inside20,1,True,stayed_inside20,1,True,stayed_inside20
1508,D:\deep-person-reid\reid-data\dukemtmc-reid\DukeMTMC-reID/query\1766_c3_f0127601.jpg,1766,1,True,1,True,stayed_inside20,1,True,stayed_inside20,1,True,stayed_inside20
1509,D:\deep-person-reid\reid-data\dukemtmc-reid\DukeMTMC-reID/query\1766_c5_f0155362.jpg,1766,1,True,1,True,stayed_inside20,1,True,stayed_inside20,1,True,stayed_inside20
1510,D:\deep-person-reid\reid-data\dukemtmc-reid\DukeMTMC-reID/query\1766_c6_f0134562.jpg,1766,1,True,1,True,stayed_inside20,1,True,stayed_inside20,1,True,stayed_inside20
1511,D:\deep-person-reid\reid-data\dukemtmc-reid\DukeMTMC-reID/query\1775_c2_f0153898.jpg,1775,1,True,1,True,stayed_inside20,1,True,stayed_inside20,1,True,stayed_inside20
1512,D:\deep-person-reid\reid-data\dukemtmc-reid\DukeMTMC-reID/query\1775_c5_f0156477.jpg,1775,1,True,1,True,stayed_inside20,1,True,stayed_inside20,1,True,stayed_inside20
1513,D:\deep-person-reid\reid-data\dukemtmc-reid\DukeMTMC-reID/query\1775_c6_f0132667.jpg,1775,140,False,1165,False,stayed_outside20,125,False,stayed_outside20,1690,False,stayed_outside20
1514,D:\deep-person-reid\reid-data\dukemtmc-reid\DukeMTMC-reID/query\1782_c2_f0155617.jpg,1782,201,False,855,False,stayed_outside20,254,False,stayed_outside20,531,False,stayed_outside20
1515,D:\deep-person-reid\reid-data\dukemtmc-reid\DukeMTMC-reID/query\1782_c8_f0111215.jpg,1782,926,False,2043,False,stayed_outside20,993,False,stayed_outside20,3761,False,stayed_outside20
1516,D:\deep-person-reid\reid-data\dukemtmc-reid\DukeMTMC-reID/query\1784_c2_f0155962.jpg,1784,19,False,436,False,inside20_to_outside20,3,False,stayed_inside20,21,False,inside20_to_outside20
1517,D:\deep-person-reid\reid-data\dukemtmc-reid\DukeMTMC-reID/query\1784_c3_f0131286.jpg,1784,527,False,5286,False,stayed_outside20,588,False,stayed_outside20,3118,False,stayed_outside20
1518,D:\deep-person-reid\reid-data\dukemtmc-reid\DukeMTMC-reID/query\1785_c2_f0160032.jpg,1785,1,True,1,True,stayed_inside20,1,True,stayed_inside20,1,True,stayed_inside20
1519,D:\deep-person-reid\reid-data\dukemtmc-reid\DukeMTMC-reID/query\1785_c3_f0130901.jpg,1785,1,True,1,True,stayed_inside20,5,False,stayed_inside20,2,False,stayed_inside20
1520,D:\deep-person-reid\reid-data\dukemtmc-reid\DukeMTMC-reID/query\1785_c4_f0123797.jpg,1785,1,True,1,True,stayed_inside20,2,False,stayed_inside20,2,False,stayed_inside20
1521,D:\deep-person-reid\reid-data\dukemtmc-reid\DukeMTMC-reID/query\1785_c5_f0165256.jpg,1785,1,True,1,True,stayed_inside20,1,True,stayed_inside20,1,True,stayed_inside20
1522,D:\deep-person-reid\reid-data\dukemtmc-reid\DukeMTMC-reID/query\1785_c8_f0176502.jpg,1785,1,True,1,True,stayed_inside20,1,True,stayed_inside20,1,True,stayed_inside20
1523,D:\deep-person-reid\reid-data\dukemtmc-reid\DukeMTMC-reID/query\1788_c2_f0156485.jpg,1788,1,True,4,False,stayed_inside20,1,True,stayed_inside20,3,False,stayed_inside20
1524,D:\deep-person-reid\reid-data\dukemtmc-reid\DukeMTMC-reID/query\1788_c3_f0131192.jpg,1788,49,False,145,False,stayed_outside20,93,False,stayed_outside20,256,False,stayed_outside20
1525,D:\deep-person-reid\reid-data\dukemtmc-reid\DukeMTMC-reID/query\1788_c5_f0159274.jpg,1788,1,True,1,True,stayed_inside20,1,True,stayed_inside20,1,True,stayed_inside20
1526,D:\deep-person-reid\reid-data\dukemtmc-reid\DukeMTMC-reID/query\1790_c2_f0156804.jpg,1790,6,False,3,False,stayed_inside20,5,False,stayed_inside20,22,False,inside20_to_outside20
1527,D:\deep-person-reid\reid-data\dukemtmc-reid\DukeMTMC-reID/query\1790_c3_f0135279.jpg,1790,11,False,39,False,inside20_to_outside20,42,False,inside20_to_outside20,80,False,inside20_to_outside20
1528,D:\deep-person-reid\reid-data\dukemtmc-reid\DukeMTMC-reID/query\1790_c4_f0133614.jpg,1790,110,False,117,False,stayed_outside20,3,False,outside20_to_inside20,1,True,outside20_to_inside20
1529,D:\deep-person-reid\reid-data\dukemtmc-reid\DukeMTMC-reID/query\1790_c5_f0161442.jpg,1790,2,False,1,True,stayed_inside20,3,False,stayed_inside20,1,True,stayed_inside20
1530,D:\deep-person-reid\reid-data\dukemtmc-reid\DukeMTMC-reID/query\1811_c2_f0160032.jpg,1811,3316,False,7231,False,stayed_outside20,2091,False,stayed_outside20,5480,False,stayed_outside20
1531,D:\deep-person-reid\reid-data\dukemtmc-reid\DukeMTMC-reID/query\1811_c3_f0135556.jpg,1811,12,False,386,False,inside20_to_outside20,25,False,inside20_to_outside20,201,False,inside20_to_outside20
1532,D:\deep-person-reid\reid-data\dukemtmc-reid\DukeMTMC-reID/query\1811_c4_f0130245.jpg,1811,2,False,2,False,stayed_inside20,1,True,stayed_inside20,1,True,stayed_inside20
1533,D:\deep-person-reid\reid-data\dukemtmc-reid\DukeMTMC-reID/query\1834_c2_f0162981.jpg,1834,1,True,1,True,stayed_inside20,1,True,stayed_inside20,1,True,stayed_inside20
1534,D:\deep-person-reid\reid-data\dukemtmc-reid\DukeMTMC-reID/query\1834_c3_f0137933.jpg,1834,3,False,1,True,stayed_inside20,3,False,stayed_inside20,1,True,stayed_inside20
1535,D:\deep-person-reid\reid-data\dukemtmc-reid\DukeMTMC-reID/query\1834_c4_f0132534.jpg,1834,1,True,1,True,stayed_inside20,1,True,stayed_inside20,1,True,stayed_inside20
1536,D:\deep-person-reid\reid-data\dukemtmc-reid\DukeMTMC-reID/query\1834_c5_f0165887.jpg,1834,1,True,1,True,stayed_inside20,1,True,stayed_inside20,1,True,stayed_inside20
1537,D:\deep-person-reid\reid-data\dukemtmc-reid\DukeMTMC-reID/query\1834_c8_f0120700.jpg,1834,1,True,1,True,stayed_inside20,1,True,stayed_inside20,1,True,stayed_inside20
1538,D:\deep-person-reid\reid-data\dukemtmc-reid\DukeMTMC-reID/query\1893_c2_f0172551.jpg,1893,1,True,1,True,stayed_inside20,1,True,stayed_inside20,1,True,stayed_inside20
1539,D:\deep-person-reid\reid-data\dukemtmc-reid\DukeMTMC-reID/query\1893_c3_f0148043.jpg,1893,2,False,2,False,stayed_inside20,4,False,stayed_inside20,1,True,stayed_inside20
1540,D:\deep-person-reid\reid-data\dukemtmc-reid\DukeMTMC-reID/query\1893_c5_f0174479.jpg,1893,1,True,1,True,stayed_inside20,1,True,stayed_inside20,1,True,stayed_inside20
1541,D:\deep-person-reid\reid-data\dukemtmc-reid\DukeMTMC-reID/query\1893_c6_f0150822.jpg,1893,8,False,50,False,inside20_to_outside20,30,False,inside20_to_outside20,87,False,inside20_to_outside20
1542,D:\deep-person-reid\reid-data\dukemtmc-reid\DukeMTMC-reID/query\1901_c2_f0174281.jpg,1901,133,False,185,False,stayed_outside20,394,False,stayed_outside20,385,False,stayed_outside20
1543,D:\deep-person-reid\reid-data\dukemtmc-reid\DukeMTMC-reID/query\1901_c3_f0149823.jpg,1901,157,False,643,False,stayed_outside20,161,False,stayed_outside20,688,False,stayed_outside20
1544,D:\deep-person-reid\reid-data\dukemtmc-reid\DukeMTMC-reID/query\1901_c4_f0145200.jpg,1901,63,False,31,False,stayed_outside20,16,False,outside20_to_inside20,27,False,stayed_outside20
1545,D:\deep-person-reid\reid-data\dukemtmc-reid\DukeMTMC-reID/query\2001_c2_f0205882.jpg,2001,1,True,10,False,stayed_inside20,1,True,stayed_inside20,2,False,stayed_inside20
1546,D:\deep-person-reid\reid-data\dukemtmc-reid\DukeMTMC-reID/query\2001_c3_f0183632.jpg,2001,364,False,561,False,stayed_outside20,415,False,stayed_outside20,275,False,stayed_outside20
1547,D:\deep-person-reid\reid-data\dukemtmc-reid\DukeMTMC-reID/query\2001_c5_f0210306.jpg,2001,1,True,9,False,stayed_inside20,1,True,stayed_inside20,2,False,stayed_inside20
1548,D:\deep-person-reid\reid-data\dukemtmc-reid\DukeMTMC-reID/query\2012_c2_f0208386.jpg,2012,1,True,4,False,stayed_inside20,1,True,stayed_inside20,1,True,stayed_inside20
1549,D:\deep-person-reid\reid-data\dukemtmc-reid\DukeMTMC-reID/query\2012_c3_f0185988.jpg,2012,1236,False,812,False,stayed_outside20,956,False,stayed_outside20,827,False,stayed_outside20
1550,D:\deep-person-reid\reid-data\dukemtmc-reid\DukeMTMC-reID/query\2012_c4_f0183415.jpg,2012,354,False,767,False,stayed_outside20,268,False,stayed_outside20,893,False,stayed_outside20
1551,D:\deep-person-reid\reid-data\dukemtmc-reid\DukeMTMC-reID/query\2023_c2_f0210412.jpg,2023,1,True,2,False,stayed_inside20,1,True,stayed_inside20,5,False,stayed_inside20
1552,D:\deep-person-reid\reid-data\dukemtmc-reid\DukeMTMC-reID/query\2023_c3_f0185641.jpg,2023,7,False,9,False,stayed_inside20,6,False,stayed_inside20,36,False,inside20_to_outside20
1553,D:\deep-person-reid\reid-data\dukemtmc-reid\DukeMTMC-reID/query\2053_c2_f0222845.jpg,2053,18,False,253,False,inside20_to_outside20,259,False,inside20_to_outside20,264,False,inside20_to_outside20
1554,D:\deep-person-reid\reid-data\dukemtmc-reid\DukeMTMC-reID/query\2053_c3_f0197416.jpg,2053,173,False,432,False,stayed_outside20,53,False,stayed_outside20,168,False,stayed_outside20
1555,D:\deep-person-reid\reid-data\dukemtmc-reid\DukeMTMC-reID/query\2053_c4_f0192069.jpg,2053,10,False,27,False,inside20_to_outside20,76,False,inside20_to_outside20,153,False,inside20_to_outside20
1556,D:\deep-person-reid\reid-data\dukemtmc-reid\DukeMTMC-reID/query\2407_c3_f0031171.jpg,2407,156,False,171,False,stayed_outside20,41,False,stayed_outside20,33,False,stayed_outside20
1557,D:\deep-person-reid\reid-data\dukemtmc-reid\DukeMTMC-reID/query\2407_c4_f0029021.jpg,2407,74,False,58,False,stayed_outside20,11,False,outside20_to_inside20,3,False,outside20_to_inside20
1558,D:\deep-person-reid\reid-data\dukemtmc-reid\DukeMTMC-reID/query\2407_c5_f0057777.jpg,2407,12,False,16,False,stayed_inside20,1,True,stayed_inside20,1,True,stayed_inside20
1559,D:\deep-person-reid\reid-data\dukemtmc-reid\DukeMTMC-reID/query\2407_c7_f0037552.jpg,2407,149,False,92,False,stayed_outside20,416,False,stayed_outside20,173,False,stayed_outside20
1560,D:\deep-person-reid\reid-data\dukemtmc-reid\DukeMTMC-reID/query\2407_c8_f0008261.jpg,2407,84,False,62,False,stayed_outside20,43,False,stayed_outside20,25,False,stayed_outside20
1561,D:\deep-person-reid\reid-data\dukemtmc-reid\DukeMTMC-reID/query\2429_c3_f0042463.jpg,2429,18,False,70,False,inside20_to_outside20,60,False,inside20_to_outside20,49,False,inside20_to_outside20
1562,D:\deep-person-reid\reid-data\dukemtmc-reid\DukeMTMC-reID/query\2429_c5_f0071158.jpg,2429,1,True,1,True,stayed_inside20,1,True,stayed_inside20,1,True,stayed_inside20
1563,D:\deep-person-reid\reid-data\dukemtmc-reid\DukeMTMC-reID/query\2429_c6_f0049670.jpg,2429,1,True,2,False,stayed_inside20,1,True,stayed_inside20,1,True,stayed_inside20
1564,D:\deep-person-reid\reid-data\dukemtmc-reid\DukeMTMC-reID/query\2454_c3_f0053049.jpg,2454,3,False,2,False,stayed_inside20,1,True,stayed_inside20,1,True,stayed_inside20
1565,D:\deep-person-reid\reid-data\dukemtmc-reid\DukeMTMC-reID/query\2454_c5_f0081511.jpg,2454,1,True,1,True,stayed_inside20,1,True,stayed_inside20,1,True,stayed_inside20
1566,D:\deep-person-reid\reid-data\dukemtmc-reid\DukeMTMC-reID/query\2454_c6_f0060381.jpg,2454,1,True,1,True,stayed_inside20,1,True,stayed_inside20,1,True,stayed_inside20
1567,D:\deep-person-reid\reid-data\dukemtmc-reid\DukeMTMC-reID/query\2470_c3_f0061821.jpg,2470,2,False,1,True,stayed_inside20,4,False,stayed_inside20,1,True,stayed_inside20
1568,D:\deep-person-reid\reid-data\dukemtmc-reid\DukeMTMC-reID/query\2470_c4_f0055665.jpg,2470,31,False,16,False,outside20_to_inside20,8,False,outside20_to_inside20,5,False,outside20_to_inside20
1569,D:\deep-person-reid\reid-data\dukemtmc-reid\DukeMTMC-reID/query\2470_c5_f0089865.jpg,2470,1,True,2,False,stayed_inside20,1,True,stayed_inside20,4,False,stayed_inside20
1570,D:\deep-person-reid\reid-data\dukemtmc-reid\DukeMTMC-reID/query\2470_c6_f0070002.jpg,2470,11,False,26,False,inside20_to_outside20,11,False,stayed_inside20,9,False,stayed_inside20
1571,D:\deep-person-reid\reid-data\dukemtmc-reid\DukeMTMC-reID/query\2471_c3_f0061483.jpg,2471,221,False,181,False,stayed_outside20,469,False,stayed_outside20,639,False,stayed_outside20
1572,D:\deep-person-reid\reid-data\dukemtmc-reid\DukeMTMC-reID/query\2471_c4_f0055513.jpg,2471,74,False,45,False,stayed_outside20,11,False,outside20_to_inside20,4,False,outside20_to_inside20
1573,D:\deep-person-reid\reid-data\dukemtmc-reid\DukeMTMC-reID/query\2471_c5_f0089520.jpg,2471,29,False,232,False,stayed_outside20,150,False,stayed_outside20,365,False,stayed_outside20
1574,D:\deep-person-reid\reid-data\dukemtmc-reid\DukeMTMC-reID/query\2471_c6_f0069410.jpg,2471,148,False,99,False,stayed_outside20,5,False,outside20_to_inside20,5,False,outside20_to_inside20
1575,D:\deep-person-reid\reid-data\dukemtmc-reid\DukeMTMC-reID/query\2479_c3_f0064080.jpg,2479,22,False,554,False,stayed_outside20,51,False,stayed_outside20,185,False,stayed_outside20
1576,D:\deep-person-reid\reid-data\dukemtmc-reid\DukeMTMC-reID/query\2479_c4_f0058547.jpg,2479,2055,False,2612,False,stayed_outside20,1366,False,stayed_outside20,1227,False,stayed_outside20
1577,D:\deep-person-reid\reid-data\dukemtmc-reid\DukeMTMC-reID/query\2479_c5_f0091504.jpg,2479,235,False,1134,False,stayed_outside20,649,False,stayed_outside20,517,False,stayed_outside20
1578,D:\deep-person-reid\reid-data\dukemtmc-reid\DukeMTMC-reID/query\2479_c7_f0073760.jpg,2479,113,False,493,False,stayed_outside20,2,False,outside20_to_inside20,6,False,outside20_to_inside20
1579,D:\deep-person-reid\reid-data\dukemtmc-reid\DukeMTMC-reID/query\2488_c3_f0066429.jpg,2488,1,True,1,True,stayed_inside20,7,False,stayed_inside20,68,False,inside20_to_outside20
1580,D:\deep-person-reid\reid-data\dukemtmc-reid\DukeMTMC-reID/query\2488_c4_f0064455.jpg,2488,51,False,78,False,stayed_outside20,33,False,stayed_outside20,72,False,stayed_outside20
1581,D:\deep-person-reid\reid-data\dukemtmc-reid\DukeMTMC-reID/query\2488_c5_f0093142.jpg,2488,70,False,428,False,stayed_outside20,331,False,stayed_outside20,2754,False,stayed_outside20
1582,D:\deep-person-reid\reid-data\dukemtmc-reid\DukeMTMC-reID/query\2495_c3_f0067724.jpg,2495,13,False,12,False,stayed_inside20,99,False,inside20_to_outside20,220,False,inside20_to_outside20
1583,D:\deep-person-reid\reid-data\dukemtmc-reid\DukeMTMC-reID/query\2495_c5_f0095846.jpg,2495,11,False,12,False,stayed_inside20,1,True,stayed_inside20,1,True,stayed_inside20
1584,D:\deep-person-reid\reid-data\dukemtmc-reid\DukeMTMC-reID/query\2495_c6_f0075518.jpg,2495,4003,False,3568,False,stayed_outside20,3007,False,stayed_outside20,1755,False,stayed_outside20
1585,D:\deep-person-reid\reid-data\dukemtmc-reid\DukeMTMC-reID/query\2532_c3_f0074485.jpg,2532,1,True,1,True,stayed_inside20,1,True,stayed_inside20,1,True,stayed_inside20
1586,D:\deep-person-reid\reid-data\dukemtmc-reid\DukeMTMC-reID/query\2532_c5_f0100380.jpg,2532,1,True,1,True,stayed_inside20,1,True,stayed_inside20,1,True,stayed_inside20
1587,D:\deep-person-reid\reid-data\dukemtmc-reid\DukeMTMC-reID/query\2532_c6_f0076743.jpg,2532,1,True,1,True,stayed_inside20,1,True,stayed_inside20,1,True,stayed_inside20
1588,D:\deep-person-reid\reid-data\dukemtmc-reid\DukeMTMC-reID/query\2556_c3_f0079445.jpg,2556,40,False,88,False,stayed_outside20,43,False,stayed_outside20,110,False,stayed_outside20
1589,D:\deep-person-reid\reid-data\dukemtmc-reid\DukeMTMC-reID/query\2556_c5_f0105491.jpg,2556,1,True,1,True,stayed_inside20,1,True,stayed_inside20,1,True,stayed_inside20
1590,D:\deep-person-reid\reid-data\dukemtmc-reid\DukeMTMC-reID/query\2556_c7_f0084670.jpg,2556,66,False,266,False,stayed_outside20,57,False,stayed_outside20,285,False,stayed_outside20
1591,D:\deep-person-reid\reid-data\dukemtmc-reid\DukeMTMC-reID/query\2557_c3_f0079758.jpg,2557,38,False,8,False,outside20_to_inside20,100,False,stayed_outside20,41,False,stayed_outside20
1592,D:\deep-person-reid\reid-data\dukemtmc-reid\DukeMTMC-reID/query\2557_c5_f0105275.jpg,2557,3,False,2,False,stayed_inside20,2,False,stayed_inside20,2,False,stayed_inside20
1593,D:\deep-person-reid\reid-data\dukemtmc-reid\DukeMTMC-reID/query\2557_c7_f0085259.jpg,2557,9,False,15,False,stayed_inside20,4,False,stayed_inside20,3,False,stayed_inside20
1594,D:\deep-person-reid\reid-data\dukemtmc-reid\DukeMTMC-reID/query\2573_c3_f0082109.jpg,2573,1,True,11,False,stayed_inside20,2,False,stayed_inside20,120,False,inside20_to_outside20
1595,D:\deep-person-reid\reid-data\dukemtmc-reid\DukeMTMC-reID/query\2573_c5_f0108428.jpg,2573,2,False,3,False,stayed_inside20,1,True,stayed_inside20,1,True,stayed_inside20
1596,D:\deep-person-reid\reid-data\dukemtmc-reid\DukeMTMC-reID/query\2573_c7_f0088854.jpg,2573,1,True,1,True,stayed_inside20,1,True,stayed_inside20,1,True,stayed_inside20
1597,D:\deep-person-reid\reid-data\dukemtmc-reid\DukeMTMC-reID/query\2599_c3_f0094872.jpg,2599,34,False,129,False,stayed_outside20,1,True,outside20_to_inside20,1,True,outside20_to_inside20
1598,D:\deep-person-reid\reid-data\dukemtmc-reid\DukeMTMC-reID/query\2599_c5_f0123801.jpg,2599,416,False,566,False,stayed_outside20,1388,False,stayed_outside20,1920,False,stayed_outside20
1599,D:\deep-person-reid\reid-data\dukemtmc-reid\DukeMTMC-reID/query\2599_c6_f0103275.jpg,2599,25,False,37,False,stayed_outside20,15,False,outside20_to_inside20,138,False,stayed_outside20
1600,D:\deep-person-reid\reid-data\dukemtmc-reid\DukeMTMC-reID/query\2724_c3_f0148690.jpg,2724,10,False,59,False,inside20_to_outside20,26,False,inside20_to_outside20,260,False,inside20_to_outside20
1601,D:\deep-person-reid\reid-data\dukemtmc-reid\DukeMTMC-reID/query\2724_c5_f0175396.jpg,2724,10,False,103,False,inside20_to_outside20,7,False,stayed_inside20,60,False,inside20_to_outside20
1602,D:\deep-person-reid\reid-data\dukemtmc-reid\DukeMTMC-reID/query\2724_c8_f0127496.jpg,2724,41,False,53,False,stayed_outside20,39,False,stayed_outside20,37,False,stayed_outside20
1603,D:\deep-person-reid\reid-data\dukemtmc-reid\DukeMTMC-reID/query\2736_c3_f0157657.jpg,2736,22,False,110,False,stayed_outside20,23,False,stayed_outside20,39,False,stayed_outside20
1604,D:\deep-person-reid\reid-data\dukemtmc-reid\DukeMTMC-reID/query\2736_c5_f0183581.jpg,2736,758,False,627,False,stayed_outside20,1709,False,stayed_outside20,1748,False,stayed_outside20
1605,D:\deep-person-reid\reid-data\dukemtmc-reid\DukeMTMC-reID/query\2736_c6_f0159549.jpg,2736,14,False,24,False,inside20_to_outside20,28,False,inside20_to_outside20,28,False,inside20_to_outside20
1606,D:\deep-person-reid\reid-data\dukemtmc-reid\DukeMTMC-reID/query\2754_c4_f0167000.jpg,2754,783,False,1239,False,stayed_outside20,1847,False,stayed_outside20,2711,False,stayed_outside20
1607,D:\deep-person-reid\reid-data\dukemtmc-reid\DukeMTMC-reID/query\2754_c5_f0195984.jpg,2754,19,False,24,False,inside20_to_outside20,15,False,stayed_inside20,11,False,stayed_inside20
1608,D:\deep-person-reid\reid-data\dukemtmc-reid\DukeMTMC-reID/query\2754_c6_f0171824.jpg,2754,16,False,60,False,inside20_to_outside20,23,False,inside20_to_outside20,48,False,inside20_to_outside20
1609,D:\deep-person-reid\reid-data\dukemtmc-reid\DukeMTMC-reID/query\2754_c7_f0176289.jpg,2754,292,False,702,False,stayed_outside20,645,False,stayed_outside20,609,False,stayed_outside20
1610,D:\deep-person-reid\reid-data\dukemtmc-reid\DukeMTMC-reID/query\2768_c3_f0178153.jpg,2768,969,False,2918,False,stayed_outside20,4201,False,stayed_outside20,2656,False,stayed_outside20
1611,D:\deep-person-reid\reid-data\dukemtmc-reid\DukeMTMC-reID/query\2768_c4_f0171292.jpg,2768,3,False,1,True,stayed_inside20,1,True,stayed_inside20,1,True,stayed_inside20
1612,D:\deep-person-reid\reid-data\dukemtmc-reid\DukeMTMC-reID/query\2768_c5_f0222678.jpg,2768,436,False,142,False,stayed_outside20,1383,False,stayed_outside20,354,False,stayed_outside20
1613,D:\deep-person-reid\reid-data\dukemtmc-reid\DukeMTMC-reID/query\2772_c3_f0199365.jpg,2772,5,False,15,False,stayed_inside20,15,False,stayed_inside20,25,False,inside20_to_outside20
1614,D:\deep-person-reid\reid-data\dukemtmc-reid\DukeMTMC-reID/query\2772_c4_f0171329.jpg,2772,126,False,36,False,stayed_outside20,708,False,stayed_outside20,22,False,stayed_outside20
1615,D:\deep-person-reid\reid-data\dukemtmc-reid\DukeMTMC-reID/query\2772_c5_f0222630.jpg,2772,3,False,1,True,stayed_inside20,11,False,stayed_inside20,4,False,stayed_inside20
1616,D:\deep-person-reid\reid-data\dukemtmc-reid\DukeMTMC-reID/query\2777_c3_f0181565.jpg,2777,33,False,57,False,stayed_outside20,4,False,outside20_to_inside20,10,False,outside20_to_inside20
1617,D:\deep-person-reid\reid-data\dukemtmc-reid\DukeMTMC-reID/query\2777_c5_f0209622.jpg,2777,3,False,5,False,stayed_inside20,1,True,stayed_inside20,5,False,stayed_inside20
1618,D:\deep-person-reid\reid-data\dukemtmc-reid\DukeMTMC-reID/query\2777_c6_f0188445.jpg,2777,2,False,4,False,stayed_inside20,1,True,stayed_inside20,4,False,stayed_inside20
1619,D:\deep-person-reid\reid-data\dukemtmc-reid\DukeMTMC-reID/query\2942_c4_f0029506.jpg,2942,49,False,61,False,stayed_outside20,43,False,stayed_outside20,46,False,stayed_outside20
1620,D:\deep-person-reid\reid-data\dukemtmc-reid\DukeMTMC-reID/query\2942_c5_f0067139.jpg,2942,1,True,1,True,stayed_inside20,3,False,stayed_inside20,3,False,stayed_inside20
1621,D:\deep-person-reid\reid-data\dukemtmc-reid\DukeMTMC-reID/query\2942_c6_f0047746.jpg,2942,12,False,27,False,inside20_to_outside20,27,False,inside20_to_outside20,44,False,inside20_to_outside20
1622,D:\deep-person-reid\reid-data\dukemtmc-reid\DukeMTMC-reID/query\2988_c4_f0054723.jpg,2988,1,True,1,True,stayed_inside20,1,True,stayed_inside20,1,True,stayed_inside20
1623,D:\deep-person-reid\reid-data\dukemtmc-reid\DukeMTMC-reID/query\2988_c5_f0089268.jpg,2988,1,True,1,True,stayed_inside20,1,True,stayed_inside20,1,True,stayed_inside20
1624,D:\deep-person-reid\reid-data\dukemtmc-reid\DukeMTMC-reID/query\2988_c8_f0044540.jpg,2988,1,True,1,True,stayed_inside20,1,True,stayed_inside20,1,True,stayed_inside20
1625,D:\deep-person-reid\reid-data\dukemtmc-reid\DukeMTMC-reID/query\3201_c4_f0146067.jpg,3201,1939,False,5144,False,stayed_outside20,4126,False,stayed_outside20,6061,False,stayed_outside20
1626,D:\deep-person-reid\reid-data\dukemtmc-reid\DukeMTMC-reID/query\3201_c5_f0179605.jpg,3201,1146,False,2323,False,stayed_outside20,2773,False,stayed_outside20,3212,False,stayed_outside20
1627,D:\deep-person-reid\reid-data\dukemtmc-reid\DukeMTMC-reID/query\3202_c4_f0145448.jpg,3202,3,False,4,False,stayed_inside20,57,False,inside20_to_outside20,338,False,inside20_to_outside20
1628,D:\deep-person-reid\reid-data\dukemtmc-reid\DukeMTMC-reID/query\3202_c5_f0179749.jpg,3202,2389,False,2684,False,stayed_outside20,952,False,stayed_outside20,1111,False,stayed_outside20
1629,D:\deep-person-reid\reid-data\dukemtmc-reid\DukeMTMC-reID/query\3259_c4_f0193760.jpg,3259,361,False,555,False,stayed_outside20,251,False,stayed_outside20,426,False,stayed_outside20
1630,D:\deep-person-reid\reid-data\dukemtmc-reid\DukeMTMC-reID/query\3259_c5_f0226876.jpg,3259,308,False,866,False,stayed_outside20,1096,False,stayed_outside20,3193,False,stayed_outside20
1631,D:\deep-person-reid\reid-data\dukemtmc-reid\DukeMTMC-reID/query\3335_c6_f0028756.jpg,3335,1,True,1,True,stayed_inside20,1,True,stayed_inside20,1,True,stayed_inside20
1632,D:\deep-person-reid\reid-data\dukemtmc-reid\DukeMTMC-reID/query\3335_c7_f0030973.jpg,3335,2,False,1,True,stayed_inside20,3,False,stayed_inside20,4,False,stayed_inside20
1633,D:\deep-person-reid\reid-data\dukemtmc-reid\DukeMTMC-reID/query\3353_c5_f0064343.jpg,3353,12,False,32,False,inside20_to_outside20,8,False,stayed_inside20,15,False,stayed_inside20
1634,D:\deep-person-reid\reid-data\dukemtmc-reid\DukeMTMC-reID/query\3353_c6_f0043942.jpg,3353,46,False,78,False,stayed_outside20,124,False,stayed_outside20,355,False,stayed_outside20
1635,D:\deep-person-reid\reid-data\dukemtmc-reid\DukeMTMC-reID/query\3354_c5_f0064589.jpg,3354,3,False,2,False,stayed_inside20,4,False,stayed_inside20,3,False,stayed_inside20
1636,D:\deep-person-reid\reid-data\dukemtmc-reid\DukeMTMC-reID/query\3354_c6_f0043572.jpg,3354,13,False,12,False,stayed_inside20,2,False,stayed_inside20,2,False,stayed_inside20
1637,D:\deep-person-reid\reid-data\dukemtmc-reid\DukeMTMC-reID/query\3358_c5_f0087001.jpg,3358,1,True,1,True,stayed_inside20,1,True,stayed_inside20,1,True,stayed_inside20
1638,D:\deep-person-reid\reid-data\dukemtmc-reid\DukeMTMC-reID/query\3358_c7_f0069570.jpg,3358,3,False,46,False,inside20_to_outside20,48,False,inside20_to_outside20,2234,False,inside20_to_outside20
1639,D:\deep-person-reid\reid-data\dukemtmc-reid\DukeMTMC-reID/query\3358_c8_f0043266.jpg,3358,1,True,1,True,stayed_inside20,1,True,stayed_inside20,1,True,stayed_inside20
1640,D:\deep-person-reid\reid-data\dukemtmc-reid\DukeMTMC-reID/query\3410_c5_f0084555.jpg,3410,1,True,6,False,stayed_inside20,1,True,stayed_inside20,7,False,stayed_inside20
1641,D:\deep-person-reid\reid-data\dukemtmc-reid\DukeMTMC-reID/query\3410_c6_f0064274.jpg,3410,328,False,653,False,stayed_outside20,227,False,stayed_outside20,745,False,stayed_outside20
1642,D:\deep-person-reid\reid-data\dukemtmc-reid\DukeMTMC-reID/query\3410_c8_f0035897.jpg,3410,1720,False,1507,False,stayed_outside20,1041,False,stayed_outside20,658,False,stayed_outside20
1643,D:\deep-person-reid\reid-data\dukemtmc-reid\DukeMTMC-reID/query\3446_c5_f0095876.jpg,3446,1,True,1,True,stayed_inside20,1,True,stayed_inside20,1,True,stayed_inside20
1644,D:\deep-person-reid\reid-data\dukemtmc-reid\DukeMTMC-reID/query\3446_c6_f0074839.jpg,3446,1,True,1,True,stayed_inside20,2,False,stayed_inside20,1,True,stayed_inside20
1645,D:\deep-person-reid\reid-data\dukemtmc-reid\DukeMTMC-reID/query\3446_c8_f0046676.jpg,3446,1,True,1,True,stayed_inside20,1,True,stayed_inside20,1,True,stayed_inside20
1646,D:\deep-person-reid\reid-data\dukemtmc-reid\DukeMTMC-reID/query\3495_c5_f0107184.jpg,3495,66,False,408,False,stayed_outside20,24,False,stayed_outside20,137,False,stayed_outside20
1647,D:\deep-person-reid\reid-data\dukemtmc-reid\DukeMTMC-reID/query\3495_c6_f0085748.jpg,3495,329,False,2584,False,stayed_outside20,202,False,stayed_outside20,1943,False,stayed_outside20
1648,D:\deep-person-reid\reid-data\dukemtmc-reid\DukeMTMC-reID/query\3515_c5_f0110585.jpg,3515,1,True,1,True,stayed_inside20,1,True,stayed_inside20,1,True,stayed_inside20
1649,D:\deep-person-reid\reid-data\dukemtmc-reid\DukeMTMC-reID/query\3515_c6_f0086755.jpg,3515,2,False,1,True,stayed_inside20,1,True,stayed_inside20,1,True,stayed_inside20
1650,D:\deep-person-reid\reid-data\dukemtmc-reid\DukeMTMC-reID/query\3561_c5_f0123594.jpg,3561,1,True,26,False,inside20_to_outside20,1,True,stayed_inside20,1,True,stayed_inside20
1651,D:\deep-person-reid\reid-data\dukemtmc-reid\DukeMTMC-reID/query\3561_c6_f0100189.jpg,3561,105,False,1613,False,stayed_outside20,482,False,stayed_outside20,8828,False,stayed_outside20
1652,D:\deep-person-reid\reid-data\dukemtmc-reid\DukeMTMC-reID/query\3609_c5_f0143617.jpg,3609,4,False,2,False,stayed_inside20,1,True,stayed_inside20,1,True,stayed_inside20
1653,D:\deep-person-reid\reid-data\dukemtmc-reid\DukeMTMC-reID/query\3609_c6_f0119994.jpg,3609,73,False,443,False,stayed_outside20,21,False,stayed_outside20,272,False,stayed_outside20
1654,D:\deep-person-reid\reid-data\dukemtmc-reid\DukeMTMC-reID/query\3609_c8_f0098273.jpg,3609,3766,False,8189,False,stayed_outside20,1125,False,stayed_outside20,923,False,stayed_outside20
1655,D:\deep-person-reid\reid-data\dukemtmc-reid\DukeMTMC-reID/query\3618_c5_f0148084.jpg,3618,3,False,6,False,stayed_inside20,6,False,stayed_inside20,14,False,stayed_inside20
1656,D:\deep-person-reid\reid-data\dukemtmc-reid\DukeMTMC-reID/query\3618_c6_f0127177.jpg,3618,13,False,30,False,inside20_to_outside20,9,False,stayed_inside20,19,False,stayed_inside20
1657,D:\deep-person-reid\reid-data\dukemtmc-reid\DukeMTMC-reID/query\3638_c5_f0159594.jpg,3638,217,False,1154,False,stayed_outside20,1,True,outside20_to_inside20,11,False,outside20_to_inside20
1658,D:\deep-person-reid\reid-data\dukemtmc-reid\DukeMTMC-reID/query\3638_c6_f0136119.jpg,3638,4,False,5,False,stayed_inside20,9,False,stayed_inside20,197,False,inside20_to_outside20
1659,D:\deep-person-reid\reid-data\dukemtmc-reid\DukeMTMC-reID/query\3649_c2_f0167298.jpg,3649,1,True,4,False,stayed_inside20,1,True,stayed_inside20,69,False,inside20_to_outside20
1660,D:\deep-person-reid\reid-data\dukemtmc-reid\DukeMTMC-reID/query\3649_c5_f0163946.jpg,3649,1,True,1,True,stayed_inside20,1,True,stayed_inside20,1,True,stayed_inside20
1661,D:\deep-person-reid\reid-data\dukemtmc-reid\DukeMTMC-reID/query\3649_c6_f0162972.jpg,3649,8,False,2,False,stayed_inside20,1,True,stayed_inside20,1,True,stayed_inside20
1662,D:\deep-person-reid\reid-data\dukemtmc-reid\DukeMTMC-reID/query\3649_c7_f0167398.jpg,3649,1,True,1,True,stayed_inside20,1,True,stayed_inside20,4,False,stayed_inside20
1663,D:\deep-person-reid\reid-data\dukemtmc-reid\DukeMTMC-reID/query\3664_c5_f0167874.jpg,3664,7,False,10,False,stayed_inside20,3,False,stayed_inside20,2,False,stayed_inside20
1664,D:\deep-person-reid\reid-data\dukemtmc-reid\DukeMTMC-reID/query\3664_c6_f0144061.jpg,3664,153,False,915,False,stayed_outside20,243,False,stayed_outside20,937,False,stayed_outside20
1665,D:\deep-person-reid\reid-data\dukemtmc-reid\DukeMTMC-reID/query\3674_c5_f0170132.jpg,3674,8,False,11,False,stayed_inside20,1,True,stayed_inside20,1,True,stayed_inside20
1666,D:\deep-person-reid\reid-data\dukemtmc-reid\DukeMTMC-reID/query\3674_c6_f0145967.jpg,3674,11,False,106,False,inside20_to_outside20,50,False,inside20_to_outside20,171,False,inside20_to_outside20
1667,D:\deep-person-reid\reid-data\dukemtmc-reid\DukeMTMC-reID/query\3731_c5_f0190369.jpg,3731,1,True,1,True,stayed_inside20,1,True,stayed_inside20,1,True,stayed_inside20
1668,D:\deep-person-reid\reid-data\dukemtmc-reid\DukeMTMC-reID/query\3731_c6_f0164095.jpg,3731,1,True,1,True,stayed_inside20,1,True,stayed_inside20,1,True,stayed_inside20
1669,D:\deep-person-reid\reid-data\dukemtmc-reid\DukeMTMC-reID/query\3731_c7_f0169587.jpg,3731,1,True,1,True,stayed_inside20,2,False,stayed_inside20,1,True,stayed_inside20
1670,D:\deep-person-reid\reid-data\dukemtmc-reid\DukeMTMC-reID/query\3761_c5_f0208029.jpg,3761,5,False,30,False,inside20_to_outside20,44,False,inside20_to_outside20,135,False,inside20_to_outside20
1671,D:\deep-person-reid\reid-data\dukemtmc-reid\DukeMTMC-reID/query\3761_c6_f0169189.jpg,3761,1,True,1,True,stayed_inside20,1,True,stayed_inside20,1,True,stayed_inside20
1672,D:\deep-person-reid\reid-data\dukemtmc-reid\DukeMTMC-reID/query\3763_c5_f0208701.jpg,3763,175,False,126,False,stayed_outside20,49,False,stayed_outside20,28,False,stayed_outside20
1673,D:\deep-person-reid\reid-data\dukemtmc-reid\DukeMTMC-reID/query\3763_c7_f0187845.jpg,3763,114,False,80,False,stayed_outside20,113,False,stayed_outside20,40,False,stayed_outside20
1674,D:\deep-person-reid\reid-data\dukemtmc-reid\DukeMTMC-reID/query\4055_c6_f0030761.jpg,4055,1,True,1,True,stayed_inside20,1,True,stayed_inside20,1,True,stayed_inside20
1675,D:\deep-person-reid\reid-data\dukemtmc-reid\DukeMTMC-reID/query\4055_c7_f0035925.jpg,4055,1,True,1,True,stayed_inside20,1,True,stayed_inside20,1,True,stayed_inside20
1676,D:\deep-person-reid\reid-data\dukemtmc-reid\DukeMTMC-reID/query\4055_c8_f0009654.jpg,4055,1,True,1,True,stayed_inside20,1,True,stayed_inside20,1,True,stayed_inside20
1677,D:\deep-person-reid\reid-data\dukemtmc-reid\DukeMTMC-reID/query\4057_c6_f0032975.jpg,4057,8,False,29,False,inside20_to_outside20,14,False,stayed_inside20,22,False,inside20_to_outside20
1678,D:\deep-person-reid\reid-data\dukemtmc-reid\DukeMTMC-reID/query\4057_c7_f0037727.jpg,4057,2,False,1,True,stayed_inside20,1,True,stayed_inside20,1,True,stayed_inside20
1679,D:\deep-person-reid\reid-data\dukemtmc-reid\DukeMTMC-reID/query\4057_c8_f0011362.jpg,4057,2,False,3,False,stayed_inside20,20,False,stayed_inside20,446,False,inside20_to_outside20
1680,D:\deep-person-reid\reid-data\dukemtmc-reid\DukeMTMC-reID/query\4059_c6_f0035570.jpg,4059,3,False,2,False,stayed_inside20,2,False,stayed_inside20,3,False,stayed_inside20
1681,D:\deep-person-reid\reid-data\dukemtmc-reid\DukeMTMC-reID/query\4059_c7_f0037567.jpg,4059,6,False,16,False,stayed_inside20,37,False,inside20_to_outside20,491,False,inside20_to_outside20
1682,D:\deep-person-reid\reid-data\dukemtmc-reid\DukeMTMC-reID/query\4059_c8_f0007513.jpg,4059,89,False,176,False,stayed_outside20,21,False,stayed_outside20,18,False,outside20_to_inside20
1683,D:\deep-person-reid\reid-data\dukemtmc-reid\DukeMTMC-reID/query\4060_c6_f0035171.jpg,4060,1,True,1,True,stayed_inside20,1,True,stayed_inside20,1,True,stayed_inside20
1684,D:\deep-person-reid\reid-data\dukemtmc-reid\DukeMTMC-reID/query\4060_c7_f0039850.jpg,4060,1,True,1,True,stayed_inside20,1,True,stayed_inside20,1,True,stayed_inside20
1685,D:\deep-person-reid\reid-data\dukemtmc-reid\DukeMTMC-reID/query\4060_c8_f0013397.jpg,4060,16,False,11,False,stayed_inside20,27,False,inside20_to_outside20,29,False,inside20_to_outside20
1686,D:\deep-person-reid\reid-data\dukemtmc-reid\DukeMTMC-reID/query\4062_c6_f0035774.jpg,4062,3,False,3,False,stayed_inside20,3,False,stayed_inside20,2,False,stayed_inside20
1687,D:\deep-person-reid\reid-data\dukemtmc-reid\DukeMTMC-reID/query\4062_c7_f0040298.jpg,4062,19,False,26,False,inside20_to_outside20,84,False,inside20_to_outside20,41,False,inside20_to_outside20
1688,D:\deep-person-reid\reid-data\dukemtmc-reid\DukeMTMC-reID/query\4062_c8_f0014414.jpg,4062,32,False,38,False,stayed_outside20,44,False,stayed_outside20,77,False,stayed_outside20
1689,D:\deep-person-reid\reid-data\dukemtmc-reid\DukeMTMC-reID/query\4065_c6_f0036742.jpg,4065,2,False,5,False,stayed_inside20,2,False,stayed_inside20,4,False,stayed_inside20
1690,D:\deep-person-reid\reid-data\dukemtmc-reid\DukeMTMC-reID/query\4065_c7_f0041770.jpg,4065,666,False,648,False,stayed_outside20,356,False,stayed_outside20,1202,False,stayed_outside20
1691,D:\deep-person-reid\reid-data\dukemtmc-reid\DukeMTMC-reID/query\4065_c8_f0015920.jpg,4065,1,True,1,True,stayed_inside20,1,True,stayed_inside20,1,True,stayed_inside20
1692,D:\deep-person-reid\reid-data\dukemtmc-reid\DukeMTMC-reID/query\4066_c6_f0036835.jpg,4066,9,False,8,False,stayed_inside20,7,False,stayed_inside20,5,False,stayed_inside20
1693,D:\deep-person-reid\reid-data\dukemtmc-reid\DukeMTMC-reID/query\4066_c7_f0041894.jpg,4066,1,True,1,True,stayed_inside20,4,False,stayed_inside20,2,False,stayed_inside20
1694,D:\deep-person-reid\reid-data\dukemtmc-reid\DukeMTMC-reID/query\4066_c8_f0015559.jpg,4066,588,False,898,False,stayed_outside20,2871,False,stayed_outside20,2618,False,stayed_outside20
1695,D:\deep-person-reid\reid-data\dukemtmc-reid\DukeMTMC-reID/query\4070_c6_f0038021.jpg,4070,30,False,12,False,outside20_to_inside20,9,False,outside20_to_inside20,10,False,outside20_to_inside20
1696,D:\deep-person-reid\reid-data\dukemtmc-reid\DukeMTMC-reID/query\4070_c7_f0042101.jpg,4070,1,True,1,True,stayed_inside20,1,True,stayed_inside20,1,True,stayed_inside20
1697,D:\deep-person-reid\reid-data\dukemtmc-reid\DukeMTMC-reID/query\4070_c8_f0016049.jpg,4070,4,False,2,False,stayed_inside20,19,False,stayed_inside20,27,False,inside20_to_outside20
1698,D:\deep-person-reid\reid-data\dukemtmc-reid\DukeMTMC-reID/query\4071_c6_f0038682.jpg,4071,1,True,1,True,stayed_inside20,1,True,stayed_inside20,1,True,stayed_inside20
1699,D:\deep-person-reid\reid-data\dukemtmc-reid\DukeMTMC-reID/query\4071_c7_f0040732.jpg,4071,1,True,1,True,stayed_inside20,5,False,stayed_inside20,1,True,stayed_inside20
1700,D:\deep-person-reid\reid-data\dukemtmc-reid\DukeMTMC-reID/query\4071_c8_f0010885.jpg,4071,1,True,1,True,stayed_inside20,2,False,stayed_inside20,1,True,stayed_inside20
1701,D:\deep-person-reid\reid-data\dukemtmc-reid\DukeMTMC-reID/query\4072_c6_f0038383.jpg,4072,1,True,1,True,stayed_inside20,1,True,stayed_inside20,1,True,stayed_inside20
1702,D:\deep-person-reid\reid-data\dukemtmc-reid\DukeMTMC-reID/query\4072_c7_f0040684.jpg,4072,18,False,14,False,stayed_inside20,16,False,stayed_inside20,16,False,stayed_inside20
1703,D:\deep-person-reid\reid-data\dukemtmc-reid\DukeMTMC-reID/query\4072_c8_f0010450.jpg,4072,1,True,1,True,stayed_inside20,1,True,stayed_inside20,1,True,stayed_inside20
1704,D:\deep-person-reid\reid-data\dukemtmc-reid\DukeMTMC-reID/query\4075_c6_f0038690.jpg,4075,1,True,1,True,stayed_inside20,1,True,stayed_inside20,1,True,stayed_inside20
1705,D:\deep-person-reid\reid-data\dukemtmc-reid\DukeMTMC-reID/query\4075_c7_f0041274.jpg,4075,24,False,191,False,stayed_outside20,1,True,outside20_to_inside20,1,True,outside20_to_inside20
1706,D:\deep-person-reid\reid-data\dukemtmc-reid\DukeMTMC-reID/query\4075_c8_f0011197.jpg,4075,149,False,284,False,stayed_outside20,346,False,stayed_outside20,520,False,stayed_outside20
1707,D:\deep-person-reid\reid-data\dukemtmc-reid\DukeMTMC-reID/query\4079_c6_f0040114.jpg,4079,13,False,6,False,stayed_inside20,6,False,stayed_inside20,2,False,stayed_inside20
1708,D:\deep-person-reid\reid-data\dukemtmc-reid\DukeMTMC-reID/query\4079_c7_f0045123.jpg,4079,13,False,16,False,stayed_inside20,2,False,stayed_inside20,6,False,stayed_inside20
1709,D:\deep-person-reid\reid-data\dukemtmc-reid\DukeMTMC-reID/query\4082_c6_f0040940.jpg,4082,5,False,3,False,stayed_inside20,3,False,stayed_inside20,1,True,stayed_inside20
1710,D:\deep-person-reid\reid-data\dukemtmc-reid\DukeMTMC-reID/query\4082_c7_f0045226.jpg,4082,62,False,111,False,stayed_outside20,128,False,stayed_outside20,465,False,stayed_outside20
1711,D:\deep-person-reid\reid-data\dukemtmc-reid\DukeMTMC-reID/query\4082_c8_f0019685.jpg,4082,95,False,202,False,stayed_outside20,167,False,stayed_outside20,371,False,stayed_outside20
1712,D:\deep-person-reid\reid-data\dukemtmc-reid\DukeMTMC-reID/query\4099_c6_f0043678.jpg,4099,1,True,1,True,stayed_inside20,1,True,stayed_inside20,1,True,stayed_inside20
1713,D:\deep-person-reid\reid-data\dukemtmc-reid\DukeMTMC-reID/query\4099_c7_f0045850.jpg,4099,1,True,1,True,stayed_inside20,1,True,stayed_inside20,1,True,stayed_inside20
1714,D:\deep-person-reid\reid-data\dukemtmc-reid\DukeMTMC-reID/query\4099_c8_f0017096.jpg,4099,2,False,1,True,stayed_inside20,5,False,stayed_inside20,6,False,stayed_inside20
1715,D:\deep-person-reid\reid-data\dukemtmc-reid\DukeMTMC-reID/query\4100_c6_f0044284.jpg,4100,7,False,24,False,inside20_to_outside20,8,False,stayed_inside20,7,False,stayed_inside20
1716,D:\deep-person-reid\reid-data\dukemtmc-reid\DukeMTMC-reID/query\4100_c7_f0048633.jpg,4100,10,False,29,False,inside20_to_outside20,12,False,stayed_inside20,141,False,inside20_to_outside20
1717,D:\deep-person-reid\reid-data\dukemtmc-reid\DukeMTMC-reID/query\4100_c8_f0022895.jpg,4100,70,False,254,False,stayed_outside20,61,False,stayed_outside20,289,False,stayed_outside20
1718,D:\deep-person-reid\reid-data\dukemtmc-reid\DukeMTMC-reID/query\4102_c6_f0044659.jpg,4102,1,True,1,True,stayed_inside20,1,True,stayed_inside20,2,False,stayed_inside20
1719,D:\deep-person-reid\reid-data\dukemtmc-reid\DukeMTMC-reID/query\4102_c7_f0049224.jpg,4102,549,False,2193,False,stayed_outside20,495,False,stayed_outside20,433,False,stayed_outside20
1720,D:\deep-person-reid\reid-data\dukemtmc-reid\DukeMTMC-reID/query\4102_c8_f0023266.jpg,4102,78,False,721,False,stayed_outside20,190,False,stayed_outside20,1593,False,stayed_outside20
1721,D:\deep-person-reid\reid-data\dukemtmc-reid\DukeMTMC-reID/query\4106_c6_f0045522.jpg,4106,7,False,46,False,inside20_to_outside20,1,True,stayed_inside20,1,True,stayed_inside20
1722,D:\deep-person-reid\reid-data\dukemtmc-reid\DukeMTMC-reID/query\4106_c7_f0050617.jpg,4106,6,False,3,False,stayed_inside20,8,False,stayed_inside20,12,False,stayed_inside20
1723,D:\deep-person-reid\reid-data\dukemtmc-reid\DukeMTMC-reID/query\4106_c8_f0024029.jpg,4106,2,False,4,False,stayed_inside20,21,False,inside20_to_outside20,81,False,inside20_to_outside20
1724,D:\deep-person-reid\reid-data\dukemtmc-reid\DukeMTMC-reID/query\4110_c6_f0045575.jpg,4110,15,False,135,False,inside20_to_outside20,47,False,inside20_to_outside20,701,False,inside20_to_outside20
1725,D:\deep-person-reid\reid-data\dukemtmc-reid\DukeMTMC-reID/query\4110_c7_f0050641.jpg,4110,1,True,3,False,stayed_inside20,11,False,stayed_inside20,56,False,inside20_to_outside20
1726,D:\deep-person-reid\reid-data\dukemtmc-reid\DukeMTMC-reID/query\4110_c8_f0025143.jpg,4110,389,False,672,False,stayed_outside20,2593,False,stayed_outside20,2313,False,stayed_outside20
1727,D:\deep-person-reid\reid-data\dukemtmc-reid\DukeMTMC-reID/query\4113_c6_f0045427.jpg,4113,1,True,2,False,stayed_inside20,1,True,stayed_inside20,1,True,stayed_inside20
1728,D:\deep-person-reid\reid-data\dukemtmc-reid\DukeMTMC-reID/query\4113_c7_f0050267.jpg,4113,11,False,207,False,inside20_to_outside20,4,False,stayed_inside20,24,False,inside20_to_outside20
1729,D:\deep-person-reid\reid-data\dukemtmc-reid\DukeMTMC-reID/query\4113_c8_f0023695.jpg,4113,475,False,966,False,stayed_outside20,1030,False,stayed_outside20,569,False,stayed_outside20
1730,D:\deep-person-reid\reid-data\dukemtmc-reid\DukeMTMC-reID/query\4114_c6_f0046212.jpg,4114,45,False,15,False,outside20_to_inside20,20,False,outside20_to_inside20,15,False,outside20_to_inside20
1731,D:\deep-person-reid\reid-data\dukemtmc-reid\DukeMTMC-reID/query\4114_c7_f0050416.jpg,4114,11,False,2,False,stayed_inside20,2,False,stayed_inside20,1,True,stayed_inside20
1732,D:\deep-person-reid\reid-data\dukemtmc-reid\DukeMTMC-reID/query\4114_c8_f0024240.jpg,4114,1,True,1,True,stayed_inside20,3,False,stayed_inside20,4,False,stayed_inside20
1733,D:\deep-person-reid\reid-data\dukemtmc-reid\DukeMTMC-reID/query\4116_c6_f0045825.jpg,4116,1,True,1,True,stayed_inside20,1,True,stayed_inside20,1,True,stayed_inside20
1734,D:\deep-person-reid\reid-data\dukemtmc-reid\DukeMTMC-reID/query\4116_c7_f0050638.jpg,4116,26,False,5,False,outside20_to_inside20,29,False,stayed_outside20,11,False,outside20_to_inside20
1735,D:\deep-person-reid\reid-data\dukemtmc-reid\DukeMTMC-reID/query\4116_c8_f0024630.jpg,4116,4,False,5,False,stayed_inside20,73,False,inside20_to_outside20,119,False,inside20_to_outside20
1736,D:\deep-person-reid\reid-data\dukemtmc-reid\DukeMTMC-reID/query\4117_c6_f0046413.jpg,4117,28,False,21,False,stayed_outside20,1,True,outside20_to_inside20,1,True,outside20_to_inside20
1737,D:\deep-person-reid\reid-data\dukemtmc-reid\DukeMTMC-reID/query\4117_c7_f0048622.jpg,4117,1,True,2,False,stayed_inside20,1,True,stayed_inside20,1,True,stayed_inside20
1738,D:\deep-person-reid\reid-data\dukemtmc-reid\DukeMTMC-reID/query\4117_c8_f0019475.jpg,4117,22,False,25,False,stayed_outside20,18,False,outside20_to_inside20,23,False,stayed_outside20
1739,D:\deep-person-reid\reid-data\dukemtmc-reid\DukeMTMC-reID/query\4118_c6_f0046964.jpg,4118,6,False,11,False,stayed_inside20,9,False,stayed_inside20,10,False,stayed_inside20
1740,D:\deep-person-reid\reid-data\dukemtmc-reid\DukeMTMC-reID/query\4118_c7_f0052216.jpg,4118,3,False,4,False,stayed_inside20,5,False,stayed_inside20,5,False,stayed_inside20
1741,D:\deep-person-reid\reid-data\dukemtmc-reid\DukeMTMC-reID/query\4118_c8_f0025956.jpg,4118,10,False,8,False,stayed_inside20,9,False,stayed_inside20,15,False,stayed_inside20
1742,D:\deep-person-reid\reid-data\dukemtmc-reid\DukeMTMC-reID/query\4119_c6_f0046893.jpg,4119,1,True,1,True,stayed_inside20,1,True,stayed_inside20,1,True,stayed_inside20
1743,D:\deep-person-reid\reid-data\dukemtmc-reid\DukeMTMC-reID/query\4119_c7_f0052199.jpg,4119,1,True,1,True,stayed_inside20,1,True,stayed_inside20,1,True,stayed_inside20
1744,D:\deep-person-reid\reid-data\dukemtmc-reid\DukeMTMC-reID/query\4119_c8_f0026210.jpg,4119,1,True,1,True,stayed_inside20,1,True,stayed_inside20,1,True,stayed_inside20
1745,D:\deep-person-reid\reid-data\dukemtmc-reid\DukeMTMC-reID/query\4121_c6_f0047307.jpg,4121,8,False,12,False,stayed_inside20,19,False,stayed_inside20,25,False,inside20_to_outside20
1746,D:\deep-person-reid\reid-data\dukemtmc-reid\DukeMTMC-reID/query\4121_c7_f0052482.jpg,4121,10,False,36,False,inside20_to_outside20,14,False,stayed_inside20,101,False,inside20_to_outside20
1747,D:\deep-person-reid\reid-data\dukemtmc-reid\DukeMTMC-reID/query\4121_c8_f0026195.jpg,4121,46,False,483,False,stayed_outside20,202,False,stayed_outside20,1771,False,stayed_outside20
1748,D:\deep-person-reid\reid-data\dukemtmc-reid\DukeMTMC-reID/query\4128_c6_f0048899.jpg,4128,1,True,1,True,stayed_inside20,2,False,stayed_inside20,1,True,stayed_inside20
1749,D:\deep-person-reid\reid-data\dukemtmc-reid\DukeMTMC-reID/query\4128_c7_f0050931.jpg,4128,1,True,1,True,stayed_inside20,1,True,stayed_inside20,2,False,stayed_inside20
1750,D:\deep-person-reid\reid-data\dukemtmc-reid\DukeMTMC-reID/query\4128_c8_f0021179.jpg,4128,1,True,1,True,stayed_inside20,2,False,stayed_inside20,1,True,stayed_inside20
1751,D:\deep-person-reid\reid-data\dukemtmc-reid\DukeMTMC-reID/query\4134_c6_f0049764.jpg,4134,16,False,7,False,stayed_inside20,4,False,stayed_inside20,6,False,stayed_inside20
1752,D:\deep-person-reid\reid-data\dukemtmc-reid\DukeMTMC-reID/query\4134_c7_f0054379.jpg,4134,1,True,2,False,stayed_inside20,1,True,stayed_inside20,1,True,stayed_inside20
1753,D:\deep-person-reid\reid-data\dukemtmc-reid\DukeMTMC-reID/query\4134_c8_f0028135.jpg,4134,1114,False,790,False,stayed_outside20,892,False,stayed_outside20,728,False,stayed_outside20
1754,D:\deep-person-reid\reid-data\dukemtmc-reid\DukeMTMC-reID/query\4141_c6_f0051145.jpg,4141,1,True,1,True,stayed_inside20,1,True,stayed_inside20,1,True,stayed_inside20
1755,D:\deep-person-reid\reid-data\dukemtmc-reid\DukeMTMC-reID/query\4141_c7_f0052589.jpg,4141,3235,False,6717,False,stayed_outside20,1401,False,stayed_outside20,2808,False,stayed_outside20
1756,D:\deep-person-reid\reid-data\dukemtmc-reid\DukeMTMC-reID/query\4141_c8_f0022224.jpg,4141,1,True,1,True,stayed_inside20,1,True,stayed_inside20,1,True,stayed_inside20
1757,D:\deep-person-reid\reid-data\dukemtmc-reid\DukeMTMC-reID/query\4143_c6_f0050799.jpg,4143,4,False,1,True,stayed_inside20,1,True,stayed_inside20,1,True,stayed_inside20
1758,D:\deep-person-reid\reid-data\dukemtmc-reid\DukeMTMC-reID/query\4143_c7_f0053383.jpg,4143,6,False,3,False,stayed_inside20,25,False,inside20_to_outside20,40,False,inside20_to_outside20
1759,D:\deep-person-reid\reid-data\dukemtmc-reid\DukeMTMC-reID/query\4143_c8_f0023992.jpg,4143,99,False,59,False,stayed_outside20,124,False,stayed_outside20,87,False,stayed_outside20
1760,D:\deep-person-reid\reid-data\dukemtmc-reid\DukeMTMC-reID/query\4144_c6_f0051307.jpg,4144,1,True,1,True,stayed_inside20,1,True,stayed_inside20,1,True,stayed_inside20
1761,D:\deep-person-reid\reid-data\dukemtmc-reid\DukeMTMC-reID/query\4144_c7_f0055604.jpg,4144,2,False,1,True,stayed_inside20,1,True,stayed_inside20,1,True,stayed_inside20
1762,D:\deep-person-reid\reid-data\dukemtmc-reid\DukeMTMC-reID/query\4144_c8_f0029854.jpg,4144,3,False,1,True,stayed_inside20,1,True,stayed_inside20,1,True,stayed_inside20
1763,D:\deep-person-reid\reid-data\dukemtmc-reid\DukeMTMC-reID/query\4146_c6_f0051660.jpg,4146,3,False,3,False,stayed_inside20,3,False,stayed_inside20,2,False,stayed_inside20
1764,D:\deep-person-reid\reid-data\dukemtmc-reid\DukeMTMC-reID/query\4146_c7_f0056155.jpg,4146,1,True,2,False,stayed_inside20,2,False,stayed_inside20,1,True,stayed_inside20
1765,D:\deep-person-reid\reid-data\dukemtmc-reid\DukeMTMC-reID/query\4146_c8_f0029749.jpg,4146,2,False,1,True,stayed_inside20,1,True,stayed_inside20,1,True,stayed_inside20
1766,D:\deep-person-reid\reid-data\dukemtmc-reid\DukeMTMC-reID/query\4147_c6_f0051321.jpg,4147,2,False,7,False,stayed_inside20,8,False,stayed_inside20,7,False,stayed_inside20
1767,D:\deep-person-reid\reid-data\dukemtmc-reid\DukeMTMC-reID/query\4147_c7_f0056038.jpg,4147,3,False,2,False,stayed_inside20,6,False,stayed_inside20,3,False,stayed_inside20
1768,D:\deep-person-reid\reid-data\dukemtmc-reid\DukeMTMC-reID/query\4147_c8_f0029684.jpg,4147,461,False,1372,False,stayed_outside20,130,False,stayed_outside20,2600,False,stayed_outside20
1769,D:\deep-person-reid\reid-data\dukemtmc-reid\DukeMTMC-reID/query\4150_c6_f0052008.jpg,4150,1,True,1,True,stayed_inside20,1,True,stayed_inside20,1,True,stayed_inside20
1770,D:\deep-person-reid\reid-data\dukemtmc-reid\DukeMTMC-reID/query\4150_c7_f0057037.jpg,4150,1,True,1,True,stayed_inside20,1,True,stayed_inside20,1,True,stayed_inside20
1771,D:\deep-person-reid\reid-data\dukemtmc-reid\DukeMTMC-reID/query\4150_c8_f0031082.jpg,4150,8,False,64,False,inside20_to_outside20,9,False,stayed_inside20,61,False,inside20_to_outside20
1772,D:\deep-person-reid\reid-data\dukemtmc-reid\DukeMTMC-reID/query\4152_c6_f0052492.jpg,4152,1,True,1,True,stayed_inside20,1,True,stayed_inside20,1,True,stayed_inside20
1773,D:\deep-person-reid\reid-data\dukemtmc-reid\DukeMTMC-reID/query\4152_c7_f0057003.jpg,4152,1,True,1,True,stayed_inside20,1,True,stayed_inside20,1,True,stayed_inside20
1774,D:\deep-person-reid\reid-data\dukemtmc-reid\DukeMTMC-reID/query\4152_c8_f0030685.jpg,4152,1,True,1,True,stayed_inside20,1,True,stayed_inside20,1,True,stayed_inside20
1775,D:\deep-person-reid\reid-data\dukemtmc-reid\DukeMTMC-reID/query\4158_c6_f0053966.jpg,4158,1,True,1,True,stayed_inside20,1,True,stayed_inside20,1,True,stayed_inside20
1776,D:\deep-person-reid\reid-data\dukemtmc-reid\DukeMTMC-reID/query\4158_c7_f0058947.jpg,4158,1,True,1,True,stayed_inside20,1,True,stayed_inside20,1,True,stayed_inside20
1777,D:\deep-person-reid\reid-data\dukemtmc-reid\DukeMTMC-reID/query\4158_c8_f0032480.jpg,4158,1,True,1,True,stayed_inside20,2,False,stayed_inside20,1,True,stayed_inside20
1778,D:\deep-person-reid\reid-data\dukemtmc-reid\DukeMTMC-reID/query\4159_c6_f0054556.jpg,4159,16,False,11,False,stayed_inside20,11,False,stayed_inside20,4,False,stayed_inside20
1779,D:\deep-person-reid\reid-data\dukemtmc-reid\DukeMTMC-reID/query\4159_c7_f0059188.jpg,4159,1,True,1,True,stayed_inside20,1,True,stayed_inside20,1,True,stayed_inside20
1780,D:\deep-person-reid\reid-data\dukemtmc-reid\DukeMTMC-reID/query\4159_c8_f0032907.jpg,4159,9,False,11,False,stayed_inside20,12,False,stayed_inside20,20,False,stayed_inside20
1781,D:\deep-person-reid\reid-data\dukemtmc-reid\DukeMTMC-reID/query\4163_c6_f0056485.jpg,4163,83,False,13,False,outside20_to_inside20,13,False,outside20_to_inside20,1,True,outside20_to_inside20
1782,D:\deep-person-reid\reid-data\dukemtmc-reid\DukeMTMC-reID/query\4163_c7_f0061101.jpg,4163,1,True,1,True,stayed_inside20,1,True,stayed_inside20,1,True,stayed_inside20
1783,D:\deep-person-reid\reid-data\dukemtmc-reid\DukeMTMC-reID/query\4163_c8_f0034899.jpg,4163,6,False,54,False,inside20_to_outside20,145,False,inside20_to_outside20,698,False,inside20_to_outside20
1784,D:\deep-person-reid\reid-data\dukemtmc-reid\DukeMTMC-reID/query\4169_c6_f0056931.jpg,4169,15,False,14,False,stayed_inside20,13,False,stayed_inside20,7,False,stayed_inside20
1785,D:\deep-person-reid\reid-data\dukemtmc-reid\DukeMTMC-reID/query\4169_c7_f0062012.jpg,4169,1,True,1,True,stayed_inside20,1,True,stayed_inside20,1,True,stayed_inside20
1786,D:\deep-person-reid\reid-data\dukemtmc-reid\DukeMTMC-reID/query\4169_c8_f0036281.jpg,4169,1,True,1,True,stayed_inside20,3,False,stayed_inside20,2,False,stayed_inside20
1787,D:\deep-person-reid\reid-data\dukemtmc-reid\DukeMTMC-reID/query\4170_c6_f0056589.jpg,4170,1,True,1,True,stayed_inside20,1,True,stayed_inside20,1,True,stayed_inside20
1788,D:\deep-person-reid\reid-data\dukemtmc-reid\DukeMTMC-reID/query\4170_c7_f0061757.jpg,4170,5,False,3,False,stayed_inside20,2,False,stayed_inside20,5,False,stayed_inside20
1789,D:\deep-person-reid\reid-data\dukemtmc-reid\DukeMTMC-reID/query\4170_c8_f0035692.jpg,4170,153,False,48,False,stayed_outside20,133,False,stayed_outside20,52,False,stayed_outside20
1790,D:\deep-person-reid\reid-data\dukemtmc-reid\DukeMTMC-reID/query\4174_c6_f0057055.jpg,4174,10,False,63,False,inside20_to_outside20,3,False,stayed_inside20,1,True,stayed_inside20
1791,D:\deep-person-reid\reid-data\dukemtmc-reid\DukeMTMC-reID/query\4174_c7_f0061981.jpg,4174,46,False,12,False,outside20_to_inside20,21,False,stayed_outside20,8,False,outside20_to_inside20
1792,D:\deep-person-reid\reid-data\dukemtmc-reid\DukeMTMC-reID/query\4174_c8_f0035753.jpg,4174,395,False,583,False,stayed_outside20,506,False,stayed_outside20,822,False,stayed_outside20
1793,D:\deep-person-reid\reid-data\dukemtmc-reid\DukeMTMC-reID/query\4176_c6_f0057706.jpg,4176,3,False,2,False,stayed_inside20,2,False,stayed_inside20,2,False,stayed_inside20
1794,D:\deep-person-reid\reid-data\dukemtmc-reid\DukeMTMC-reID/query\4176_c7_f0059691.jpg,4176,131,False,242,False,stayed_outside20,11,False,outside20_to_inside20,84,False,stayed_outside20
1795,D:\deep-person-reid\reid-data\dukemtmc-reid\DukeMTMC-reID/query\4176_c8_f0029782.jpg,4176,142,False,80,False,stayed_outside20,408,False,stayed_outside20,1087,False,stayed_outside20
1796,D:\deep-person-reid\reid-data\dukemtmc-reid\DukeMTMC-reID/query\4177_c6_f0057448.jpg,4177,4,False,1,True,stayed_inside20,1,True,stayed_inside20,1,True,stayed_inside20
1797,D:\deep-person-reid\reid-data\dukemtmc-reid\DukeMTMC-reID/query\4177_c7_f0059658.jpg,4177,15,False,179,False,inside20_to_outside20,17,False,stayed_inside20,95,False,inside20_to_outside20
1798,D:\deep-person-reid\reid-data\dukemtmc-reid\DukeMTMC-reID/query\4177_c8_f0029788.jpg,4177,28,False,104,False,stayed_outside20,9,False,outside20_to_inside20,22,False,stayed_outside20
1799,D:\deep-person-reid\reid-data\dukemtmc-reid\DukeMTMC-reID/query\4178_c6_f0057630.jpg,4178,1,True,1,True,stayed_inside20,1,True,stayed_inside20,1,True,stayed_inside20
1800,D:\deep-person-reid\reid-data\dukemtmc-reid\DukeMTMC-reID/query\4178_c7_f0059693.jpg,4178,2,False,2,False,stayed_inside20,1,True,stayed_inside20,1,True,stayed_inside20
1801,D:\deep-person-reid\reid-data\dukemtmc-reid\DukeMTMC-reID/query\4178_c8_f0030121.jpg,4178,1,True,1,True,stayed_inside20,1,True,stayed_inside20,1,True,stayed_inside20
1802,D:\deep-person-reid\reid-data\dukemtmc-reid\DukeMTMC-reID/query\4185_c6_f0058857.jpg,4185,1,True,1,True,stayed_inside20,1,True,stayed_inside20,1,True,stayed_inside20
1803,D:\deep-person-reid\reid-data\dukemtmc-reid\DukeMTMC-reID/query\4185_c7_f0061270.jpg,4185,1,True,1,True,stayed_inside20,1,True,stayed_inside20,1,True,stayed_inside20
1804,D:\deep-person-reid\reid-data\dukemtmc-reid\DukeMTMC-reID/query\4185_c8_f0031708.jpg,4185,33,False,263,False,stayed_outside20,97,False,stayed_outside20,1676,False,stayed_outside20
1805,D:\deep-person-reid\reid-data\dukemtmc-reid\DukeMTMC-reID/query\4190_c6_f0060181.jpg,4190,3,False,1,True,stayed_inside20,1,True,stayed_inside20,1,True,stayed_inside20
1806,D:\deep-person-reid\reid-data\dukemtmc-reid\DukeMTMC-reID/query\4190_c7_f0064560.jpg,4190,1,True,1,True,stayed_inside20,1,True,stayed_inside20,1,True,stayed_inside20
1807,D:\deep-person-reid\reid-data\dukemtmc-reid\DukeMTMC-reID/query\4190_c8_f0038517.jpg,4190,11,False,56,False,inside20_to_outside20,18,False,stayed_inside20,320,False,inside20_to_outside20
1808,D:\deep-person-reid\reid-data\dukemtmc-reid\DukeMTMC-reID/query\4197_c6_f0060665.jpg,4197,1,True,8,False,stayed_inside20,1,True,stayed_inside20,1,True,stayed_inside20
1809,D:\deep-person-reid\reid-data\dukemtmc-reid\DukeMTMC-reID/query\4197_c7_f0063237.jpg,4197,193,False,2341,False,stayed_outside20,44,False,stayed_outside20,452,False,stayed_outside20
1810,D:\deep-person-reid\reid-data\dukemtmc-reid\DukeMTMC-reID/query\4197_c8_f0034161.jpg,4197,17,False,84,False,inside20_to_outside20,246,False,inside20_to_outside20,454,False,inside20_to_outside20
1811,D:\deep-person-reid\reid-data\dukemtmc-reid\DukeMTMC-reID/query\4204_c6_f0061718.jpg,4204,4,False,5,False,stayed_inside20,1,True,stayed_inside20,1,True,stayed_inside20
1812,D:\deep-person-reid\reid-data\dukemtmc-reid\DukeMTMC-reID/query\4204_c7_f0064275.jpg,4204,1,True,1,True,stayed_inside20,1,True,stayed_inside20,1,True,stayed_inside20
1813,D:\deep-person-reid\reid-data\dukemtmc-reid\DukeMTMC-reID/query\4204_c8_f0034354.jpg,4204,14,False,52,False,inside20_to_outside20,15,False,stayed_inside20,80,False,inside20_to_outside20
1814,D:\deep-person-reid\reid-data\dukemtmc-reid\DukeMTMC-reID/query\4205_c6_f0061966.jpg,4205,1,True,1,True,stayed_inside20,1,True,stayed_inside20,1,True,stayed_inside20
1815,D:\deep-person-reid\reid-data\dukemtmc-reid\DukeMTMC-reID/query\4205_c7_f0064241.jpg,4205,1,True,1,True,stayed_inside20,1,True,stayed_inside20,1,True,stayed_inside20
1816,D:\deep-person-reid\reid-data\dukemtmc-reid\DukeMTMC-reID/query\4205_c8_f0035051.jpg,4205,1,True,1,True,stayed_inside20,3,False,stayed_inside20,5,False,stayed_inside20
1817,D:\deep-person-reid\reid-data\dukemtmc-reid\DukeMTMC-reID/query\4207_c6_f0062397.jpg,4207,8,False,23,False,inside20_to_outside20,5,False,stayed_inside20,6,False,stayed_inside20
1818,D:\deep-person-reid\reid-data\dukemtmc-reid\DukeMTMC-reID/query\4207_c7_f0064669.jpg,4207,332,False,389,False,stayed_outside20,178,False,stayed_outside20,1613,False,stayed_outside20
1819,D:\deep-person-reid\reid-data\dukemtmc-reid\DukeMTMC-reID/query\4207_c8_f0035625.jpg,4207,58,False,25,False,stayed_outside20,66,False,stayed_outside20,206,False,stayed_outside20
1820,D:\deep-person-reid\reid-data\dukemtmc-reid\DukeMTMC-reID/query\4210_c6_f0062450.jpg,4210,5,False,6,False,stayed_inside20,3,False,stayed_inside20,1,True,stayed_inside20
1821,D:\deep-person-reid\reid-data\dukemtmc-reid\DukeMTMC-reID/query\4210_c7_f0064987.jpg,4210,5,False,1,True,stayed_inside20,3,False,stayed_inside20,5,False,stayed_inside20
1822,D:\deep-person-reid\reid-data\dukemtmc-reid\DukeMTMC-reID/query\4210_c8_f0035539.jpg,4210,108,False,238,False,stayed_outside20,291,False,stayed_outside20,1436,False,stayed_outside20
1823,D:\deep-person-reid\reid-data\dukemtmc-reid\DukeMTMC-reID/query\4219_c6_f0064674.jpg,4219,1,True,1,True,stayed_inside20,1,True,stayed_inside20,1,True,stayed_inside20
1824,D:\deep-person-reid\reid-data\dukemtmc-reid\DukeMTMC-reID/query\4219_c7_f0066706.jpg,4219,1,True,1,True,stayed_inside20,1,True,stayed_inside20,1,True,stayed_inside20
1825,D:\deep-person-reid\reid-data\dukemtmc-reid\DukeMTMC-reID/query\4219_c8_f0036644.jpg,4219,229,False,144,False,stayed_outside20,326,False,stayed_outside20,395,False,stayed_outside20
1826,D:\deep-person-reid\reid-data\dukemtmc-reid\DukeMTMC-reID/query\4221_c6_f0064380.jpg,4221,1,True,1,True,stayed_inside20,1,True,stayed_inside20,1,True,stayed_inside20
1827,D:\deep-person-reid\reid-data\dukemtmc-reid\DukeMTMC-reID/query\4221_c7_f0066934.jpg,4221,1,True,1,True,stayed_inside20,1,True,stayed_inside20,1,True,stayed_inside20
1828,D:\deep-person-reid\reid-data\dukemtmc-reid\DukeMTMC-reID/query\4221_c8_f0036899.jpg,4221,1,True,1,True,stayed_inside20,1,True,stayed_inside20,1,True,stayed_inside20
1829,D:\deep-person-reid\reid-data\dukemtmc-reid\DukeMTMC-reID/query\4226_c6_f0065884.jpg,4226,403,False,109,False,stayed_outside20,1134,False,stayed_outside20,226,False,stayed_outside20
1830,D:\deep-person-reid\reid-data\dukemtmc-reid\DukeMTMC-reID/query\4226_c7_f0068219.jpg,4226,1,True,1,True,stayed_inside20,1,True,stayed_inside20,1,True,stayed_inside20
1831,D:\deep-person-reid\reid-data\dukemtmc-reid\DukeMTMC-reID/query\4226_c8_f0039006.jpg,4226,12,False,18,False,stayed_inside20,6,False,stayed_inside20,17,False,stayed_inside20
1832,D:\deep-person-reid\reid-data\dukemtmc-reid\DukeMTMC-reID/query\4227_c6_f0065671.jpg,4227,2,False,1,True,stayed_inside20,1,True,stayed_inside20,1,True,stayed_inside20
1833,D:\deep-person-reid\reid-data\dukemtmc-reid\DukeMTMC-reID/query\4227_c7_f0068045.jpg,4227,1,True,1,True,stayed_inside20,1,True,stayed_inside20,1,True,stayed_inside20
1834,D:\deep-person-reid\reid-data\dukemtmc-reid\DukeMTMC-reID/query\4227_c8_f0038288.jpg,4227,11,False,35,False,inside20_to_outside20,3,False,stayed_inside20,59,False,inside20_to_outside20
1835,D:\deep-person-reid\reid-data\dukemtmc-reid\DukeMTMC-reID/query\4228_c6_f0066183.jpg,4228,1,True,1,True,stayed_inside20,1,True,stayed_inside20,1,True,stayed_inside20
1836,D:\deep-person-reid\reid-data\dukemtmc-reid\DukeMTMC-reID/query\4228_c7_f0068338.jpg,4228,1,True,3,False,stayed_inside20,1,True,stayed_inside20,1,True,stayed_inside20
1837,D:\deep-person-reid\reid-data\dukemtmc-reid\DukeMTMC-reID/query\4228_c8_f0038211.jpg,4228,22,False,169,False,stayed_outside20,100,False,stayed_outside20,262,False,stayed_outside20
1838,D:\deep-person-reid\reid-data\dukemtmc-reid\DukeMTMC-reID/query\4230_c6_f0066215.jpg,4230,18,False,28,False,inside20_to_outside20,11,False,stayed_inside20,32,False,inside20_to_outside20
1839,D:\deep-person-reid\reid-data\dukemtmc-reid\DukeMTMC-reID/query\4230_c7_f0070872.jpg,4230,30,False,28,False,stayed_outside20,14,False,outside20_to_inside20,17,False,outside20_to_inside20
1840,D:\deep-person-reid\reid-data\dukemtmc-reid\DukeMTMC-reID/query\4230_c8_f0044806.jpg,4230,2,False,4,False,stayed_inside20,4,False,stayed_inside20,5,False,stayed_inside20
1841,D:\deep-person-reid\reid-data\dukemtmc-reid\DukeMTMC-reID/query\4239_c6_f0067853.jpg,4239,81,False,64,False,stayed_outside20,82,False,stayed_outside20,73,False,stayed_outside20
1842,D:\deep-person-reid\reid-data\dukemtmc-reid\DukeMTMC-reID/query\4239_c7_f0070022.jpg,4239,7,False,14,False,stayed_inside20,33,False,inside20_to_outside20,122,False,inside20_to_outside20
1843,D:\deep-person-reid\reid-data\dukemtmc-reid\DukeMTMC-reID/query\4239_c8_f0040606.jpg,4239,2,False,5,False,stayed_inside20,6,False,stayed_inside20,20,False,stayed_inside20
1844,D:\deep-person-reid\reid-data\dukemtmc-reid\DukeMTMC-reID/query\4245_c6_f0069342.jpg,4245,15,False,32,False,inside20_to_outside20,1,True,stayed_inside20,1,True,stayed_inside20
1845,D:\deep-person-reid\reid-data\dukemtmc-reid\DukeMTMC-reID/query\4245_c7_f0073821.jpg,4245,7,False,53,False,inside20_to_outside20,1,True,stayed_inside20,1,True,stayed_inside20
1846,D:\deep-person-reid\reid-data\dukemtmc-reid\DukeMTMC-reID/query\4245_c8_f0047974.jpg,4245,3603,False,3198,False,stayed_outside20,3127,False,stayed_outside20,2920,False,stayed_outside20
1847,D:\deep-person-reid\reid-data\dukemtmc-reid\DukeMTMC-reID/query\4246_c6_f0069150.jpg,4246,2,False,1,True,stayed_inside20,1,True,stayed_inside20,1,True,stayed_inside20
1848,D:\deep-person-reid\reid-data\dukemtmc-reid\DukeMTMC-reID/query\4246_c7_f0073588.jpg,4246,8,False,8,False,stayed_inside20,11,False,stayed_inside20,7,False,stayed_inside20
1849,D:\deep-person-reid\reid-data\dukemtmc-reid\DukeMTMC-reID/query\4246_c8_f0047892.jpg,4246,637,False,735,False,stayed_outside20,489,False,stayed_outside20,2304,False,stayed_outside20
1850,D:\deep-person-reid\reid-data\dukemtmc-reid\DukeMTMC-reID/query\4247_c6_f0068939.jpg,4247,9,False,27,False,inside20_to_outside20,152,False,inside20_to_outside20,49,False,inside20_to_outside20
1851,D:\deep-person-reid\reid-data\dukemtmc-reid\DukeMTMC-reID/query\4247_c7_f0074181.jpg,4247,4,False,6,False,stayed_inside20,3,False,stayed_inside20,6,False,stayed_inside20
1852,D:\deep-person-reid\reid-data\dukemtmc-reid\DukeMTMC-reID/query\4247_c8_f0047771.jpg,4247,4,False,5,False,stayed_inside20,4,False,stayed_inside20,10,False,stayed_inside20
1853,D:\deep-person-reid\reid-data\dukemtmc-reid\DukeMTMC-reID/query\4249_c6_f0068968.jpg,4249,6,False,88,False,inside20_to_outside20,15,False,stayed_inside20,361,False,inside20_to_outside20
1854,D:\deep-person-reid\reid-data\dukemtmc-reid\DukeMTMC-reID/query\4249_c7_f0074083.jpg,4249,1,True,1,True,stayed_inside20,1,True,stayed_inside20,1,True,stayed_inside20
1855,D:\deep-person-reid\reid-data\dukemtmc-reid\DukeMTMC-reID/query\4249_c8_f0048277.jpg,4249,1,True,1,True,stayed_inside20,1,True,stayed_inside20,1,True,stayed_inside20
1856,D:\deep-person-reid\reid-data\dukemtmc-reid\DukeMTMC-reID/query\4254_c6_f0070025.jpg,4254,15,False,17,False,stayed_inside20,7,False,stayed_inside20,7,False,stayed_inside20
1857,D:\deep-person-reid\reid-data\dukemtmc-reid\DukeMTMC-reID/query\4254_c7_f0074387.jpg,4254,2,False,1,True,stayed_inside20,2,False,stayed_inside20,1,True,stayed_inside20
1858,D:\deep-person-reid\reid-data\dukemtmc-reid\DukeMTMC-reID/query\4254_c8_f0048148.jpg,4254,52,False,25,False,stayed_outside20,27,False,stayed_outside20,47,False,stayed_outside20
1859,D:\deep-person-reid\reid-data\dukemtmc-reid\DukeMTMC-reID/query\4255_c6_f0070070.jpg,4255,104,False,539,False,stayed_outside20,14,False,outside20_to_inside20,51,False,stayed_outside20
1860,D:\deep-person-reid\reid-data\dukemtmc-reid\DukeMTMC-reID/query\4255_c7_f0074603.jpg,4255,17,False,26,False,inside20_to_outside20,11,False,stayed_inside20,13,False,stayed_inside20
1861,D:\deep-person-reid\reid-data\dukemtmc-reid\DukeMTMC-reID/query\4255_c8_f0047999.jpg,4255,64,False,139,False,stayed_outside20,4,False,outside20_to_inside20,16,False,outside20_to_inside20
1862,D:\deep-person-reid\reid-data\dukemtmc-reid\DukeMTMC-reID/query\4257_c6_f0070480.jpg,4257,1,True,1,True,stayed_inside20,1,True,stayed_inside20,1,True,stayed_inside20
1863,D:\deep-person-reid\reid-data\dukemtmc-reid\DukeMTMC-reID/query\4257_c7_f0072650.jpg,4257,1,True,1,True,stayed_inside20,1,True,stayed_inside20,1,True,stayed_inside20
1864,D:\deep-person-reid\reid-data\dukemtmc-reid\DukeMTMC-reID/query\4271_c6_f0072399.jpg,4271,28,False,760,False,stayed_outside20,3,False,outside20_to_inside20,89,False,stayed_outside20
1865,D:\deep-person-reid\reid-data\dukemtmc-reid\DukeMTMC-reID/query\4271_c7_f0074946.jpg,4271,1,True,1,True,stayed_inside20,1,True,stayed_inside20,1,True,stayed_inside20
1866,D:\deep-person-reid\reid-data\dukemtmc-reid\DukeMTMC-reID/query\4272_c6_f0072824.jpg,4272,1,True,1,True,stayed_inside20,1,True,stayed_inside20,1,True,stayed_inside20
1867,D:\deep-person-reid\reid-data\dukemtmc-reid\DukeMTMC-reID/query\4272_c7_f0074734.jpg,4272,1,True,4,False,stayed_inside20,1,True,stayed_inside20,1,True,stayed_inside20
1868,D:\deep-person-reid\reid-data\dukemtmc-reid\DukeMTMC-reID/query\4272_c8_f0045644.jpg,4272,5,False,11,False,stayed_inside20,7,False,stayed_inside20,54,False,inside20_to_outside20
1869,D:\deep-person-reid\reid-data\dukemtmc-reid\DukeMTMC-reID/query\4274_c6_f0073678.jpg,4274,1,True,1,True,stayed_inside20,1,True,stayed_inside20,1,True,stayed_inside20
1870,D:\deep-person-reid\reid-data\dukemtmc-reid\DukeMTMC-reID/query\4274_c7_f0074866.jpg,4274,1,True,1,True,stayed_inside20,1,True,stayed_inside20,1,True,stayed_inside20
1871,D:\deep-person-reid\reid-data\dukemtmc-reid\DukeMTMC-reID/query\4280_c6_f0073090.jpg,4280,1,True,1,True,stayed_inside20,1,True,stayed_inside20,1,True,stayed_inside20
1872,D:\deep-person-reid\reid-data\dukemtmc-reid\DukeMTMC-reID/query\4280_c7_f0078085.jpg,4280,1,True,1,True,stayed_inside20,1,True,stayed_inside20,1,True,stayed_inside20
1873,D:\deep-person-reid\reid-data\dukemtmc-reid\DukeMTMC-reID/query\4280_c8_f0051444.jpg,4280,10,False,21,False,inside20_to_outside20,2,False,stayed_inside20,22,False,inside20_to_outside20
1874,D:\deep-person-reid\reid-data\dukemtmc-reid\DukeMTMC-reID/query\4284_c6_f0073657.jpg,4284,1427,False,2048,False,stayed_outside20,1842,False,stayed_outside20,3432,False,stayed_outside20
1875,D:\deep-person-reid\reid-data\dukemtmc-reid\DukeMTMC-reID/query\4284_c7_f0078656.jpg,4284,3,False,2,False,stayed_inside20,6,False,stayed_inside20,9,False,stayed_inside20
1876,D:\deep-person-reid\reid-data\dukemtmc-reid\DukeMTMC-reID/query\4284_c8_f0052276.jpg,4284,54,False,731,False,stayed_outside20,90,False,stayed_outside20,294,False,stayed_outside20
1877,D:\deep-person-reid\reid-data\dukemtmc-reid\DukeMTMC-reID/query\4285_c6_f0074171.jpg,4285,1,True,6,False,stayed_inside20,1,True,stayed_inside20,1,True,stayed_inside20
1878,D:\deep-person-reid\reid-data\dukemtmc-reid\DukeMTMC-reID/query\4285_c7_f0076459.jpg,4285,1,True,1,True,stayed_inside20,1,True,stayed_inside20,1,True,stayed_inside20
1879,D:\deep-person-reid\reid-data\dukemtmc-reid\DukeMTMC-reID/query\4285_c8_f0047010.jpg,4285,975,False,1946,False,stayed_outside20,981,False,stayed_outside20,1176,False,stayed_outside20
1880,D:\deep-person-reid\reid-data\dukemtmc-reid\DukeMTMC-reID/query\4310_c6_f0075658.jpg,4310,2,False,1,True,stayed_inside20,1,True,stayed_inside20,1,True,stayed_inside20
1881,D:\deep-person-reid\reid-data\dukemtmc-reid\DukeMTMC-reID/query\4310_c7_f0080833.jpg,4310,1,True,7,False,stayed_inside20,2,False,stayed_inside20,1,True,stayed_inside20
1882,D:\deep-person-reid\reid-data\dukemtmc-reid\DukeMTMC-reID/query\4310_c8_f0054247.jpg,4310,24,False,58,False,stayed_outside20,340,False,stayed_outside20,488,False,stayed_outside20
1883,D:\deep-person-reid\reid-data\dukemtmc-reid\DukeMTMC-reID/query\4315_c6_f0076814.jpg,4315,1899,False,1603,False,stayed_outside20,3528,False,stayed_outside20,1395,False,stayed_outside20
1884,D:\deep-person-reid\reid-data\dukemtmc-reid\DukeMTMC-reID/query\4315_c7_f0081121.jpg,4315,5,False,5,False,stayed_inside20,12,False,stayed_inside20,6,False,stayed_inside20
1885,D:\deep-person-reid\reid-data\dukemtmc-reid\DukeMTMC-reID/query\4315_c8_f0054966.jpg,4315,8,False,15,False,stayed_inside20,7,False,stayed_inside20,11,False,stayed_inside20
1886,D:\deep-person-reid\reid-data\dukemtmc-reid\DukeMTMC-reID/query\4321_c6_f0076999.jpg,4321,1,True,1,True,stayed_inside20,1,True,stayed_inside20,1,True,stayed_inside20
1887,D:\deep-person-reid\reid-data\dukemtmc-reid\DukeMTMC-reID/query\4321_c7_f0081702.jpg,4321,1027,False,2250,False,stayed_outside20,427,False,stayed_outside20,759,False,stayed_outside20
1888,D:\deep-person-reid\reid-data\dukemtmc-reid\DukeMTMC-reID/query\4321_c8_f0055595.jpg,4321,5893,False,8293,False,stayed_outside20,6044,False,stayed_outside20,4231,False,stayed_outside20
1889,D:\deep-person-reid\reid-data\dukemtmc-reid\DukeMTMC-reID/query\4324_c6_f0077835.jpg,4324,20,False,68,False,inside20_to_outside20,90,False,inside20_to_outside20,105,False,inside20_to_outside20
1890,D:\deep-person-reid\reid-data\dukemtmc-reid\DukeMTMC-reID/query\4324_c7_f0080715.jpg,4324,1,True,3,False,stayed_inside20,1,True,stayed_inside20,1,True,stayed_inside20
1891,D:\deep-person-reid\reid-data\dukemtmc-reid\DukeMTMC-reID/query\4324_c8_f0051765.jpg,4324,784,False,1850,False,stayed_outside20,1243,False,stayed_outside20,4120,False,stayed_outside20
1892,D:\deep-person-reid\reid-data\dukemtmc-reid\DukeMTMC-reID/query\4326_c6_f0078936.jpg,4326,1,True,2,False,stayed_inside20,1,True,stayed_inside20,1,True,stayed_inside20
1893,D:\deep-person-reid\reid-data\dukemtmc-reid\DukeMTMC-reID/query\4326_c7_f0080795.jpg,4326,3,False,2,False,stayed_inside20,2,False,stayed_inside20,2,False,stayed_inside20
1894,D:\deep-person-reid\reid-data\dukemtmc-reid\DukeMTMC-reID/query\4326_c8_f0051422.jpg,4326,30,False,63,False,stayed_outside20,85,False,stayed_outside20,548,False,stayed_outside20
1895,D:\deep-person-reid\reid-data\dukemtmc-reid\DukeMTMC-reID/query\4329_c6_f0078777.jpg,4329,61,False,42,False,stayed_outside20,79,False,stayed_outside20,49,False,stayed_outside20
1896,D:\deep-person-reid\reid-data\dukemtmc-reid\DukeMTMC-reID/query\4329_c7_f0083303.jpg,4329,51,False,58,False,stayed_outside20,52,False,stayed_outside20,53,False,stayed_outside20
1897,D:\deep-person-reid\reid-data\dukemtmc-reid\DukeMTMC-reID/query\4329_c8_f0056818.jpg,4329,7188,False,5216,False,stayed_outside20,8789,False,stayed_outside20,8353,False,stayed_outside20
1898,D:\deep-person-reid\reid-data\dukemtmc-reid\DukeMTMC-reID/query\4331_c6_f0078823.jpg,4331,1,True,1,True,stayed_inside20,1,True,stayed_inside20,1,True,stayed_inside20
1899,D:\deep-person-reid\reid-data\dukemtmc-reid\DukeMTMC-reID/query\4331_c7_f0081089.jpg,4331,10,False,27,False,inside20_to_outside20,3,False,stayed_inside20,1,True,stayed_inside20
1900,D:\deep-person-reid\reid-data\dukemtmc-reid\DukeMTMC-reID/query\4331_c8_f0051594.jpg,4331,658,False,1522,False,stayed_outside20,1393,False,stayed_outside20,2924,False,stayed_outside20
1901,D:\deep-person-reid\reid-data\dukemtmc-reid\DukeMTMC-reID/query\4332_c6_f0079921.jpg,4332,217,False,803,False,stayed_outside20,44,False,stayed_outside20,221,False,stayed_outside20
1902,D:\deep-person-reid\reid-data\dukemtmc-reid\DukeMTMC-reID/query\4332_c7_f0084451.jpg,4332,344,False,319,False,stayed_outside20,405,False,stayed_outside20,37,False,stayed_outside20
1903,D:\deep-person-reid\reid-data\dukemtmc-reid\DukeMTMC-reID/query\4332_c8_f0058046.jpg,4332,7,False,20,False,stayed_inside20,5,False,stayed_inside20,9,False,stayed_inside20
1904,D:\deep-person-reid\reid-data\dukemtmc-reid\DukeMTMC-reID/query\4334_c6_f0079646.jpg,4334,1,True,1,True,stayed_inside20,1,True,stayed_inside20,1,True,stayed_inside20
1905,D:\deep-person-reid\reid-data\dukemtmc-reid\DukeMTMC-reID/query\4334_c7_f0084070.jpg,4334,15,False,118,False,inside20_to_outside20,46,False,inside20_to_outside20,795,False,inside20_to_outside20
1906,D:\deep-person-reid\reid-data\dukemtmc-reid\DukeMTMC-reID/query\4334_c8_f0058160.jpg,4334,15,False,28,False,inside20_to_outside20,139,False,inside20_to_outside20,1013,False,inside20_to_outside20
1907,D:\deep-person-reid\reid-data\dukemtmc-reid\DukeMTMC-reID/query\4335_c6_f0080041.jpg,4335,1,True,1,True,stayed_inside20,1,True,stayed_inside20,1,True,stayed_inside20
1908,D:\deep-person-reid\reid-data\dukemtmc-reid\DukeMTMC-reID/query\4335_c7_f0082477.jpg,4335,1,True,1,True,stayed_inside20,1,True,stayed_inside20,1,True,stayed_inside20
1909,D:\deep-person-reid\reid-data\dukemtmc-reid\DukeMTMC-reID/query\4335_c8_f0052639.jpg,4335,12,False,329,False,inside20_to_outside20,50,False,inside20_to_outside20,468,False,inside20_to_outside20
1910,D:\deep-person-reid\reid-data\dukemtmc-reid\DukeMTMC-reID/query\4337_c6_f0080459.jpg,4337,3,False,1,True,stayed_inside20,3,False,stayed_inside20,1,True,stayed_inside20
1911,D:\deep-person-reid\reid-data\dukemtmc-reid\DukeMTMC-reID/query\4337_c7_f0082701.jpg,4337,1,True,1,True,stayed_inside20,1,True,stayed_inside20,1,True,stayed_inside20
1912,D:\deep-person-reid\reid-data\dukemtmc-reid\DukeMTMC-reID/query\4337_c8_f0053460.jpg,4337,4,False,3,False,stayed_inside20,4,False,stayed_inside20,7,False,stayed_inside20
1913,D:\deep-person-reid\reid-data\dukemtmc-reid\DukeMTMC-reID/query\4341_c6_f0080893.jpg,4341,1,True,1,True,stayed_inside20,1,True,stayed_inside20,1,True,stayed_inside20
1914,D:\deep-person-reid\reid-data\dukemtmc-reid\DukeMTMC-reID/query\4341_c7_f0085352.jpg,4341,1,True,1,True,stayed_inside20,1,True,stayed_inside20,1,True,stayed_inside20
1915,D:\deep-person-reid\reid-data\dukemtmc-reid\DukeMTMC-reID/query\4341_c8_f0059160.jpg,4341,7,False,1,True,stayed_inside20,4,False,stayed_inside20,2,False,stayed_inside20
1916,D:\deep-person-reid\reid-data\dukemtmc-reid\DukeMTMC-reID/query\4349_c6_f0082956.jpg,4349,1,True,7,False,stayed_inside20,1,True,stayed_inside20,1,True,stayed_inside20
1917,D:\deep-person-reid\reid-data\dukemtmc-reid\DukeMTMC-reID/query\4349_c7_f0087163.jpg,4349,160,False,235,False,stayed_outside20,66,False,stayed_outside20,153,False,stayed_outside20
1918,D:\deep-person-reid\reid-data\dukemtmc-reid\DukeMTMC-reID/query\4349_c8_f0061399.jpg,4349,36,False,945,False,stayed_outside20,478,False,stayed_outside20,2212,False,stayed_outside20
1919,D:\deep-person-reid\reid-data\dukemtmc-reid\DukeMTMC-reID/query\4356_c6_f0083678.jpg,4356,33,False,27,False,stayed_outside20,8,False,outside20_to_inside20,2,False,outside20_to_inside20
1920,D:\deep-person-reid\reid-data\dukemtmc-reid\DukeMTMC-reID/query\4356_c7_f0088463.jpg,4356,1,True,1,True,stayed_inside20,1,True,stayed_inside20,1,True,stayed_inside20
1921,D:\deep-person-reid\reid-data\dukemtmc-reid\DukeMTMC-reID/query\4356_c8_f0062392.jpg,4356,6,False,6,False,stayed_inside20,93,False,inside20_to_outside20,386,False,inside20_to_outside20
1922,D:\deep-person-reid\reid-data\dukemtmc-reid\DukeMTMC-reID/query\4361_c6_f0084669.jpg,4361,1,True,1,True,stayed_inside20,2,False,stayed_inside20,1,True,stayed_inside20
1923,D:\deep-person-reid\reid-data\dukemtmc-reid\DukeMTMC-reID/query\4361_c7_f0086489.jpg,4361,1,True,1,True,stayed_inside20,4,False,stayed_inside20,2,False,stayed_inside20
1924,D:\deep-person-reid\reid-data\dukemtmc-reid\DukeMTMC-reID/query\4361_c8_f0056651.jpg,4361,8,False,21,False,inside20_to_outside20,54,False,inside20_to_outside20,120,False,inside20_to_outside20
1925,D:\deep-person-reid\reid-data\dukemtmc-reid\DukeMTMC-reID/query\4366_c6_f0085612.jpg,4366,3,False,8,False,stayed_inside20,1,True,stayed_inside20,6,False,stayed_inside20
1926,D:\deep-person-reid\reid-data\dukemtmc-reid\DukeMTMC-reID/query\4366_c7_f0087170.jpg,4366,85,False,163,False,stayed_outside20,44,False,stayed_outside20,80,False,stayed_outside20
1927,D:\deep-person-reid\reid-data\dukemtmc-reid\DukeMTMC-reID/query\4366_c8_f0057995.jpg,4366,1,True,3,False,stayed_inside20,3,False,stayed_inside20,2,False,stayed_inside20
1928,D:\deep-person-reid\reid-data\dukemtmc-reid\DukeMTMC-reID/query\4372_c6_f0085925.jpg,4372,73,False,125,False,stayed_outside20,131,False,stayed_outside20,34,False,stayed_outside20
1929,D:\deep-person-reid\reid-data\dukemtmc-reid\DukeMTMC-reID/query\4372_c7_f0088790.jpg,4372,1,True,17,False,stayed_inside20,6,False,stayed_inside20,32,False,inside20_to_outside20
1930,D:\deep-person-reid\reid-data\dukemtmc-reid\DukeMTMC-reID/query\4372_c8_f0059174.jpg,4372,954,False,381,False,stayed_outside20,138,False,stayed_outside20,622,False,stayed_outside20
1931,D:\deep-person-reid\reid-data\dukemtmc-reid\DukeMTMC-reID/query\4373_c6_f0086371.jpg,4373,36,False,25,False,stayed_outside20,34,False,stayed_outside20,28,False,stayed_outside20
1932,D:\deep-person-reid\reid-data\dukemtmc-reid\DukeMTMC-reID/query\4373_c7_f0088940.jpg,4373,3,False,20,False,stayed_inside20,2,False,stayed_inside20,7,False,stayed_inside20
1933,D:\deep-person-reid\reid-data\dukemtmc-reid\DukeMTMC-reID/query\4373_c8_f0059359.jpg,4373,836,False,2552,False,stayed_outside20,615,False,stayed_outside20,2878,False,stayed_outside20
1934,D:\deep-person-reid\reid-data\dukemtmc-reid\DukeMTMC-reID/query\4374_c6_f0086929.jpg,4374,1,True,1,True,stayed_inside20,1,True,stayed_inside20,1,True,stayed_inside20
1935,D:\deep-person-reid\reid-data\dukemtmc-reid\DukeMTMC-reID/query\4374_c7_f0093773.jpg,4374,2,False,2,False,stayed_inside20,2,False,stayed_inside20,1,True,stayed_inside20
1936,D:\deep-person-reid\reid-data\dukemtmc-reid\DukeMTMC-reID/query\4374_c8_f0067700.jpg,4374,1,True,1,True,stayed_inside20,1,True,stayed_inside20,1,True,stayed_inside20
1937,D:\deep-person-reid\reid-data\dukemtmc-reid\DukeMTMC-reID/query\4380_c6_f0087549.jpg,4380,1,True,1,True,stayed_inside20,1,True,stayed_inside20,1,True,stayed_inside20
1938,D:\deep-person-reid\reid-data\dukemtmc-reid\DukeMTMC-reID/query\4380_c7_f0089246.jpg,4380,4,False,2,False,stayed_inside20,1,True,stayed_inside20,1,True,stayed_inside20
1939,D:\deep-person-reid\reid-data\dukemtmc-reid\DukeMTMC-reID/query\4380_c8_f0060124.jpg,4380,2,False,17,False,stayed_inside20,1,True,stayed_inside20,75,False,inside20_to_outside20
1940,D:\deep-person-reid\reid-data\dukemtmc-reid\DukeMTMC-reID/query\4386_c6_f0088297.jpg,4386,1,True,2,False,stayed_inside20,1,True,stayed_inside20,1,True,stayed_inside20
1941,D:\deep-person-reid\reid-data\dukemtmc-reid\DukeMTMC-reID/query\4386_c7_f0090221.jpg,4386,1,True,1,True,stayed_inside20,1,True,stayed_inside20,1,True,stayed_inside20
1942,D:\deep-person-reid\reid-data\dukemtmc-reid\DukeMTMC-reID/query\4386_c8_f0060390.jpg,4386,1512,False,1894,False,stayed_outside20,4682,False,stayed_outside20,4980,False,stayed_outside20
1943,D:\deep-person-reid\reid-data\dukemtmc-reid\DukeMTMC-reID/query\4392_c6_f0088568.jpg,4392,1,True,1,True,stayed_inside20,2,False,stayed_inside20,2,False,stayed_inside20
1944,D:\deep-person-reid\reid-data\dukemtmc-reid\DukeMTMC-reID/query\4392_c7_f0094695.jpg,4392,807,False,929,False,stayed_outside20,1482,False,stayed_outside20,1606,False,stayed_outside20
1945,D:\deep-person-reid\reid-data\dukemtmc-reid\DukeMTMC-reID/query\4392_c8_f0082292.jpg,4392,3285,False,3752,False,stayed_outside20,8176,False,stayed_outside20,8400,False,stayed_outside20
1946,D:\deep-person-reid\reid-data\dukemtmc-reid\DukeMTMC-reID/query\4398_c6_f0089521.jpg,4398,1,True,1,True,stayed_inside20,1,True,stayed_inside20,1,True,stayed_inside20
1947,D:\deep-person-reid\reid-data\dukemtmc-reid\DukeMTMC-reID/query\4398_c7_f0094200.jpg,4398,2,False,4,False,stayed_inside20,1,True,stayed_inside20,1,True,stayed_inside20
1948,D:\deep-person-reid\reid-data\dukemtmc-reid\DukeMTMC-reID/query\4398_c8_f0067292.jpg,4398,5,False,10,False,stayed_inside20,4,False,stayed_inside20,1,True,stayed_inside20
1949,D:\deep-person-reid\reid-data\dukemtmc-reid\DukeMTMC-reID/query\4405_c6_f0090766.jpg,4405,2,False,1,True,stayed_inside20,2,False,stayed_inside20,1,True,stayed_inside20
1950,D:\deep-person-reid\reid-data\dukemtmc-reid\DukeMTMC-reID/query\4405_c7_f0092580.jpg,4405,1,True,1,True,stayed_inside20,1,True,stayed_inside20,1,True,stayed_inside20
1951,D:\deep-person-reid\reid-data\dukemtmc-reid\DukeMTMC-reID/query\4405_c8_f0063257.jpg,4405,2,False,1,True,stayed_inside20,1,True,stayed_inside20,1,True,stayed_inside20
1952,D:\deep-person-reid\reid-data\dukemtmc-reid\DukeMTMC-reID/query\4416_c6_f0094075.jpg,4416,3,False,1,True,stayed_inside20,2,False,stayed_inside20,1,True,stayed_inside20
1953,D:\deep-person-reid\reid-data\dukemtmc-reid\DukeMTMC-reID/query\4416_c7_f0095936.jpg,4416,1,True,3,False,stayed_inside20,1,True,stayed_inside20,1,True,stayed_inside20
1954,D:\deep-person-reid\reid-data\dukemtmc-reid\DukeMTMC-reID/query\4416_c8_f0066681.jpg,4416,1,True,1,True,stayed_inside20,1,True,stayed_inside20,1,True,stayed_inside20
1955,D:\deep-person-reid\reid-data\dukemtmc-reid\DukeMTMC-reID/query\4419_c6_f0094764.jpg,4419,1,True,1,True,stayed_inside20,1,True,stayed_inside20,1,True,stayed_inside20
1956,D:\deep-person-reid\reid-data\dukemtmc-reid\DukeMTMC-reID/query\4419_c7_f0093567.jpg,4419,5,False,5,False,stayed_inside20,2,False,stayed_inside20,1,True,stayed_inside20
1957,D:\deep-person-reid\reid-data\dukemtmc-reid\DukeMTMC-reID/query\4419_c8_f0064584.jpg,4419,10,False,77,False,inside20_to_outside20,74,False,inside20_to_outside20,530,False,inside20_to_outside20
1958,D:\deep-person-reid\reid-data\dukemtmc-reid\DukeMTMC-reID/query\4422_c6_f0095379.jpg,4422,1,True,1,True,stayed_inside20,1,True,stayed_inside20,1,True,stayed_inside20
1959,D:\deep-person-reid\reid-data\dukemtmc-reid\DukeMTMC-reID/query\4422_c7_f0097319.jpg,4422,1,True,1,True,stayed_inside20,5,False,stayed_inside20,1,True,stayed_inside20
1960,D:\deep-person-reid\reid-data\dukemtmc-reid\DukeMTMC-reID/query\4422_c8_f0068075.jpg,4422,1,True,1,True,stayed_inside20,1,True,stayed_inside20,1,True,stayed_inside20
1961,D:\deep-person-reid\reid-data\dukemtmc-reid\DukeMTMC-reID/query\4427_c6_f0095716.jpg,4427,1,True,1,True,stayed_inside20,1,True,stayed_inside20,1,True,stayed_inside20
1962,D:\deep-person-reid\reid-data\dukemtmc-reid\DukeMTMC-reID/query\4427_c7_f0099946.jpg,4427,1,True,1,True,stayed_inside20,1,True,stayed_inside20,1,True,stayed_inside20
1963,D:\deep-person-reid\reid-data\dukemtmc-reid\DukeMTMC-reID/query\4427_c8_f0073757.jpg,4427,18,False,40,False,inside20_to_outside20,4,False,stayed_inside20,17,False,stayed_inside20
1964,D:\deep-person-reid\reid-data\dukemtmc-reid\DukeMTMC-reID/query\4428_c6_f0095815.jpg,4428,52,False,142,False,stayed_outside20,2,False,outside20_to_inside20,8,False,outside20_to_inside20
1965,D:\deep-person-reid\reid-data\dukemtmc-reid\DukeMTMC-reID/query\4428_c7_f0097764.jpg,4428,605,False,1225,False,stayed_outside20,392,False,stayed_outside20,332,False,stayed_outside20
1966,D:\deep-person-reid\reid-data\dukemtmc-reid\DukeMTMC-reID/query\4428_c8_f0068557.jpg,4428,595,False,1049,False,stayed_outside20,974,False,stayed_outside20,480,False,stayed_outside20
1967,D:\deep-person-reid\reid-data\dukemtmc-reid\DukeMTMC-reID/query\4433_c6_f0095945.jpg,4433,12,False,11,False,stayed_inside20,34,False,inside20_to_outside20,22,False,inside20_to_outside20
1968,D:\deep-person-reid\reid-data\dukemtmc-reid\DukeMTMC-reID/query\4433_c7_f0098425.jpg,4433,4,False,3,False,stayed_inside20,2,False,stayed_inside20,2,False,stayed_inside20
1969,D:\deep-person-reid\reid-data\dukemtmc-reid\DukeMTMC-reID/query\4433_c8_f0069086.jpg,4433,1,True,1,True,stayed_inside20,3,False,stayed_inside20,3,False,stayed_inside20
1970,D:\deep-person-reid\reid-data\dukemtmc-reid\DukeMTMC-reID/query\4443_c6_f0097972.jpg,4443,2,False,2,False,stayed_inside20,1,True,stayed_inside20,1,True,stayed_inside20
1971,D:\deep-person-reid\reid-data\dukemtmc-reid\DukeMTMC-reID/query\4443_c7_f0100735.jpg,4443,1,True,8,False,stayed_inside20,1,True,stayed_inside20,1,True,stayed_inside20
1972,D:\deep-person-reid\reid-data\dukemtmc-reid\DukeMTMC-reID/query\4443_c8_f0071084.jpg,4443,1885,False,2531,False,stayed_outside20,3401,False,stayed_outside20,1525,False,stayed_outside20
1973,D:\deep-person-reid\reid-data\dukemtmc-reid\DukeMTMC-reID/query\4447_c6_f0098362.jpg,4447,113,False,71,False,stayed_outside20,79,False,stayed_outside20,26,False,stayed_outside20
1974,D:\deep-person-reid\reid-data\dukemtmc-reid\DukeMTMC-reID/query\4447_c7_f0101279.jpg,4447,47,False,95,False,stayed_outside20,53,False,stayed_outside20,73,False,stayed_outside20
1975,D:\deep-person-reid\reid-data\dukemtmc-reid\DukeMTMC-reID/query\4447_c8_f0071581.jpg,4447,97,False,82,False,stayed_outside20,108,False,stayed_outside20,83,False,stayed_outside20
1976,D:\deep-person-reid\reid-data\dukemtmc-reid\DukeMTMC-reID/query\4449_c6_f0099329.jpg,4449,3,False,4,False,stayed_inside20,5,False,stayed_inside20,10,False,stayed_inside20
1977,D:\deep-person-reid\reid-data\dukemtmc-reid\DukeMTMC-reID/query\4449_c7_f0101054.jpg,4449,31,False,67,False,stayed_outside20,84,False,stayed_outside20,262,False,stayed_outside20
1978,D:\deep-person-reid\reid-data\dukemtmc-reid\DukeMTMC-reID/query\4449_c8_f0072036.jpg,4449,8,False,32,False,inside20_to_outside20,30,False,inside20_to_outside20,89,False,inside20_to_outside20
1979,D:\deep-person-reid\reid-data\dukemtmc-reid\DukeMTMC-reID/query\4459_c6_f0100479.jpg,4459,1,True,1,True,stayed_inside20,1,True,stayed_inside20,1,True,stayed_inside20
1980,D:\deep-person-reid\reid-data\dukemtmc-reid\DukeMTMC-reID/query\4459_c7_f0106181.jpg,4459,35,False,59,False,stayed_outside20,73,False,stayed_outside20,63,False,stayed_outside20
1981,D:\deep-person-reid\reid-data\dukemtmc-reid\DukeMTMC-reID/query\4459_c8_f0079508.jpg,4459,29,False,61,False,stayed_outside20,57,False,stayed_outside20,41,False,stayed_outside20
1982,D:\deep-person-reid\reid-data\dukemtmc-reid\DukeMTMC-reID/query\4460_c6_f0102082.jpg,4460,1,True,1,True,stayed_inside20,1,True,stayed_inside20,1,True,stayed_inside20
1983,D:\deep-person-reid\reid-data\dukemtmc-reid\DukeMTMC-reID/query\4460_c7_f0103865.jpg,4460,1,True,1,True,stayed_inside20,1,True,stayed_inside20,1,True,stayed_inside20
1984,D:\deep-person-reid\reid-data\dukemtmc-reid\DukeMTMC-reID/query\4460_c8_f0074538.jpg,4460,1,True,1,True,stayed_inside20,1,True,stayed_inside20,1,True,stayed_inside20
1985,D:\deep-person-reid\reid-data\dukemtmc-reid\DukeMTMC-reID/query\4473_c6_f0103047.jpg,4473,11,False,2,False,stayed_inside20,1,True,stayed_inside20,1,True,stayed_inside20
1986,D:\deep-person-reid\reid-data\dukemtmc-reid\DukeMTMC-reID/query\4473_c7_f0105727.jpg,4473,5,False,162,False,inside20_to_outside20,41,False,inside20_to_outside20,1934,False,inside20_to_outside20
1987,D:\deep-person-reid\reid-data\dukemtmc-reid\DukeMTMC-reID/query\4473_c8_f0075272.jpg,4473,1,True,1,True,stayed_inside20,1,True,stayed_inside20,1,True,stayed_inside20
1988,D:\deep-person-reid\reid-data\dukemtmc-reid\DukeMTMC-reID/query\4477_c6_f0103486.jpg,4477,1,True,1,True,stayed_inside20,1,True,stayed_inside20,1,True,stayed_inside20
1989,D:\deep-person-reid\reid-data\dukemtmc-reid\DukeMTMC-reID/query\4477_c7_f0108643.jpg,4477,1,True,2,False,stayed_inside20,4,False,stayed_inside20,1,True,stayed_inside20
1990,D:\deep-person-reid\reid-data\dukemtmc-reid\DukeMTMC-reID/query\4477_c8_f0082200.jpg,4477,1,True,1,True,stayed_inside20,1,True,stayed_inside20,1,True,stayed_inside20
1991,D:\deep-person-reid\reid-data\dukemtmc-reid\DukeMTMC-reID/query\4480_c6_f0104683.jpg,4480,351,False,855,False,stayed_outside20,428,False,stayed_outside20,1067,False,stayed_outside20
1992,D:\deep-person-reid\reid-data\dukemtmc-reid\DukeMTMC-reID/query\4480_c7_f0106867.jpg,4480,2,False,3,False,stayed_inside20,2,False,stayed_inside20,2,False,stayed_inside20
1993,D:\deep-person-reid\reid-data\dukemtmc-reid\DukeMTMC-reID/query\4480_c8_f0077788.jpg,4480,3,False,1,True,stayed_inside20,6,False,stayed_inside20,5,False,stayed_inside20
1994,D:\deep-person-reid\reid-data\dukemtmc-reid\DukeMTMC-reID/query\4483_c6_f0105768.jpg,4483,6,False,38,False,inside20_to_outside20,1,True,stayed_inside20,1,True,stayed_inside20
1995,D:\deep-person-reid\reid-data\dukemtmc-reid\DukeMTMC-reID/query\4483_c7_f0109900.jpg,4483,15,False,659,False,inside20_to_outside20,25,False,inside20_to_outside20,128,False,inside20_to_outside20
1996,D:\deep-person-reid\reid-data\dukemtmc-reid\DukeMTMC-reID/query\4483_c8_f0083869.jpg,4483,12,False,67,False,inside20_to_outside20,1,True,stayed_inside20,8,False,stayed_inside20
1997,D:\deep-person-reid\reid-data\dukemtmc-reid\DukeMTMC-reID/query\4489_c6_f0106159.jpg,4489,1,True,1,True,stayed_inside20,1,True,stayed_inside20,1,True,stayed_inside20
1998,D:\deep-person-reid\reid-data\dukemtmc-reid\DukeMTMC-reID/query\4489_c7_f0111482.jpg,4489,11,False,799,False,inside20_to_outside20,2,False,stayed_inside20,1,True,stayed_inside20
1999,D:\deep-person-reid\reid-data\dukemtmc-reid\DukeMTMC-reID/query\4489_c8_f0084876.jpg,4489,43,False,68,False,stayed_outside20,19,False,outside20_to_inside20,24,False,stayed_outside20
2000,D:\deep-person-reid\reid-data\dukemtmc-reid\DukeMTMC-reID/query\4494_c6_f0107868.jpg,4494,6,False,10,False,stayed_inside20,12,False,stayed_inside20,29,False,inside20_to_outside20
2001,D:\deep-person-reid\reid-data\dukemtmc-reid\DukeMTMC-reID/query\4494_c7_f0110425.jpg,4494,5,False,8,False,stayed_inside20,1,True,stayed_inside20,14,False,stayed_inside20
2002,D:\deep-person-reid\reid-data\dukemtmc-reid\DukeMTMC-reID/query\4494_c8_f0081225.jpg,4494,80,False,384,False,stayed_outside20,260,False,stayed_outside20,1037,False,stayed_outside20
2003,D:\deep-person-reid\reid-data\dukemtmc-reid\DukeMTMC-reID/query\4500_c6_f0109869.jpg,4500,307,False,30,False,stayed_outside20,8,False,outside20_to_inside20,2,False,outside20_to_inside20
2004,D:\deep-person-reid\reid-data\dukemtmc-reid\DukeMTMC-reID/query\4500_c7_f0111171.jpg,4500,24,False,29,False,stayed_outside20,5,False,outside20_to_inside20,3,False,outside20_to_inside20
2005,D:\deep-person-reid\reid-data\dukemtmc-reid\DukeMTMC-reID/query\4500_c8_f0081052.jpg,4500,1152,False,2053,False,stayed_outside20,1633,False,stayed_outside20,1642,False,stayed_outside20
2006,D:\deep-person-reid\reid-data\dukemtmc-reid\DukeMTMC-reID/query\4503_c6_f0109212.jpg,4503,117,False,54,False,stayed_outside20,6,False,outside20_to_inside20,6,False,outside20_to_inside20
2007,D:\deep-person-reid\reid-data\dukemtmc-reid\DukeMTMC-reID/query\4503_c7_f0111899.jpg,4503,1,True,1,True,stayed_inside20,1,True,stayed_inside20,1,True,stayed_inside20
2008,D:\deep-person-reid\reid-data\dukemtmc-reid\DukeMTMC-reID/query\4503_c8_f0082235.jpg,4503,1,True,1,True,stayed_inside20,1,True,stayed_inside20,1,True,stayed_inside20
2009,D:\deep-person-reid\reid-data\dukemtmc-reid\DukeMTMC-reID/query\4504_c6_f0109412.jpg,4504,6339,False,6755,False,stayed_outside20,5374,False,stayed_outside20,5153,False,stayed_outside20
2010,D:\deep-person-reid\reid-data\dukemtmc-reid\DukeMTMC-reID/query\4504_c7_f0111393.jpg,4504,57,False,47,False,stayed_outside20,2,False,outside20_to_inside20,4,False,outside20_to_inside20
2011,D:\deep-person-reid\reid-data\dukemtmc-reid\DukeMTMC-reID/query\4504_c8_f0081886.jpg,4504,86,False,1289,False,stayed_outside20,262,False,stayed_outside20,892,False,stayed_outside20
2012,D:\deep-person-reid\reid-data\dukemtmc-reid\DukeMTMC-reID/query\4508_c6_f0110908.jpg,4508,1,True,1,True,stayed_inside20,1,True,stayed_inside20,1,True,stayed_inside20
2013,D:\deep-person-reid\reid-data\dukemtmc-reid\DukeMTMC-reID/query\4508_c7_f0112912.jpg,4508,1,True,1,True,stayed_inside20,1,True,stayed_inside20,1,True,stayed_inside20
2014,D:\deep-person-reid\reid-data\dukemtmc-reid\DukeMTMC-reID/query\4508_c8_f0083757.jpg,4508,1,True,1,True,stayed_inside20,1,True,stayed_inside20,1,True,stayed_inside20
2015,D:\deep-person-reid\reid-data\dukemtmc-reid\DukeMTMC-reID/query\4510_c6_f0111323.jpg,4510,1,True,1,True,stayed_inside20,1,True,stayed_inside20,1,True,stayed_inside20
2016,D:\deep-person-reid\reid-data\dukemtmc-reid\DukeMTMC-reID/query\4510_c7_f0116190.jpg,4510,23,False,33,False,stayed_outside20,2,False,outside20_to_inside20,1,True,outside20_to_inside20
2017,D:\deep-person-reid\reid-data\dukemtmc-reid\DukeMTMC-reID/query\4510_c8_f0089683.jpg,4510,280,False,669,False,stayed_outside20,406,False,stayed_outside20,117,False,stayed_outside20
2018,D:\deep-person-reid\reid-data\dukemtmc-reid\DukeMTMC-reID/query\4511_c6_f0111629.jpg,4511,1,True,1,True,stayed_inside20,1,True,stayed_inside20,1,True,stayed_inside20
2019,D:\deep-person-reid\reid-data\dukemtmc-reid\DukeMTMC-reID/query\4511_c7_f0113823.jpg,4511,1,True,1,True,stayed_inside20,1,True,stayed_inside20,1,True,stayed_inside20
2020,D:\deep-person-reid\reid-data\dukemtmc-reid\DukeMTMC-reID/query\4511_c8_f0084635.jpg,4511,129,False,227,False,stayed_outside20,532,False,stayed_outside20,288,False,stayed_outside20
2021,D:\deep-person-reid\reid-data\dukemtmc-reid\DukeMTMC-reID/query\4514_c6_f0113058.jpg,4514,53,False,65,False,stayed_outside20,82,False,stayed_outside20,59,False,stayed_outside20
2022,D:\deep-person-reid\reid-data\dukemtmc-reid\DukeMTMC-reID/query\4514_c7_f0115566.jpg,4514,1,True,1,True,stayed_inside20,5,False,stayed_inside20,50,False,inside20_to_outside20
2023,D:\deep-person-reid\reid-data\dukemtmc-reid\DukeMTMC-reID/query\4514_c8_f0086403.jpg,4514,574,False,641,False,stayed_outside20,762,False,stayed_outside20,2739,False,stayed_outside20
2024,D:\deep-person-reid\reid-data\dukemtmc-reid\DukeMTMC-reID/query\4519_c6_f0115726.jpg,4519,1,True,1,True,stayed_inside20,2,False,stayed_inside20,1,True,stayed_inside20
2025,D:\deep-person-reid\reid-data\dukemtmc-reid\DukeMTMC-reID/query\4519_c7_f0117916.jpg,4519,1,True,1,True,stayed_inside20,1,True,stayed_inside20,2,False,stayed_inside20
2026,D:\deep-person-reid\reid-data\dukemtmc-reid\DukeMTMC-reID/query\4519_c8_f0088643.jpg,4519,39,False,357,False,stayed_outside20,149,False,stayed_outside20,617,False,stayed_outside20
2027,D:\deep-person-reid\reid-data\dukemtmc-reid\DukeMTMC-reID/query\4521_c6_f0116273.jpg,4521,1,True,1,True,stayed_inside20,1,True,stayed_inside20,1,True,stayed_inside20
2028,D:\deep-person-reid\reid-data\dukemtmc-reid\DukeMTMC-reID/query\4521_c7_f0118369.jpg,4521,1,True,1,True,stayed_inside20,2,False,stayed_inside20,4,False,stayed_inside20
2029,D:\deep-person-reid\reid-data\dukemtmc-reid\DukeMTMC-reID/query\4521_c8_f0089230.jpg,4521,8,False,1,True,stayed_inside20,53,False,inside20_to_outside20,34,False,inside20_to_outside20
2030,D:\deep-person-reid\reid-data\dukemtmc-reid\DukeMTMC-reID/query\4540_c6_f0120241.jpg,4540,16,False,5,False,stayed_inside20,1,True,stayed_inside20,1,True,stayed_inside20
2031,D:\deep-person-reid\reid-data\dukemtmc-reid\DukeMTMC-reID/query\4540_c7_f0122587.jpg,4540,17,False,27,False,inside20_to_outside20,24,False,inside20_to_outside20,76,False,inside20_to_outside20
2032,D:\deep-person-reid\reid-data\dukemtmc-reid\DukeMTMC-reID/query\4540_c8_f0092912.jpg,4540,7,False,7,False,stayed_inside20,8,False,stayed_inside20,6,False,stayed_inside20
2033,D:\deep-person-reid\reid-data\dukemtmc-reid\DukeMTMC-reID/query\4541_c6_f0121186.jpg,4541,3966,False,5928,False,stayed_outside20,3670,False,stayed_outside20,3943,False,stayed_outside20
2034,D:\deep-person-reid\reid-data\dukemtmc-reid\DukeMTMC-reID/query\4541_c7_f0125454.jpg,4541,1,True,1,True,stayed_inside20,1,True,stayed_inside20,1,True,stayed_inside20
2035,D:\deep-person-reid\reid-data\dukemtmc-reid\DukeMTMC-reID/query\4541_c8_f0099545.jpg,4541,789,False,549,False,stayed_outside20,1386,False,stayed_outside20,1634,False,stayed_outside20
2036,D:\deep-person-reid\reid-data\dukemtmc-reid\DukeMTMC-reID/query\4547_c6_f0121187.jpg,4547,1,True,1,True,stayed_inside20,1,True,stayed_inside20,1,True,stayed_inside20
2037,D:\deep-person-reid\reid-data\dukemtmc-reid\DukeMTMC-reID/query\4547_c7_f0124133.jpg,4547,1,True,1,True,stayed_inside20,1,True,stayed_inside20,1,True,stayed_inside20
2038,D:\deep-person-reid\reid-data\dukemtmc-reid\DukeMTMC-reID/query\4547_c8_f0094365.jpg,4547,4,False,4,False,stayed_inside20,29,False,inside20_to_outside20,130,False,inside20_to_outside20
2039,D:\deep-person-reid\reid-data\dukemtmc-reid\DukeMTMC-reID/query\4550_c6_f0123830.jpg,4550,1,True,1,True,stayed_inside20,1,True,stayed_inside20,1,True,stayed_inside20
2040,D:\deep-person-reid\reid-data\dukemtmc-reid\DukeMTMC-reID/query\4550_c7_f0126336.jpg,4550,1,True,1,True,stayed_inside20,1,True,stayed_inside20,1,True,stayed_inside20
2041,D:\deep-person-reid\reid-data\dukemtmc-reid\DukeMTMC-reID/query\4550_c8_f0096776.jpg,4550,46,False,86,False,stayed_outside20,36,False,stayed_outside20,35,False,stayed_outside20
2042,D:\deep-person-reid\reid-data\dukemtmc-reid\DukeMTMC-reID/query\4558_c6_f0127818.jpg,4558,17,False,6,False,stayed_inside20,2,False,stayed_inside20,1,True,stayed_inside20
2043,D:\deep-person-reid\reid-data\dukemtmc-reid\DukeMTMC-reID/query\4558_c7_f0130102.jpg,4558,4,False,2,False,stayed_inside20,8,False,stayed_inside20,61,False,inside20_to_outside20
2044,D:\deep-person-reid\reid-data\dukemtmc-reid\DukeMTMC-reID/query\4558_c8_f0100288.jpg,4558,11,False,16,False,stayed_inside20,6,False,stayed_inside20,4,False,stayed_inside20
2045,D:\deep-person-reid\reid-data\dukemtmc-reid\DukeMTMC-reID/query\4560_c6_f0128753.jpg,4560,1,True,1,True,stayed_inside20,2,False,stayed_inside20,1,True,stayed_inside20
2046,D:\deep-person-reid\reid-data\dukemtmc-reid\DukeMTMC-reID/query\4560_c7_f0130958.jpg,4560,1,True,1,True,stayed_inside20,2,False,stayed_inside20,1,True,stayed_inside20
2047,D:\deep-person-reid\reid-data\dukemtmc-reid\DukeMTMC-reID/query\4560_c8_f0101842.jpg,4560,38,False,16,False,outside20_to_inside20,52,False,stayed_outside20,30,False,stayed_outside20
2048,D:\deep-person-reid\reid-data\dukemtmc-reid\DukeMTMC-reID/query\4563_c6_f0129361.jpg,4563,3,False,1,True,stayed_inside20,1,True,stayed_inside20,1,True,stayed_inside20
2049,D:\deep-person-reid\reid-data\dukemtmc-reid\DukeMTMC-reID/query\4563_c7_f0131927.jpg,4563,2,False,2,False,stayed_inside20,1,True,stayed_inside20,1,True,stayed_inside20
2050,D:\deep-person-reid\reid-data\dukemtmc-reid\DukeMTMC-reID/query\4563_c8_f0102832.jpg,4563,13,False,28,False,inside20_to_outside20,175,False,inside20_to_outside20,364,False,inside20_to_outside20
2051,D:\deep-person-reid\reid-data\dukemtmc-reid\DukeMTMC-reID/query\4568_c6_f0131328.jpg,4568,1,True,1,True,stayed_inside20,1,True,stayed_inside20,1,True,stayed_inside20
2052,D:\deep-person-reid\reid-data\dukemtmc-reid\DukeMTMC-reID/query\4568_c7_f0133805.jpg,4568,1,True,1,True,stayed_inside20,1,True,stayed_inside20,1,True,stayed_inside20
2053,D:\deep-person-reid\reid-data\dukemtmc-reid\DukeMTMC-reID/query\4568_c8_f0104141.jpg,4568,3,False,6,False,stayed_inside20,4,False,stayed_inside20,9,False,stayed_inside20
2054,D:\deep-person-reid\reid-data\dukemtmc-reid\DukeMTMC-reID/query\4572_c6_f0132654.jpg,4572,1,True,1,True,stayed_inside20,1,True,stayed_inside20,1,True,stayed_inside20
2055,D:\deep-person-reid\reid-data\dukemtmc-reid\DukeMTMC-reID/query\4572_c7_f0134339.jpg,4572,1,True,1,True,stayed_inside20,1,True,stayed_inside20,1,True,stayed_inside20
2056,D:\deep-person-reid\reid-data\dukemtmc-reid\DukeMTMC-reID/query\4572_c8_f0105003.jpg,4572,1,True,1,True,stayed_inside20,1,True,stayed_inside20,1,True,stayed_inside20
2057,D:\deep-person-reid\reid-data\dukemtmc-reid\DukeMTMC-reID/query\4573_c6_f0132783.jpg,4573,1,True,1,True,stayed_inside20,1,True,stayed_inside20,2,False,stayed_inside20
2058,D:\deep-person-reid\reid-data\dukemtmc-reid\DukeMTMC-reID/query\4573_c7_f0134670.jpg,4573,514,False,941,False,stayed_outside20,370,False,stayed_outside20,556,False,stayed_outside20
2059,D:\deep-person-reid\reid-data\dukemtmc-reid\DukeMTMC-reID/query\4573_c8_f0104885.jpg,4573,27,False,19,False,outside20_to_inside20,22,False,stayed_outside20,10,False,outside20_to_inside20
2060,D:\deep-person-reid\reid-data\dukemtmc-reid\DukeMTMC-reID/query\4580_c6_f0134270.jpg,4580,1,True,1,True,stayed_inside20,1,True,stayed_inside20,1,True,stayed_inside20
2061,D:\deep-person-reid\reid-data\dukemtmc-reid\DukeMTMC-reID/query\4580_c7_f0137094.jpg,4580,1,True,1,True,stayed_inside20,1,True,stayed_inside20,1,True,stayed_inside20
2062,D:\deep-person-reid\reid-data\dukemtmc-reid\DukeMTMC-reID/query\4580_c8_f0107471.jpg,4580,2,False,1,True,stayed_inside20,2,False,stayed_inside20,1,True,stayed_inside20
2063,D:\deep-person-reid\reid-data\dukemtmc-reid\DukeMTMC-reID/query\4582_c6_f0135822.jpg,4582,1,True,1,True,stayed_inside20,1,True,stayed_inside20,1,True,stayed_inside20
2064,D:\deep-person-reid\reid-data\dukemtmc-reid\DukeMTMC-reID/query\4582_c7_f0137886.jpg,4582,6,False,16,False,stayed_inside20,35,False,inside20_to_outside20,41,False,inside20_to_outside20
2065,D:\deep-person-reid\reid-data\dukemtmc-reid\DukeMTMC-reID/query\4582_c8_f0108287.jpg,4582,27,False,27,False,stayed_outside20,117,False,stayed_outside20,32,False,stayed_outside20
2066,D:\deep-person-reid\reid-data\dukemtmc-reid\DukeMTMC-reID/query\4587_c6_f0136640.jpg,4587,28,False,7,False,outside20_to_inside20,2,False,outside20_to_inside20,1,True,outside20_to_inside20
2067,D:\deep-person-reid\reid-data\dukemtmc-reid\DukeMTMC-reID/query\4587_c7_f0139103.jpg,4587,1,True,1,True,stayed_inside20,1,True,stayed_inside20,1,True,stayed_inside20
2068,D:\deep-person-reid\reid-data\dukemtmc-reid\DukeMTMC-reID/query\4587_c8_f0110138.jpg,4587,14,False,24,False,inside20_to_outside20,58,False,inside20_to_outside20,142,False,inside20_to_outside20
2069,D:\deep-person-reid\reid-data\dukemtmc-reid\DukeMTMC-reID/query\4594_c6_f0139332.jpg,4594,7,False,9,False,stayed_inside20,2,False,stayed_inside20,1,True,stayed_inside20
2070,D:\deep-person-reid\reid-data\dukemtmc-reid\DukeMTMC-reID/query\4594_c7_f0142273.jpg,4594,3,False,6,False,stayed_inside20,1,True,stayed_inside20,1,True,stayed_inside20
2071,D:\deep-person-reid\reid-data\dukemtmc-reid\DukeMTMC-reID/query\4594_c8_f0112853.jpg,4594,367,False,996,False,stayed_outside20,424,False,stayed_outside20,1310,False,stayed_outside20
2072,D:\deep-person-reid\reid-data\dukemtmc-reid\DukeMTMC-reID/query\4596_c6_f0139920.jpg,4596,1,True,1,True,stayed_inside20,1,True,stayed_inside20,1,True,stayed_inside20
2073,D:\deep-person-reid\reid-data\dukemtmc-reid\DukeMTMC-reID/query\4596_c7_f0142273.jpg,4596,1,True,1,True,stayed_inside20,1,True,stayed_inside20,1,True,stayed_inside20
2074,D:\deep-person-reid\reid-data\dukemtmc-reid\DukeMTMC-reID/query\4596_c8_f0112894.jpg,4596,4,False,2,False,stayed_inside20,3,False,stayed_inside20,1,True,stayed_inside20
2075,D:\deep-person-reid\reid-data\dukemtmc-reid\DukeMTMC-reID/query\4605_c6_f0142358.jpg,4605,1,True,1,True,stayed_inside20,1,True,stayed_inside20,1,True,stayed_inside20
2076,D:\deep-person-reid\reid-data\dukemtmc-reid\DukeMTMC-reID/query\4605_c7_f0144300.jpg,4605,2,False,1,True,stayed_inside20,2,False,stayed_inside20,1,True,stayed_inside20
2077,D:\deep-person-reid\reid-data\dukemtmc-reid\DukeMTMC-reID/query\4605_c8_f0114352.jpg,4605,26,False,166,False,stayed_outside20,57,False,stayed_outside20,196,False,stayed_outside20
2078,D:\deep-person-reid\reid-data\dukemtmc-reid\DukeMTMC-reID/query\4613_c6_f0142855.jpg,4613,1,True,1,True,stayed_inside20,1,True,stayed_inside20,1,True,stayed_inside20
2079,D:\deep-person-reid\reid-data\dukemtmc-reid\DukeMTMC-reID/query\4613_c7_f0145243.jpg,4613,1,True,1,True,stayed_inside20,1,True,stayed_inside20,1,True,stayed_inside20
2080,D:\deep-person-reid\reid-data\dukemtmc-reid\DukeMTMC-reID/query\4613_c8_f0116095.jpg,4613,17,False,11,False,stayed_inside20,36,False,inside20_to_outside20,35,False,inside20_to_outside20
2081,D:\deep-person-reid\reid-data\dukemtmc-reid\DukeMTMC-reID/query\4622_c6_f0144214.jpg,4622,3,False,1,True,stayed_inside20,1,True,stayed_inside20,1,True,stayed_inside20
2082,D:\deep-person-reid\reid-data\dukemtmc-reid\DukeMTMC-reID/query\4622_c7_f0146259.jpg,4622,3,False,4,False,stayed_inside20,30,False,inside20_to_outside20,33,False,inside20_to_outside20
2083,D:\deep-person-reid\reid-data\dukemtmc-reid\DukeMTMC-reID/query\4622_c8_f0116707.jpg,4622,2,False,1,True,stayed_inside20,7,False,stayed_inside20,18,False,stayed_inside20
2084,D:\deep-person-reid\reid-data\dukemtmc-reid\DukeMTMC-reID/query\4632_c6_f0145714.jpg,4632,4,False,5,False,stayed_inside20,6,False,stayed_inside20,6,False,stayed_inside20
2085,D:\deep-person-reid\reid-data\dukemtmc-reid\DukeMTMC-reID/query\4632_c7_f0151142.jpg,4632,4,False,1,True,stayed_inside20,8,False,stayed_inside20,19,False,stayed_inside20
2086,D:\deep-person-reid\reid-data\dukemtmc-reid\DukeMTMC-reID/query\4632_c8_f0124592.jpg,4632,47,False,478,False,stayed_outside20,14,False,outside20_to_inside20,525,False,stayed_outside20
2087,D:\deep-person-reid\reid-data\dukemtmc-reid\DukeMTMC-reID/query\4633_c6_f0146080.jpg,4633,2,False,1,True,stayed_inside20,1,True,stayed_inside20,1,True,stayed_inside20
2088,D:\deep-person-reid\reid-data\dukemtmc-reid\DukeMTMC-reID/query\4633_c7_f0148234.jpg,4633,1,True,1,True,stayed_inside20,1,True,stayed_inside20,1,True,stayed_inside20
2089,D:\deep-person-reid\reid-data\dukemtmc-reid\DukeMTMC-reID/query\4633_c8_f0119378.jpg,4633,38,False,120,False,stayed_outside20,23,False,stayed_outside20,65,False,stayed_outside20
2090,D:\deep-person-reid\reid-data\dukemtmc-reid\DukeMTMC-reID/query\4634_c6_f0146277.jpg,4634,1,True,1,True,stayed_inside20,2,False,stayed_inside20,2,False,stayed_inside20
2091,D:\deep-person-reid\reid-data\dukemtmc-reid\DukeMTMC-reID/query\4634_c7_f0148554.jpg,4634,3,False,9,False,stayed_inside20,2,False,stayed_inside20,3,False,stayed_inside20
2092,D:\deep-person-reid\reid-data\dukemtmc-reid\DukeMTMC-reID/query\4634_c8_f0119214.jpg,4634,39,False,124,False,stayed_outside20,185,False,stayed_outside20,489,False,stayed_outside20
2093,D:\deep-person-reid\reid-data\dukemtmc-reid\DukeMTMC-reID/query\4639_c6_f0146984.jpg,4639,1,True,1,True,stayed_inside20,1,True,stayed_inside20,1,True,stayed_inside20
2094,D:\deep-person-reid\reid-data\dukemtmc-reid\DukeMTMC-reID/query\4639_c7_f0149110.jpg,4639,1,True,1,True,stayed_inside20,1,True,stayed_inside20,1,True,stayed_inside20
2095,D:\deep-person-reid\reid-data\dukemtmc-reid\DukeMTMC-reID/query\4639_c8_f0119767.jpg,4639,3773,False,2735,False,stayed_outside20,3890,False,stayed_outside20,3272,False,stayed_outside20
2096,D:\deep-person-reid\reid-data\dukemtmc-reid\DukeMTMC-reID/query\4640_c6_f0146557.jpg,4640,36,False,82,False,stayed_outside20,114,False,stayed_outside20,41,False,stayed_outside20
2097,D:\deep-person-reid\reid-data\dukemtmc-reid\DukeMTMC-reID/query\4640_c7_f0149414.jpg,4640,1,True,1,True,stayed_inside20,1,True,stayed_inside20,6,False,stayed_inside20
2098,D:\deep-person-reid\reid-data\dukemtmc-reid\DukeMTMC-reID/query\4640_c8_f0119838.jpg,4640,136,False,208,False,stayed_outside20,517,False,stayed_outside20,1246,False,stayed_outside20
2099,D:\deep-person-reid\reid-data\dukemtmc-reid\DukeMTMC-reID/query\4646_c6_f0148110.jpg,4646,78,False,18,False,outside20_to_inside20,15,False,outside20_to_inside20,4,False,outside20_to_inside20
2100,D:\deep-person-reid\reid-data\dukemtmc-reid\DukeMTMC-reID/query\4646_c7_f0149978.jpg,4646,3,False,3,False,stayed_inside20,15,False,stayed_inside20,68,False,inside20_to_outside20
2101,D:\deep-person-reid\reid-data\dukemtmc-reid\DukeMTMC-reID/query\4647_c6_f0148026.jpg,4647,17,False,3,False,stayed_inside20,3,False,stayed_inside20,1,True,stayed_inside20
2102,D:\deep-person-reid\reid-data\dukemtmc-reid\DukeMTMC-reID/query\4647_c7_f0149940.jpg,4647,1,True,1,True,stayed_inside20,1,True,stayed_inside20,1,True,stayed_inside20
2103,D:\deep-person-reid\reid-data\dukemtmc-reid\DukeMTMC-reID/query\4654_c6_f0150814.jpg,4654,38,False,16,False,outside20_to_inside20,226,False,stayed_outside20,644,False,stayed_outside20
2104,D:\deep-person-reid\reid-data\dukemtmc-reid\DukeMTMC-reID/query\4654_c7_f0155249.jpg,4654,18,False,16,False,stayed_inside20,3,False,stayed_inside20,1,True,stayed_inside20
2105,D:\deep-person-reid\reid-data\dukemtmc-reid\DukeMTMC-reID/query\4672_c6_f0155006.jpg,4672,1,True,1,True,stayed_inside20,1,True,stayed_inside20,1,True,stayed_inside20
2106,D:\deep-person-reid\reid-data\dukemtmc-reid\DukeMTMC-reID/query\4672_c7_f0157281.jpg,4672,1,True,1,True,stayed_inside20,1,True,stayed_inside20,1,True,stayed_inside20
2107,D:\deep-person-reid\reid-data\dukemtmc-reid\DukeMTMC-reID/query\4672_c8_f0127633.jpg,4672,357,False,315,False,stayed_outside20,571,False,stayed_outside20,1093,False,stayed_outside20
2108,D:\deep-person-reid\reid-data\dukemtmc-reid\DukeMTMC-reID/query\4681_c6_f0155913.jpg,4681,1,True,1,True,stayed_inside20,1,True,stayed_inside20,1,True,stayed_inside20
2109,D:\deep-person-reid\reid-data\dukemtmc-reid\DukeMTMC-reID/query\4681_c7_f0158029.jpg,4681,1,True,1,True,stayed_inside20,1,True,stayed_inside20,1,True,stayed_inside20
2110,D:\deep-person-reid\reid-data\dukemtmc-reid\DukeMTMC-reID/query\4681_c8_f0128981.jpg,4681,1230,False,1877,False,stayed_outside20,535,False,stayed_outside20,751,False,stayed_outside20
2111,D:\deep-person-reid\reid-data\dukemtmc-reid\DukeMTMC-reID/query\4693_c6_f0157662.jpg,4693,1,True,5,False,stayed_inside20,1,True,stayed_inside20,1,True,stayed_inside20
2112,D:\deep-person-reid\reid-data\dukemtmc-reid\DukeMTMC-reID/query\4693_c7_f0162772.jpg,4693,24,False,22,False,stayed_outside20,5,False,outside20_to_inside20,1,True,outside20_to_inside20
2113,D:\deep-person-reid\reid-data\dukemtmc-reid\DukeMTMC-reID/query\4693_c8_f0136356.jpg,4693,157,False,540,False,stayed_outside20,344,False,stayed_outside20,1991,False,stayed_outside20
2114,D:\deep-person-reid\reid-data\dukemtmc-reid\DukeMTMC-reID/query\4695_c6_f0158881.jpg,4695,1,True,1,True,stayed_inside20,1,True,stayed_inside20,1,True,stayed_inside20
2115,D:\deep-person-reid\reid-data\dukemtmc-reid\DukeMTMC-reID/query\4695_c7_f0160698.jpg,4695,2,False,1,True,stayed_inside20,1,True,stayed_inside20,1,True,stayed_inside20
2116,D:\deep-person-reid\reid-data\dukemtmc-reid\DukeMTMC-reID/query\4695_c8_f0131626.jpg,4695,668,False,816,False,stayed_outside20,212,False,stayed_outside20,386,False,stayed_outside20
2117,D:\deep-person-reid\reid-data\dukemtmc-reid\DukeMTMC-reID/query\4699_c6_f0161965.jpg,4699,3,False,1,True,stayed_inside20,1,True,stayed_inside20,1,True,stayed_inside20
2118,D:\deep-person-reid\reid-data\dukemtmc-reid\DukeMTMC-reID/query\4699_c7_f0164357.jpg,4699,1,True,1,True,stayed_inside20,1,True,stayed_inside20,1,True,stayed_inside20
2119,D:\deep-person-reid\reid-data\dukemtmc-reid\DukeMTMC-reID/query\4699_c8_f0134789.jpg,4699,8,False,35,False,inside20_to_outside20,20,False,stayed_inside20,84,False,inside20_to_outside20
2120,D:\deep-person-reid\reid-data\dukemtmc-reid\DukeMTMC-reID/query\4708_c6_f0165682.jpg,4708,186,False,75,False,stayed_outside20,43,False,stayed_outside20,35,False,stayed_outside20
2121,D:\deep-person-reid\reid-data\dukemtmc-reid\DukeMTMC-reID/query\4708_c7_f0168196.jpg,4708,1,True,1,True,stayed_inside20,1,True,stayed_inside20,1,True,stayed_inside20
2122,D:\deep-person-reid\reid-data\dukemtmc-reid\DukeMTMC-reID/query\4708_c8_f0138965.jpg,4708,1089,False,541,False,stayed_outside20,1289,False,stayed_outside20,1597,False,stayed_outside20
2123,D:\deep-person-reid\reid-data\dukemtmc-reid\DukeMTMC-reID/query\4713_c6_f0165965.jpg,4713,2,False,3,False,stayed_inside20,1,True,stayed_inside20,1,True,stayed_inside20
2124,D:\deep-person-reid\reid-data\dukemtmc-reid\DukeMTMC-reID/query\4713_c7_f0170941.jpg,4713,1,True,1,True,stayed_inside20,1,True,stayed_inside20,1,True,stayed_inside20
2125,D:\deep-person-reid\reid-data\dukemtmc-reid\DukeMTMC-reID/query\4713_c8_f0144266.jpg,4713,1983,False,5685,False,stayed_outside20,599,False,stayed_outside20,5435,False,stayed_outside20
2126,D:\deep-person-reid\reid-data\dukemtmc-reid\DukeMTMC-reID/query\4717_c6_f0168571.jpg,4717,1,True,1,True,stayed_inside20,1,True,stayed_inside20,1,True,stayed_inside20
2127,D:\deep-person-reid\reid-data\dukemtmc-reid\DukeMTMC-reID/query\4717_c7_f0171259.jpg,4717,1,True,1,True,stayed_inside20,1,True,stayed_inside20,1,True,stayed_inside20
2128,D:\deep-person-reid\reid-data\dukemtmc-reid\DukeMTMC-reID/query\4717_c8_f0142104.jpg,4717,1,True,5,False,stayed_inside20,11,False,stayed_inside20,30,False,inside20_to_outside20
2129,D:\deep-person-reid\reid-data\dukemtmc-reid\DukeMTMC-reID/query\4719_c6_f0168876.jpg,4719,6,False,8,False,stayed_inside20,1,True,stayed_inside20,4,False,stayed_inside20
2130,D:\deep-person-reid\reid-data\dukemtmc-reid\DukeMTMC-reID/query\4719_c7_f0171037.jpg,4719,240,False,345,False,stayed_outside20,648,False,stayed_outside20,316,False,stayed_outside20
2131,D:\deep-person-reid\reid-data\dukemtmc-reid\DukeMTMC-reID/query\4719_c8_f0142081.jpg,4719,3151,False,3474,False,stayed_outside20,2536,False,stayed_outside20,4297,False,stayed_outside20
2132,D:\deep-person-reid\reid-data\dukemtmc-reid\DukeMTMC-reID/query\4723_c6_f0170441.jpg,4723,1,True,1,True,stayed_inside20,1,True,stayed_inside20,1,True,stayed_inside20
2133,D:\deep-person-reid\reid-data\dukemtmc-reid\DukeMTMC-reID/query\4723_c7_f0172471.jpg,4723,1,True,1,True,stayed_inside20,1,True,stayed_inside20,1,True,stayed_inside20
2134,D:\deep-person-reid\reid-data\dukemtmc-reid\DukeMTMC-reID/query\4723_c8_f0141954.jpg,4723,2,False,1,True,stayed_inside20,2,False,stayed_inside20,2,False,stayed_inside20
2135,D:\deep-person-reid\reid-data\dukemtmc-reid\DukeMTMC-reID/query\4725_c6_f0170051.jpg,4725,1,True,2,False,stayed_inside20,2,False,stayed_inside20,2,False,stayed_inside20
2136,D:\deep-person-reid\reid-data\dukemtmc-reid\DukeMTMC-reID/query\4725_c7_f0172593.jpg,4725,12,False,66,False,inside20_to_outside20,653,False,inside20_to_outside20,705,False,inside20_to_outside20
2137,D:\deep-person-reid\reid-data\dukemtmc-reid\DukeMTMC-reID/query\4726_c5_f0208661.jpg,4726,1,True,1,True,stayed_inside20,5,False,stayed_inside20,6,False,stayed_inside20
2138,D:\deep-person-reid\reid-data\dukemtmc-reid\DukeMTMC-reID/query\4726_c6_f0176566.jpg,4726,6,False,7,False,stayed_inside20,4,False,stayed_inside20,5,False,stayed_inside20
2139,D:\deep-person-reid\reid-data\dukemtmc-reid\DukeMTMC-reID/query\4727_c6_f0170514.jpg,4727,49,False,38,False,stayed_outside20,26,False,stayed_outside20,20,False,outside20_to_inside20
2140,D:\deep-person-reid\reid-data\dukemtmc-reid\DukeMTMC-reID/query\4727_c7_f0172374.jpg,4727,1,True,3,False,stayed_inside20,6,False,stayed_inside20,4,False,stayed_inside20
2141,D:\deep-person-reid\reid-data\dukemtmc-reid\DukeMTMC-reID/query\4727_c8_f0143608.jpg,4727,6051,False,8742,False,stayed_outside20,6280,False,stayed_outside20,5570,False,stayed_outside20
2142,D:\deep-person-reid\reid-data\dukemtmc-reid\DukeMTMC-reID/query\4729_c6_f0170302.jpg,4729,42,False,15,False,outside20_to_inside20,31,False,stayed_outside20,18,False,outside20_to_inside20
2143,D:\deep-person-reid\reid-data\dukemtmc-reid\DukeMTMC-reID/query\4729_c7_f0172489.jpg,4729,1,True,1,True,stayed_inside20,1,True,stayed_inside20,1,True,stayed_inside20
2144,D:\deep-person-reid\reid-data\dukemtmc-reid\DukeMTMC-reID/query\4729_c8_f0143446.jpg,4729,185,False,68,False,stayed_outside20,544,False,stayed_outside20,535,False,stayed_outside20
2145,D:\deep-person-reid\reid-data\dukemtmc-reid\DukeMTMC-reID/query\4736_c6_f0171361.jpg,4736,22,False,6,False,outside20_to_inside20,1,True,outside20_to_inside20,3,False,outside20_to_inside20
2146,D:\deep-person-reid\reid-data\dukemtmc-reid\DukeMTMC-reID/query\4736_c7_f0175837.jpg,4736,240,False,568,False,stayed_outside20,168,False,stayed_outside20,1197,False,stayed_outside20
2147,D:\deep-person-reid\reid-data\dukemtmc-reid\DukeMTMC-reID/query\4736_c8_f0150187.jpg,4736,120,False,804,False,stayed_outside20,63,False,stayed_outside20,1030,False,stayed_outside20
2148,D:\deep-person-reid\reid-data\dukemtmc-reid\DukeMTMC-reID/query\4739_c6_f0173250.jpg,4739,1,True,2,False,stayed_inside20,1,True,stayed_inside20,1,True,stayed_inside20
2149,D:\deep-person-reid\reid-data\dukemtmc-reid\DukeMTMC-reID/query\4739_c7_f0175410.jpg,4739,15,False,38,False,inside20_to_outside20,20,False,stayed_inside20,100,False,inside20_to_outside20
2150,D:\deep-person-reid\reid-data\dukemtmc-reid\DukeMTMC-reID/query\4739_c8_f0146387.jpg,4739,84,False,284,False,stayed_outside20,133,False,stayed_outside20,384,False,stayed_outside20
2151,D:\deep-person-reid\reid-data\dukemtmc-reid\DukeMTMC-reID/query\4743_c6_f0176222.jpg,4743,1,True,1,True,stayed_inside20,2,False,stayed_inside20,2,False,stayed_inside20
2152,D:\deep-person-reid\reid-data\dukemtmc-reid\DukeMTMC-reID/query\4743_c7_f0178556.jpg,4743,1,True,1,True,stayed_inside20,1,True,stayed_inside20,1,True,stayed_inside20
2153,D:\deep-person-reid\reid-data\dukemtmc-reid\DukeMTMC-reID/query\4743_c8_f0149015.jpg,4743,116,False,105,False,stayed_outside20,206,False,stayed_outside20,171,False,stayed_outside20
2154,D:\deep-person-reid\reid-data\dukemtmc-reid\DukeMTMC-reID/query\4750_c6_f0177752.jpg,4750,29,False,29,False,stayed_outside20,3,False,outside20_to_inside20,1,True,outside20_to_inside20
2155,D:\deep-person-reid\reid-data\dukemtmc-reid\DukeMTMC-reID/query\4750_c7_f0180644.jpg,4750,1,True,1,True,stayed_inside20,2,False,stayed_inside20,1,True,stayed_inside20
2156,D:\deep-person-reid\reid-data\dukemtmc-reid\DukeMTMC-reID/query\4750_c8_f0151088.jpg,4750,4,False,32,False,inside20_to_outside20,2,False,stayed_inside20,9,False,stayed_inside20
2157,D:\deep-person-reid\reid-data\dukemtmc-reid\DukeMTMC-reID/query\4757_c6_f0180371.jpg,4757,383,False,367,False,stayed_outside20,246,False,stayed_outside20,233,False,stayed_outside20
2158,D:\deep-person-reid\reid-data\dukemtmc-reid\DukeMTMC-reID/query\4757_c7_f0182007.jpg,4757,5,False,5,False,stayed_inside20,5,False,stayed_inside20,3,False,stayed_inside20
2159,D:\deep-person-reid\reid-data\dukemtmc-reid\DukeMTMC-reID/query\4757_c8_f0152424.jpg,4757,289,False,411,False,stayed_outside20,574,False,stayed_outside20,839,False,stayed_outside20
2160,D:\deep-person-reid\reid-data\dukemtmc-reid\DukeMTMC-reID/query\4758_c6_f0180254.jpg,4758,3,False,2,False,stayed_inside20,2,False,stayed_inside20,1,True,stayed_inside20
2161,D:\deep-person-reid\reid-data\dukemtmc-reid\DukeMTMC-reID/query\4758_c7_f0182255.jpg,4758,3,False,2,False,stayed_inside20,2,False,stayed_inside20,1,True,stayed_inside20
2162,D:\deep-person-reid\reid-data\dukemtmc-reid\DukeMTMC-reID/query\4758_c8_f0152029.jpg,4758,475,False,1143,False,stayed_outside20,1209,False,stayed_outside20,2293,False,stayed_outside20
2163,D:\deep-person-reid\reid-data\dukemtmc-reid\DukeMTMC-reID/query\4759_c6_f0179547.jpg,4759,1,True,1,True,stayed_inside20,1,True,stayed_inside20,1,True,stayed_inside20
2164,D:\deep-person-reid\reid-data\dukemtmc-reid\DukeMTMC-reID/query\4759_c7_f0184320.jpg,4759,5,False,1,True,stayed_inside20,3,False,stayed_inside20,3,False,stayed_inside20
2165,D:\deep-person-reid\reid-data\dukemtmc-reid\DukeMTMC-reID/query\4759_c8_f0158239.jpg,4759,2,False,2,False,stayed_inside20,5,False,stayed_inside20,3,False,stayed_inside20
2166,D:\deep-person-reid\reid-data\dukemtmc-reid\DukeMTMC-reID/query\4760_c6_f0180431.jpg,4760,1,True,2,False,stayed_inside20,1,True,stayed_inside20,1,True,stayed_inside20
2167,D:\deep-person-reid\reid-data\dukemtmc-reid\DukeMTMC-reID/query\4760_c7_f0184670.jpg,4760,1,True,2,False,stayed_inside20,2,False,stayed_inside20,1,True,stayed_inside20
2168,D:\deep-person-reid\reid-data\dukemtmc-reid\DukeMTMC-reID/query\4760_c8_f0158467.jpg,4760,9,False,11,False,stayed_inside20,9,False,stayed_inside20,11,False,stayed_inside20
2169,D:\deep-person-reid\reid-data\dukemtmc-reid\DukeMTMC-reID/query\4769_c6_f0183418.jpg,4769,1,True,5,False,stayed_inside20,1,True,stayed_inside20,1,True,stayed_inside20
2170,D:\deep-person-reid\reid-data\dukemtmc-reid\DukeMTMC-reID/query\4769_c7_f0185625.jpg,4769,1,True,1,True,stayed_inside20,1,True,stayed_inside20,1,True,stayed_inside20
2171,D:\deep-person-reid\reid-data\dukemtmc-reid\DukeMTMC-reID/query\4769_c8_f0156630.jpg,4769,797,False,673,False,stayed_outside20,2054,False,stayed_outside20,2214,False,stayed_outside20
2172,D:\deep-person-reid\reid-data\dukemtmc-reid\DukeMTMC-reID/query\4772_c6_f0183994.jpg,4772,1,True,1,True,stayed_inside20,1,True,stayed_inside20,1,True,stayed_inside20
2173,D:\deep-person-reid\reid-data\dukemtmc-reid\DukeMTMC-reID/query\4772_c7_f0185995.jpg,4772,1,True,1,True,stayed_inside20,1,True,stayed_inside20,1,True,stayed_inside20
2174,D:\deep-person-reid\reid-data\dukemtmc-reid\DukeMTMC-reID/query\4772_c8_f0156896.jpg,4772,85,False,30,False,stayed_outside20,116,False,stayed_outside20,308,False,stayed_outside20
2175,D:\deep-person-reid\reid-data\dukemtmc-reid\DukeMTMC-reID/query\4774_c6_f0184764.jpg,4774,1,True,1,True,stayed_inside20,1,True,stayed_inside20,1,True,stayed_inside20
2176,D:\deep-person-reid\reid-data\dukemtmc-reid\DukeMTMC-reID/query\4774_c7_f0190038.jpg,4774,1,True,1,True,stayed_inside20,1,True,stayed_inside20,1,True,stayed_inside20
2177,D:\deep-person-reid\reid-data\dukemtmc-reid\DukeMTMC-reID/query\4774_c8_f0163723.jpg,4774,24,False,37,False,stayed_outside20,83,False,stayed_outside20,119,False,stayed_outside20
2178,D:\deep-person-reid\reid-data\dukemtmc-reid\DukeMTMC-reID/query\4779_c6_f0188301.jpg,4779,1,True,1,True,stayed_inside20,1,True,stayed_inside20,1,True,stayed_inside20
2179,D:\deep-person-reid\reid-data\dukemtmc-reid\DukeMTMC-reID/query\4779_c7_f0190529.jpg,4779,1,True,1,True,stayed_inside20,1,True,stayed_inside20,1,True,stayed_inside20
2180,D:\deep-person-reid\reid-data\dukemtmc-reid\DukeMTMC-reID/query\4779_c8_f0161073.jpg,4779,24,False,69,False,stayed_outside20,49,False,stayed_outside20,415,False,stayed_outside20
2181,D:\deep-person-reid\reid-data\dukemtmc-reid\DukeMTMC-reID/query\4782_c6_f0188800.jpg,4782,1,True,1,True,stayed_inside20,1,True,stayed_inside20,1,True,stayed_inside20
2182,D:\deep-person-reid\reid-data\dukemtmc-reid\DukeMTMC-reID/query\4782_c7_f0191219.jpg,4782,1,True,1,True,stayed_inside20,1,True,stayed_inside20,1,True,stayed_inside20
2183,D:\deep-person-reid\reid-data\dukemtmc-reid\DukeMTMC-reID/query\4782_c8_f0161666.jpg,4782,9,False,18,False,stayed_inside20,7,False,stayed_inside20,8,False,stayed_inside20
2184,D:\deep-person-reid\reid-data\dukemtmc-reid\DukeMTMC-reID/query\4789_c6_f0190802.jpg,4789,1,True,1,True,stayed_inside20,1,True,stayed_inside20,1,True,stayed_inside20
2185,D:\deep-person-reid\reid-data\dukemtmc-reid\DukeMTMC-reID/query\4789_c7_f0195168.jpg,4789,1,True,1,True,stayed_inside20,2,False,stayed_inside20,1,True,stayed_inside20
2186,D:\deep-person-reid\reid-data\dukemtmc-reid\DukeMTMC-reID/query\4789_c8_f0169051.jpg,4789,1,True,1,True,stayed_inside20,1,True,stayed_inside20,1,True,stayed_inside20
2187,D:\deep-person-reid\reid-data\dukemtmc-reid\DukeMTMC-reID/query\4790_c6_f0190928.jpg,4790,1,True,1,True,stayed_inside20,1,True,stayed_inside20,1,True,stayed_inside20
2188,D:\deep-person-reid\reid-data\dukemtmc-reid\DukeMTMC-reID/query\4790_c7_f0192927.jpg,4790,1,True,1,True,stayed_inside20,1,True,stayed_inside20,1,True,stayed_inside20
2189,D:\deep-person-reid\reid-data\dukemtmc-reid\DukeMTMC-reID/query\4790_c8_f0163206.jpg,4790,22,False,89,False,stayed_outside20,12,False,outside20_to_inside20,59,False,stayed_outside20
2190,D:\deep-person-reid\reid-data\dukemtmc-reid\DukeMTMC-reID/query\4804_c6_f0202100.jpg,4804,1,True,1,True,stayed_inside20,1,True,stayed_inside20,1,True,stayed_inside20
2191,D:\deep-person-reid\reid-data\dukemtmc-reid\DukeMTMC-reID/query\4804_c7_f0204413.jpg,4804,1,True,15,False,stayed_inside20,1,True,stayed_inside20,1,True,stayed_inside20
2192,D:\deep-person-reid\reid-data\dukemtmc-reid\DukeMTMC-reID/query\4804_c8_f0174401.jpg,4804,101,False,488,False,stayed_outside20,132,False,stayed_outside20,198,False,stayed_outside20
2193,D:\deep-person-reid\reid-data\dukemtmc-reid\DukeMTMC-reID/query\4807_c6_f0202521.jpg,4807,1,True,1,True,stayed_inside20,1,True,stayed_inside20,1,True,stayed_inside20
2194,D:\deep-person-reid\reid-data\dukemtmc-reid\DukeMTMC-reID/query\4807_c7_f0207371.jpg,4807,2,False,1,True,stayed_inside20,1,True,stayed_inside20,2,False,stayed_inside20
2195,D:\deep-person-reid\reid-data\dukemtmc-reid\DukeMTMC-reID/query\4808_c6_f0203846.jpg,4808,5,False,4,False,stayed_inside20,3,False,stayed_inside20,2,False,stayed_inside20
2196,D:\deep-person-reid\reid-data\dukemtmc-reid\DukeMTMC-reID/query\4808_c7_f0205954.jpg,4808,10,False,11,False,stayed_inside20,40,False,inside20_to_outside20,103,False,inside20_to_outside20
2197,D:\deep-person-reid\reid-data\dukemtmc-reid\DukeMTMC-reID/query\4808_c8_f0176995.jpg,4808,1,True,1,True,stayed_inside20,2,False,stayed_inside20,1,True,stayed_inside20
2198,D:\deep-person-reid\reid-data\dukemtmc-reid\DukeMTMC-reID/query\4817_c7_f0207663.jpg,4817,388,False,274,False,stayed_outside20,2244,False,stayed_outside20,1293,False,stayed_outside20
2199,D:\deep-person-reid\reid-data\dukemtmc-reid\DukeMTMC-reID/query\4817_c8_f0178572.jpg,4817,2,False,18,False,stayed_inside20,38,False,inside20_to_outside20,244,False,inside20_to_outside20
2200,D:\deep-person-reid\reid-data\dukemtmc-reid\DukeMTMC-reID/query\5249_c7_f0067882.jpg,5249,687,False,1185,False,stayed_outside20,1575,False,stayed_outside20,3717,False,stayed_outside20
2201,D:\deep-person-reid\reid-data\dukemtmc-reid\DukeMTMC-reID/query\5249_c8_f0041335.jpg,5249,161,False,1027,False,stayed_outside20,738,False,stayed_outside20,2353,False,stayed_outside20
2202,D:\deep-person-reid\reid-data\dukemtmc-reid\DukeMTMC-reID/query\5272_c7_f0071683.jpg,5272,3023,False,977,False,stayed_outside20,3806,False,stayed_outside20,3077,False,stayed_outside20
2203,D:\deep-person-reid\reid-data\dukemtmc-reid\DukeMTMC-reID/query\5272_c8_f0045606.jpg,5272,118,False,259,False,stayed_outside20,75,False,stayed_outside20,41,False,stayed_outside20
2204,D:\deep-person-reid\reid-data\dukemtmc-reid\DukeMTMC-reID/query\5333_c7_f0083235.jpg,5333,7,False,44,False,inside20_to_outside20,2,False,stayed_inside20,34,False,inside20_to_outside20
2205,D:\deep-person-reid\reid-data\dukemtmc-reid\DukeMTMC-reID/query\5333_c8_f0056863.jpg,5333,4,False,2,False,stayed_inside20,44,False,inside20_to_outside20,9,False,stayed_inside20
2206,D:\deep-person-reid\reid-data\dukemtmc-reid\DukeMTMC-reID/query\5358_c7_f0089583.jpg,5358,1702,False,2899,False,stayed_outside20,1324,False,stayed_outside20,2838,False,stayed_outside20
2207,D:\deep-person-reid\reid-data\dukemtmc-reid\DukeMTMC-reID/query\5358_c8_f0063404.jpg,5358,46,False,255,False,stayed_outside20,115,False,stayed_outside20,60,False,stayed_outside20
2208,D:\deep-person-reid\reid-data\dukemtmc-reid\DukeMTMC-reID/query\5474_c5_f0208241.jpg,5474,1,True,1,True,stayed_inside20,1,True,stayed_inside20,1,True,stayed_inside20
2209,D:\deep-person-reid\reid-data\dukemtmc-reid\DukeMTMC-reID/query\5474_c6_f0043283.jpg,5474,1,True,1,True,stayed_inside20,1,True,stayed_inside20,1,True,stayed_inside20
2210,D:\deep-person-reid\reid-data\dukemtmc-reid\DukeMTMC-reID/query\5474_c7_f0187555.jpg,5474,6,False,4,False,stayed_inside20,22,False,inside20_to_outside20,20,False,stayed_inside20
2211,D:\deep-person-reid\reid-data\dukemtmc-reid\DukeMTMC-reID/query\5587_c7_f0200226.jpg,5587,7842,False,12683,False,stayed_outside20,6929,False,stayed_outside20,7585,False,stayed_outside20
2212,D:\deep-person-reid\reid-data\dukemtmc-reid\DukeMTMC-reID/query\5587_c8_f0173540.jpg,5587,5750,False,7139,False,stayed_outside20,5581,False,stayed_outside20,5522,False,stayed_outside20
2213,D:\deep-person-reid\reid-data\dukemtmc-reid\DukeMTMC-reID/query\5599_c7_f0206995.jpg,5599,8629,False,15237,False,stayed_outside20,6467,False,stayed_outside20,11391,False,stayed_outside20
2214,D:\deep-person-reid\reid-data\dukemtmc-reid\DukeMTMC-reID/query\5599_c8_f0177707.jpg,5599,2942,False,5348,False,stayed_outside20,3185,False,stayed_outside20,2838,False,stayed_outside20
2215,D:\deep-person-reid\reid-data\dukemtmc-reid\DukeMTMC-reID/query\5842_c6_f0042141.jpg,5842,20,False,3,False,stayed_inside20,1,True,stayed_inside20,1,True,stayed_inside20
2216,D:\deep-person-reid\reid-data\dukemtmc-reid\DukeMTMC-reID/query\5842_c7_f0053326.jpg,5842,1,True,1,True,stayed_inside20,1,True,stayed_inside20,1,True,stayed_inside20
2217,D:\deep-person-reid\reid-data\dukemtmc-reid\DukeMTMC-reID/query\5842_c8_f0069010.jpg,5842,509,False,480,False,stayed_outside20,142,False,stayed_outside20,175,False,stayed_outside20
2218,D:\deep-person-reid\reid-data\dukemtmc-reid\DukeMTMC-reID/query\6046_c6_f0056661.jpg,6046,1,True,2,False,stayed_inside20,2,False,stayed_inside20,1,True,stayed_inside20
2219,D:\deep-person-reid\reid-data\dukemtmc-reid\DukeMTMC-reID/query\6046_c7_f0061621.jpg,6046,34,False,79,False,stayed_outside20,17,False,outside20_to_inside20,29,False,stayed_outside20
2220,D:\deep-person-reid\reid-data\dukemtmc-reid\DukeMTMC-reID/query\6046_c8_f0035744.jpg,6046,62,False,120,False,stayed_outside20,163,False,stayed_outside20,261,False,stayed_outside20
2221,D:\deep-person-reid\reid-data\dukemtmc-reid\DukeMTMC-reID/query\6535_c2_f0207577.jpg,6535,1,True,1,True,stayed_inside20,1,True,stayed_inside20,1,True,stayed_inside20
2222,D:\deep-person-reid\reid-data\dukemtmc-reid\DukeMTMC-reID/query\6535_c5_f0208065.jpg,6535,1,True,1,True,stayed_inside20,1,True,stayed_inside20,1,True,stayed_inside20
2223,D:\deep-person-reid\reid-data\dukemtmc-reid\DukeMTMC-reID/query\6535_c6_f0099299.jpg,6535,4,False,4,False,stayed_inside20,1,True,stayed_inside20,1,True,stayed_inside20
2224,D:\deep-person-reid\reid-data\dukemtmc-reid\DukeMTMC-reID/query\6535_c7_f0050473.jpg,6535,1,True,1,True,stayed_inside20,1,True,stayed_inside20,1,True,stayed_inside20
2225,D:\deep-person-reid\reid-data\dukemtmc-reid\DukeMTMC-reID/query\6535_c8_f0005374.jpg,6535,722,False,847,False,stayed_outside20,746,False,stayed_outside20,662,False,stayed_outside20
2226,D:\deep-person-reid\reid-data\dukemtmc-reid\DukeMTMC-reID/query\7139_c1_f0156370.jpg,7139,190,False,530,False,stayed_outside20,131,False,stayed_outside20,652,False,stayed_outside20
2227,D:\deep-person-reid\reid-data\dukemtmc-reid\DukeMTMC-reID/query\7139_c2_f0160575.jpg,7139,92,False,77,False,stayed_outside20,404,False,stayed_outside20,371,False,stayed_outside20
