query_index,query_path,query_pid,transition,baseline_top1_path,baseline_top1_pid,semantic_top1_path,semantic_top1_pid
137,D:\deep-person-reid\reid-data\msmt17\MSMT17_V1\test\0041/0041_008_07_0303morning_0170_0.jpg,41,wrong_to_correct,D:\deep-person-reid\reid-data\msmt17\MSMT17_V1\test\1062/1062_026_07_0113morning_0978_0.jpg,1062,D:\deep-person-reid\reid-data\msmt17\MSMT17_V1\test\0041/0041_012_05_0303morning_0185_0.jpg,41
167,D:\deep-person-reid\reid-data\msmt17\MSMT17_V1\test\0051/0051_000_01_0303morning_0229_5.jpg,51,wrong_to_correct,D:\deep-person-reid\reid-data\msmt17\MSMT17_V1\test\1419/1419_019_15_0113noon_0501_2.jpg,1419,D:\deep-person-reid\reid-data\msmt17\MSMT17_V1\test\0051/0051_007_07_0303morning_0229_0_ex.jpg,51
199,D:\deep-person-reid\reid-data\msmt17\MSMT17_V1\test\0061/0061_014_05_0303morning_0282_1.jpg,61,wrong_to_correct,D:\deep-person-reid\reid-data\msmt17\MSMT17_V1\test\2334/2334_033_06_0302afternoon_1607_0.jpg,2334,D:\deep-person-reid\reid-data\msmt17\MSMT17_V1\test\0061/0061_029_07_0302morning_0344_0.jpg,61
208,D:\deep-person-reid\reid-data\msmt17\MSMT17_V1\test\0063/0063_009_07_0303morning_0287_1.jpg,63,wrong_to_correct,D:\deep-person-reid\reid-data\msmt17\MSMT17_V1\test\0464/0464_022_03_0303afternoon_0203_0_ex.jpg,464,D:\deep-person-reid\reid-data\msmt17\MSMT17_V1\test\0063/0063_016_05_0303morning_0302_0_ex.jpg,63
212,D:\deep-person-reid\reid-data\msmt17\MSMT17_V1\test\0064/0064_008_07_0303morning_0293_1_ex.jpg,64,wrong_to_correct,D:\deep-person-reid\reid-data\msmt17\MSMT17_V1\test\0464/0464_026_03_0303afternoon_0206_0_ex.jpg,464,D:\deep-person-reid\reid-data\msmt17\MSMT17_V1\test\0064/0064_026_12_0303morning_0288_2.jpg,64
327,D:\deep-person-reid\reid-data\msmt17\MSMT17_V1\test\0098/0098_005_07_0303morning_0465_0.jpg,98,wrong_to_correct,D:\deep-person-reid\reid-data\msmt17\MSMT17_V1\test\2088/2088_129_14_0302afternoon_0725_1.jpg,2088,D:\deep-person-reid\reid-data\msmt17\MSMT17_V1\test\0098/0098_008_05_0303morning_0477_0_ex.jpg,98
368,D:\deep-person-reid\reid-data\msmt17\MSMT17_V1\test\0110/0110_017_05_0303morning_0550_1.jpg,110,wrong_to_correct,D:\deep-person-reid\reid-data\msmt17\MSMT17_V1\test\1733/1733_024_05_0302morning_0406_0.jpg,1733,D:\deep-person-reid\reid-data\msmt17\MSMT17_V1\test\0110/0110_053_07_0302morning_0539_1_ex.jpg,110
423,D:\deep-person-reid\reid-data\msmt17\MSMT17_V1\test\0124/0124_005_01_0303morning_0654_0.jpg,124,wrong_to_correct,D:\deep-person-reid\reid-data\msmt17\MSMT17_V1\test\0152/0152_002_01_0303morning_0774_0.jpg,152,D:\deep-person-reid\reid-data\msmt17\MSMT17_V1\test\0124/0124_008_07_0303morning_0650_0.jpg,124
473,D:\deep-person-reid\reid-data\msmt17\MSMT17_V1\test\0140/0140_002_01_0303morning_0716_2.jpg,140,correct_to_wrong,D:\deep-person-reid\reid-data\msmt17\MSMT17_V1\test\0140/0140_014_05_0303morning_0727_0_ex.jpg,140,D:\deep-person-reid\reid-data\msmt17\MSMT17_V1\test\0190/0190_011_05_0303morning_1047_1.jpg,190
494,D:\deep-person-reid\reid-data\msmt17\MSMT17_V1\test\0146/0146_016_05_0303morning_0831_0.jpg,146,wrong_to_correct,D:\deep-person-reid\reid-data\msmt17\MSMT17_V1\test\0083/0083_012_05_0303morning_0407_1.jpg,83,D:\deep-person-reid\reid-data\msmt17\MSMT17_V1\test\0146/0146_011_07_0303morning_0818_0.jpg,146
554,D:\deep-person-reid\reid-data\msmt17\MSMT17_V1\test\0162/0162_024_15_0303morning_1071_0.jpg,162,correct_to_wrong,D:\deep-person-reid\reid-data\msmt17\MSMT17_V1\test\0162/0162_004_07_0303morning_0838_1.jpg,162,D:\deep-person-reid\reid-data\msmt17\MSMT17_V1\test\1057/1057_010_07_0113morning_0845_0.jpg,1057
606,D:\deep-person-reid\reid-data\msmt17\MSMT17_V1\test\0175/0175_009_07_0303morning_0955_1.jpg,175,correct_to_wrong,D:\deep-person-reid\reid-data\msmt17\MSMT17_V1\test\0175/0175_018_05_0303morning_0974_1.jpg,175,D:\deep-person-reid\reid-data\msmt17\MSMT17_V1\test\0091/0091_008_07_0303morning_0419_0_ex.jpg,91
639,D:\deep-person-reid\reid-data\msmt17\MSMT17_V1\test\0186/0186_012_07_0303morning_1020_0.jpg,186,correct_to_wrong,D:\deep-person-reid\reid-data\msmt17\MSMT17_V1\test\0186/0186_016_05_0303morning_1037_2_ex.jpg,186,D:\deep-person-reid\reid-data\msmt17\MSMT17_V1\test\0016/0016_013_07_0303morning_0054_2.jpg,16
689,D:\deep-person-reid\reid-data\msmt17\MSMT17_V1\test\0201/0201_022_15_0303morning_1287_0.jpg,201,wrong_to_correct,D:\deep-person-reid\reid-data\msmt17\MSMT17_V1\test\0203/0203_024_15_0303morning_1295_2.jpg,203,D:\deep-person-reid\reid-data\msmt17\MSMT17_V1\test\0201/0201_011_07_0303morning_1082_3.jpg,201
694,D:\deep-person-reid\reid-data\msmt17\MSMT17_V1\test\0203/0203_012_05_0303morning_1104_0.jpg,203,correct_to_wrong,D:\deep-person-reid\reid-data\msmt17\MSMT17_V1\test\0203/0203_008_07_0303morning_1088_0.jpg,203,D:\deep-person-reid\reid-data\msmt17\MSMT17_V1\test\0134/0134_013_05_0303morning_0700_0.jpg,134
713,D:\deep-person-reid\reid-data\msmt17\MSMT17_V1\test\0208/0208_018_05_0303morning_1174_0_ex.jpg,208,wrong_to_correct,D:\deep-person-reid\reid-data\msmt17\MSMT17_V1\test\0001/0001_022_05_0303morning_0032_0.jpg,1,D:\deep-person-reid\reid-data\msmt17\MSMT17_V1\test\0208/0208_009_07_0303morning_1156_2_ex.jpg,208
815,D:\deep-person-reid\reid-data\msmt17\MSMT17_V1\test\0235/0235_008_01_0303morning_1338_3.jpg,235,correct_to_wrong,D:\deep-person-reid\reid-data\msmt17\MSMT17_V1\test\0235/0235_028_05_0303morning_1369_0_ex.jpg,235,D:\deep-person-reid\reid-data\msmt17\MSMT17_V1\test\2453/2453_002_01_0114morning_1046_4.jpg,2453
885,D:\deep-person-reid\reid-data\msmt17\MSMT17_V1\test\0255/0255_005_07_0303morning_1482_0_ex.jpg,255,correct_to_wrong,D:\deep-person-reid\reid-data\msmt17\MSMT17_V1\test\0255/0255_017_05_0303morning_1501_0_ex.jpg,255,D:\deep-person-reid\reid-data\msmt17\MSMT17_V1\test\0372/0372_037_14_0303noon_0794_1.jpg,372
1002,D:\deep-person-reid\reid-data\msmt17\MSMT17_V1\test\0289/0289_012_07_0303morning_1672_1_ex.jpg,289,wrong_to_correct,D:\deep-person-reid\reid-data\msmt17\MSMT17_V1\test\1382/1382_003_01_0113noon_0820_0_ex.jpg,1382,D:\deep-person-reid\reid-data\msmt17\MSMT17_V1\test\0289/0289_009_01_0303morning_1677_2_ex.jpg,289
1109,D:\deep-person-reid\reid-data\msmt17\MSMT17_V1\test\0326/0326_012_07_0303noon_0040_2_ex.jpg,326,wrong_to_correct,D:\deep-person-reid\reid-data\msmt17\MSMT17_V1\test\1116/1116_010_07_0113morning_1252_0_ex.jpg,1116,D:\deep-person-reid\reid-data\msmt17\MSMT17_V1\test\0326/0326_019_14_0303noon_0280_4_ex.jpg,326
1190,D:\deep-person-reid\reid-data\msmt17\MSMT17_V1\test\0347/0347_021_09_0303noon_0330_0.jpg,347,wrong_to_correct,D:\deep-person-reid\reid-data\msmt17\MSMT17_V1\test\1546/1546_002_13_0113noon_1454_0.jpg,1546,D:\deep-person-reid\reid-data\msmt17\MSMT17_V1\test\0347/0347_005_13_0303noon_0165_3_ex.jpg,347
1227,D:\deep-person-reid\reid-data\msmt17\MSMT17_V1\test\0355/0355_012_11_0303noon_0263_2.jpg,355,wrong_to_correct,D:\deep-person-reid\reid-data\msmt17\MSMT17_V1\test\1497/1497_015_13_0113noon_0930_1.jpg,1497,D:\deep-person-reid\reid-data\msmt17\MSMT17_V1\test\0355/0355_002_13_0303noon_0265_1.jpg,355
1244,D:\deep-person-reid\reid-data\msmt17\MSMT17_V1\test\0360/0360_020_07_0303noon_0396_2.jpg,360,wrong_to_correct,D:\deep-person-reid\reid-data\msmt17\MSMT17_V1\test\0336/0336_011_07_0303noon_0132_5.jpg,336,D:\deep-person-reid\reid-data\msmt17\MSMT17_V1\test\0360/0360_014_06_0303noon_0393_0.jpg,360
1280,D:\deep-person-reid\reid-data\msmt17\MSMT17_V1\test\0366/0366_050_11_0303afternoon_1665_0.jpg,366,wrong_to_correct,D:\deep-person-reid\reid-data\msmt17\MSMT17_V1\test\0699/0699_063_08_0303afternoon_0485_2_ex.jpg,699,D:\deep-person-reid\reid-data\msmt17\MSMT17_V1\test\0366/0366_056_08_0303afternoon_1640_0.jpg,366
1303,D:\deep-person-reid\reid-data\msmt17\MSMT17_V1\test\0373/0373_066_13_0303afternoon_0734_2_ex.jpg,373,wrong_to_correct,D:\deep-person-reid\reid-data\msmt17\MSMT17_V1\test\2283/2283_002_13_0302afternoon_0877_1.jpg,2283,D:\deep-person-reid\reid-data\msmt17\MSMT17_V1\test\0373/0373_075_11_0303afternoon_0732_0.jpg,373
1312,D:\deep-person-reid\reid-data\msmt17\MSMT17_V1\test\0373/0373_025_13_0302afternoon_1472_1_ex.jpg,373,wrong_to_correct,D:\deep-person-reid\reid-data\msmt17\MSMT17_V1\test\2283/2283_003_13_0302afternoon_0877_1_ex.jpg,2283,D:\deep-person-reid\reid-data\msmt17\MSMT17_V1\test\0373/0373_007_11_0303noon_0520_1.jpg,373
1362,D:\deep-person-reid\reid-data\msmt17\MSMT17_V1\test\0384/0384_014_06_0303noon_0716_0.jpg,384,wrong_to_correct,D:\deep-person-reid\reid-data\msmt17\MSMT17_V1\test\1517/1517_015_12_0113noon_0923_0.jpg,1517,D:\deep-person-reid\reid-data\msmt17\MSMT17_V1\test\0384/0384_027_07_0303noon_0723_1_ex.jpg,384
1420,D:\deep-person-reid\reid-data\msmt17\MSMT17_V1\test\0400/0400_007_13_0303noon_1074_3_ex.jpg,400,wrong_to_correct,D:\deep-person-reid\reid-data\msmt17\MSMT17_V1\test\0794/0794_036_04_0303afternoon_1165_1_ex.jpg,794,D:\deep-person-reid\reid-data\msmt17\MSMT17_V1\test\0400/0400_014_11_0303noon_1067_3_ex.jpg,400
1542,D:\deep-person-reid\reid-data\msmt17\MSMT17_V1\test\0425/0425_007_11_0303noon_1608_0_ex.jpg,425,wrong_to_correct,D:\deep-person-reid\reid-data\msmt17\MSMT17_V1\test\1604/1604_002_13_0113afternoon_0601_0_ex.jpg,1604,D:\deep-person-reid\reid-data\msmt17\MSMT17_V1\test\0425/0425_002_13_0303noon_1614_1.jpg,425
1561,D:\deep-person-reid\reid-data\msmt17\MSMT17_V1\test\0432/0432_021_07_0303noon_1736_4.jpg,432,wrong_to_correct,D:\deep-person-reid\reid-data\msmt17\MSMT17_V1\test\2150/2150_023_07_0302afternoon_1516_0.jpg,2150,D:\deep-person-reid\reid-data\msmt17\MSMT17_V1\test\0432/0432_014_06_0303noon_1726_1.jpg,432
1594,D:\deep-person-reid\reid-data\msmt17\MSMT17_V1\test\0440/0440_003_14_0303afternoon_0075_3_ex.jpg,440,wrong_to_correct,D:\deep-person-reid\reid-data\msmt17\MSMT17_V1\test\0666/0666_060_07_0303afternoon_0148_0_ex.jpg,666,D:\deep-person-reid\reid-data\msmt17\MSMT17_V1\test\0440/0440_027_01_0303afternoon_0068_4_ex.jpg,440
1620,D:\deep-person-reid\reid-data\msmt17\MSMT17_V1\test\0446/0446_005_14_0303afternoon_0106_3_ex.jpg,446,correct_to_wrong,D:\deep-person-reid\reid-data\msmt17\MSMT17_V1\test\0446/0446_015_03_0303afternoon_0118_2.jpg,446,D:\deep-person-reid\reid-data\msmt17\MSMT17_V1\test\1571/1571_004_11_0113noon_1656_0.jpg,1571
1626,D:\deep-person-reid\reid-data\msmt17\MSMT17_V1\test\0448/0448_005_14_0303afternoon_0111_0_ex.jpg,448,wrong_to_correct,D:\deep-person-reid\reid-data\msmt17\MSMT17_V1\test\2121/2121_002_14_0302afternoon_1291_1.jpg,2121,D:\deep-person-reid\reid-data\msmt17\MSMT17_V1\test\0448/0448_030_01_0303afternoon_0107_2.jpg,448
1693,D:\deep-person-reid\reid-data\msmt17\MSMT17_V1\test\0466/0466_006_14_0303afternoon_0204_1.jpg,466,wrong_to_correct,D:\deep-person-reid\reid-data\msmt17\MSMT17_V1\test\2095/2095_012_01_0302afternoon_1043_2.jpg,2095,D:\deep-person-reid\reid-data\msmt17\MSMT17_V1\test\0466/0466_031_01_0303afternoon_0204_3.jpg,466
1715,D:\deep-person-reid\reid-data\msmt17\MSMT17_V1\test\0469/0469_090_07_0303afternoon_0978_1_ex.jpg,469,wrong_to_correct,D:\deep-person-reid\reid-data\msmt17\MSMT17_V1\test\0763/0763_017_11_0303afternoon_0944_1.jpg,763,D:\deep-person-reid\reid-data\msmt17\MSMT17_V1\test\0469/0469_064_06_0303afternoon_1009_0_ex.jpg,469
1716,D:\deep-person-reid\reid-data\msmt17\MSMT17_V1\test\0469/0469_065_06_0303afternoon_1010_0.jpg,469,correct_to_wrong,D:\deep-person-reid\reid-data\msmt17\MSMT17_V1\test\0469/0469_091_07_0303afternoon_0979_4.jpg,469,D:\deep-person-reid\reid-data\msmt17\MSMT17_V1\test\0702/0702_110_04_0303afternoon_0605_0.jpg,702
1723,D:\deep-person-reid\reid-data\msmt17\MSMT17_V1\test\0471/0471_002_14_0303afternoon_0242_0.jpg,471,wrong_to_correct,D:\deep-person-reid\reid-data\msmt17\MSMT17_V1\test\0546/0546_003_14_0303afternoon_0832_0_ex.jpg,546,D:\deep-person-reid\reid-data\msmt17\MSMT17_V1\test\0471/0471_026_01_0303afternoon_0234_0.jpg,471
1724,D:\deep-person-reid\reid-data\msmt17\MSMT17_V1\test\0471/0471_003_14_0303afternoon_0242_0_ex.jpg,471,wrong_to_correct,D:\deep-person-reid\reid-data\msmt17\MSMT17_V1\test\0473/0473_002_14_0303afternoon_0257_3.jpg,473,D:\deep-person-reid\reid-data\msmt17\MSMT17_V1\test\0471/0471_026_01_0303afternoon_0234_0.jpg,471
1744,D:\deep-person-reid\reid-data\msmt17\MSMT17_V1\test\0476/0476_023_01_0303afternoon_0296_0_ex.jpg,476,wrong_to_correct,D:\deep-person-reid\reid-data\msmt17\MSMT17_V1\test\0488/0488_028_01_0303afternoon_0384_0_ex.jpg,488,D:\deep-person-reid\reid-data\msmt17\MSMT17_V1\test\0476/0476_006_14_0303afternoon_0297_0.jpg,476
1746,D:\deep-person-reid\reid-data\msmt17\MSMT17_V1\test\0476/0476_001_14_0303afternoon_0294_0_ex.jpg,476,correct_to_wrong,D:\deep-person-reid\reid-data\msmt17\MSMT17_V1\test\0476/0476_027_01_0303afternoon_0298_0_ex.jpg,476,D:\deep-person-reid\reid-data\msmt17\MSMT17_V1\test\0451/0451_007_14_0303afternoon_0123_1_ex.jpg,451
1747,D:\deep-person-reid\reid-data\msmt17\MSMT17_V1\test\0477/0477_024_01_0303afternoon_0291_0.jpg,477,wrong_to_correct,D:\deep-person-reid\reid-data\msmt17\MSMT17_V1\test\0476/0476_027_01_0303afternoon_0298_0_ex.jpg,476,D:\deep-person-reid\reid-data\msmt17\MSMT17_V1\test\0477/0477_005_14_0303afternoon_0302_0_ex.jpg,477
1750,D:\deep-person-reid\reid-data\msmt17\MSMT17_V1\test\0477/0477_023_01_0303afternoon_0290_0_ex.jpg,477,wrong_to_correct,D:\deep-person-reid\reid-data\msmt17\MSMT17_V1\test\1055/1055_025_15_0113morning_0833_0.jpg,1055,D:\deep-person-reid\reid-data\msmt17\MSMT17_V1\test\0477/0477_005_14_0303afternoon_0302_0_ex.jpg,477
1764,D:\deep-person-reid\reid-data\msmt17\MSMT17_V1\test\0481/0481_009_14_0303afternoon_0345_0_ex.jpg,481,wrong_to_correct,D:\deep-person-reid\reid-data\msmt17\MSMT17_V1\test\2137/2137_017_01_0302afternoon_1467_0.jpg,2137,D:\deep-person-reid\reid-data\msmt17\MSMT17_V1\test\0481/0481_029_01_0303afternoon_0351_4.jpg,481
1793,D:\deep-person-reid\reid-data\msmt17\MSMT17_V1\test\0485/0485_003_14_0303afternoon_0379_2_ex.jpg,485,correct_to_wrong,D:\deep-person-reid\reid-data\msmt17\MSMT17_V1\test\0485/0485_014_07_0303afternoon_0355_3.jpg,485,D:\deep-person-reid\reid-data\msmt17\MSMT17_V1\test\2553/2553_020_14_0114morning_1766_2_ex.jpg,2553
1800,D:\deep-person-reid\reid-data\msmt17\MSMT17_V1\test\0487/0487_017_01_0303afternoon_0376_1.jpg,487,wrong_to_correct,D:\deep-person-reid\reid-data\msmt17\MSMT17_V1\test\0488/0488_031_01_0303afternoon_0386_0.jpg,488,D:\deep-person-reid\reid-data\msmt17\MSMT17_V1\test\0487/0487_002_14_0303afternoon_0384_0.jpg,487
1803,D:\deep-person-reid\reid-data\msmt17\MSMT17_V1\test\0488/0488_029_01_0303afternoon_0385_0.jpg,488,wrong_to_correct,D:\deep-person-reid\reid-data\msmt17\MSMT17_V1\test\0570/0570_022_01_0303afternoon_1124_2.jpg,570,D:\deep-person-reid\reid-data\msmt17\MSMT17_V1\test\0488/0488_007_14_0303afternoon_0389_0_ex.jpg,488
1849,D:\deep-person-reid\reid-data\msmt17\MSMT17_V1\test\0500/0500_029_01_0303afternoon_0474_0_ex.jpg,500,wrong_to_correct,D:\deep-person-reid\reid-data\msmt17\MSMT17_V1\test\1734/1734_004_07_0302morning_0298_3.jpg,1734,D:\deep-person-reid\reid-data\msmt17\MSMT17_V1\test\0500/0500_005_14_0303afternoon_0476_0_ex.jpg,500
1854,D:\deep-person-reid\reid-data\msmt17\MSMT17_V1\test\0501/0501_026_07_0303afternoon_0469_1.jpg,501,correct_to_wrong,D:\deep-person-reid\reid-data\msmt17\MSMT17_V1\test\0501/0501_023_05_0303afternoon_0479_0.jpg,501,D:\deep-person-reid\reid-data\msmt17\MSMT17_V1\test\0846/0846_089_15_0303afternoon_1548_2.jpg,846
1884,D:\deep-person-reid\reid-data\msmt17\MSMT17_V1\test\0506/0506_035_01_0303afternoon_0557_0_ex.jpg,506,correct_to_wrong,D:\deep-person-reid\reid-data\msmt17\MSMT17_V1\test\0506/0506_004_14_0303afternoon_0559_1.jpg,506,D:\deep-person-reid\reid-data\msmt17\MSMT17_V1\test\2015/2015_034_01_0302afternoon_0313_4_ex.jpg,2015
1935,D:\deep-person-reid\reid-data\msmt17\MSMT17_V1\test\0521/0521_013_03_0303afternoon_0661_0.jpg,521,correct_to_wrong,D:\deep-person-reid\reid-data\msmt17\MSMT17_V1\test\0521/0521_005_14_0303afternoon_0644_1_ex.jpg,521,D:\deep-person-reid\reid-data\msmt17\MSMT17_V1\test\0283/0283_017_05_0303morning_1666_4.jpg,283
1988,D:\deep-person-reid\reid-data\msmt17\MSMT17_V1\test\0539/0539_008_14_0303afternoon_0785_2.jpg,539,wrong_to_correct,D:\deep-person-reid\reid-data\msmt17\MSMT17_V1\test\0594/0594_004_14_0303afternoon_1196_0.jpg,594,D:\deep-person-reid\reid-data\msmt17\MSMT17_V1\test\0539/0539_015_07_0303afternoon_0758_3_ex.jpg,539
2020,D:\deep-person-reid\reid-data\msmt17\MSMT17_V1\test\0549/0549_008_14_0303afternoon_0840_0.jpg,549,wrong_to_correct,D:\deep-person-reid\reid-data\msmt17\MSMT17_V1\test\0496/0496_004_14_0303afternoon_0470_1.jpg,496,D:\deep-person-reid\reid-data\msmt17\MSMT17_V1\test\0549/0549_016_07_0303afternoon_0812_4.jpg,549
2036,D:\deep-person-reid\reid-data\msmt17\MSMT17_V1\test\0555/0555_046_01_0302afternoon_1706_3.jpg,555,correct_to_wrong,D:\deep-person-reid\reid-data\msmt17\MSMT17_V1\test\0555/0555_043_07_0302afternoon_1660_4.jpg,555,D:\deep-person-reid\reid-data\msmt17\MSMT17_V1\test\2495/2495_029_14_0114morning_1363_0.jpg,2495
2037,D:\deep-person-reid\reid-data\msmt17\MSMT17_V1\test\0555/0555_047_01_0302afternoon_1706_3_ex.jpg,555,wrong_to_correct,D:\deep-person-reid\reid-data\msmt17\MSMT17_V1\test\2334/2334_058_14_0302afternoon_1717_4_ex.jpg,2334,D:\deep-person-reid\reid-data\msmt17\MSMT17_V1\test\0555/0555_044_07_0302afternoon_1660_4_ex.jpg,555
2048,D:\deep-person-reid\reid-data\msmt17\MSMT17_V1\test\0557/0557_091_07_0303afternoon_0226_2.jpg,557,wrong_to_correct,D:\deep-person-reid\reid-data\msmt17\MSMT17_V1\test\1151/1151_063_07_0113morning_0126_1_ex.jpg,1151,D:\deep-person-reid\reid-data\msmt17\MSMT17_V1\test\0557/0557_045_12_0303afternoon_0212_0_ex.jpg,557
2051,D:\deep-person-reid\reid-data\msmt17\MSMT17_V1\test\0557/0557_159_14_0302afternoon_1215_3.jpg,557,correct_to_wrong,D:\deep-person-reid\reid-data\msmt17\MSMT17_V1\test\0557/0557_099_07_0303afternoon_0231_0.jpg,557,D:\deep-person-reid\reid-data\msmt17\MSMT17_V1\test\2185/2185_017_14_0302afternoon_0234_0.jpg,2185
2062,D:\deep-person-reid\reid-data\msmt17\MSMT17_V1\test\0559/0559_031_01_0303afternoon_0928_2_ex.jpg,559,wrong_to_correct,D:\deep-person-reid\reid-data\msmt17\MSMT17_V1\test\0752/0752_040_04_0303afternoon_0900_2_ex.jpg,752,D:\deep-person-reid\reid-data\msmt17\MSMT17_V1\test\0559/0559_012_14_0303afternoon_0924_3.jpg,559
2065,D:\deep-person-reid\reid-data\msmt17\MSMT17_V1\test\0560/0560_010_14_0303afternoon_0921_5.jpg,560,correct_to_wrong,D:\deep-person-reid\reid-data\msmt17\MSMT17_V1\test\0560/0560_024_01_0303afternoon_0927_2.jpg,560,D:\deep-person-reid\reid-data\msmt17\MSMT17_V1\test\0472/0472_004_14_0303afternoon_0251_0.jpg,472
2073,D:\deep-person-reid\reid-data\msmt17\MSMT17_V1\test\0563/0563_006_14_0303afternoon_0937_0.jpg,563,wrong_to_correct,D:\deep-person-reid\reid-data\msmt17\MSMT17_V1\test\0594/0594_003_14_0303afternoon_1195_0_ex.jpg,594,D:\deep-person-reid\reid-data\msmt17\MSMT17_V1\test\0563/0563_015_01_0303afternoon_0937_0.jpg,563
2079,D:\deep-person-reid\reid-data\msmt17\MSMT17_V1\test\0566/0566_006_14_0303afternoon_0951_0.jpg,566,correct_to_wrong,D:\deep-person-reid\reid-data\msmt17\MSMT17_V1\test\0566/0566_015_01_0303afternoon_0946_1.jpg,566,D:\deep-person-reid\reid-data\msmt17\MSMT17_V1\test\0591/0591_003_14_0303afternoon_1190_2_ex.jpg,591
2104,D:\deep-person-reid\reid-data\msmt17\MSMT17_V1\test\0573/0573_001_14_0303afternoon_1035_1_ex.jpg,573,wrong_to_correct,D:\deep-person-reid\reid-data\msmt17\MSMT17_V1\test\0997/0997_028_15_0113morning_0596_0_ex.jpg,997,D:\deep-person-reid\reid-data\msmt17\MSMT17_V1\test\0573/0573_016_07_0303afternoon_1122_0.jpg,573
2137,D:\deep-person-reid\reid-data\msmt17\MSMT17_V1\test\0582/0582_032_02_0303afternoon_1260_0.jpg,582,correct_to_wrong,D:\deep-person-reid\reid-data\msmt17\MSMT17_V1\test\0582/0582_001_14_0303afternoon_1147_0_ex.jpg,582,D:\deep-person-reid\reid-data\msmt17\MSMT17_V1\test\1361/1361_007_05_0113noon_0765_2_ex.jpg,1361
2140,D:\deep-person-reid\reid-data\msmt17\MSMT17_V1\test\0583/0583_020_01_0303afternoon_1285_8.jpg,583,wrong_to_correct,D:\deep-person-reid\reid-data\msmt17\MSMT17_V1\test\2036/2036_014_01_0302afternoon_0514_0.jpg,2036,D:\deep-person-reid\reid-data\msmt17\MSMT17_V1\test\0583/0583_004_14_0303afternoon_1152_0.jpg,583
2152,D:\deep-person-reid\reid-data\msmt17\MSMT17_V1\test\0588/0588_000_14_0303afternoon_1174_2.jpg,588,wrong_to_correct,D:\deep-person-reid\reid-data\msmt17\MSMT17_V1\test\0840/0840_027_08_0303afternoon_1452_0_ex.jpg,840,D:\deep-person-reid\reid-data\msmt17\MSMT17_V1\test\0588/0588_013_01_0303afternoon_1307_0.jpg,588
2162,D:\deep-person-reid\reid-data\msmt17\MSMT17_V1\test\0591/0591_009_14_0303afternoon_1193_0_ex.jpg,591,wrong_to_correct,D:\deep-person-reid\reid-data\msmt17\MSMT17_V1\test\2050/2050_006_14_0302afternoon_0588_2.jpg,2050,D:\deep-person-reid\reid-data\msmt17\MSMT17_V1\test\0591/0591_018_01_0303afternoon_1315_2_ex.jpg,591
2170,D:\deep-person-reid\reid-data\msmt17\MSMT17_V1\test\0594/0594_020_01_0303afternoon_1327_4_ex.jpg,594,correct_to_wrong,D:\deep-person-reid\reid-data\msmt17\MSMT17_V1\test\0594/0594_004_14_0303afternoon_1196_0.jpg,594,D:\deep-person-reid\reid-data\msmt17\MSMT17_V1\test\0563/0563_013_01_0303afternoon_0936_0.jpg,563
2185,D:\deep-person-reid\reid-data\msmt17\MSMT17_V1\test\0601/0601_020_01_0303afternoon_1473_7_ex.jpg,601,wrong_to_correct,D:\deep-person-reid\reid-data\msmt17\MSMT17_V1\test\1218/1218_009_10_0113noon_0518_1.jpg,1218,D:\deep-person-reid\reid-data\msmt17\MSMT17_V1\test\0601/0601_001_14_0303afternoon_1225_1_ex.jpg,601
2193,D:\deep-person-reid\reid-data\msmt17\MSMT17_V1\test\0604/0604_003_05_0303afternoon_1477_5.jpg,604,wrong_to_correct,D:\deep-person-reid\reid-data\msmt17\MSMT17_V1\test\0512/0512_009_05_0303afternoon_0586_2.jpg,512,D:\deep-person-reid\reid-data\msmt17\MSMT17_V1\test\0604/0604_006_01_0303afternoon_1488_0_ex.jpg,604
2196,D:\deep-person-reid\reid-data\msmt17\MSMT17_V1\test\0605/0605_000_14_0303afternoon_1234_5.jpg,605,wrong_to_correct,D:\deep-person-reid\reid-data\msmt17\MSMT17_V1\test\0531/0531_000_14_0303afternoon_0701_1.jpg,531,D:\deep-person-reid\reid-data\msmt17\MSMT17_V1\test\0605/0605_010_01_0303afternoon_1490_9.jpg,605
2203,D:\deep-person-reid\reid-data\msmt17\MSMT17_V1\test\0607/0607_012_01_0303afternoon_1490_5_ex.jpg,607,wrong_to_correct,D:\deep-person-reid\reid-data\msmt17\MSMT17_V1\test\0448/0448_025_01_0303afternoon_0104_0_ex.jpg,448,D:\deep-person-reid\reid-data\msmt17\MSMT17_V1\test\0607/0607_005_05_0303afternoon_1478_8.jpg,607
2233,D:\deep-person-reid\reid-data\msmt17\MSMT17_V1\test\0619/0619_012_05_0303afternoon_1547_1.jpg,619,wrong_to_correct,D:\deep-person-reid\reid-data\msmt17\MSMT17_V1\test\2772/2772_060_06_0114noon_1600_1_ex.jpg,2772,D:\deep-person-reid\reid-data\msmt17\MSMT17_V1\test\0619/0619_015_07_0303afternoon_1510_0.jpg,619
2262,D:\deep-person-reid\reid-data\msmt17\MSMT17_V1\test\0628/0628_011_01_0303afternoon_1609_1_ex.jpg,628,wrong_to_correct,D:\deep-person-reid\reid-data\msmt17\MSMT17_V1\test\0656/0656_016_01_0303afternoon_1801_0_ex.jpg,656,D:\deep-person-reid\reid-data\msmt17\MSMT17_V1\test\0628/0628_003_14_0303afternoon_1354_2.jpg,628
2263,D:\deep-person-reid\reid-data\msmt17\MSMT17_V1\test\0628/0628_019_01_0303afternoon_1616_6.jpg,628,wrong_to_correct,D:\deep-person-reid\reid-data\msmt17\MSMT17_V1\test\2971/2971_025_01_0114afternoon_1640_2.jpg,2971,D:\deep-person-reid\reid-data\msmt17\MSMT17_V1\test\0628/0628_006_05_0303afternoon_1598_0.jpg,628
2289,D:\deep-person-reid\reid-data\msmt17\MSMT17_V1\test\0634/0634_000_14_0303afternoon_1371_3.jpg,634,correct_to_wrong,D:\deep-person-reid\reid-data\msmt17\MSMT17_V1\test\0634/0634_015_01_0303afternoon_1623_6.jpg,634,D:\deep-person-reid\reid-data\msmt17\MSMT17_V1\test\2982/2982_002_14_0114afternoon_1661_1.jpg,2982
2295,D:\deep-person-reid\reid-data\msmt17\MSMT17_V1\test\0635/0635_011_07_0303afternoon_1581_0.jpg,635,wrong_to_correct,D:\deep-person-reid\reid-data\msmt17\MSMT17_V1\test\0986/0986_019_14_0113morning_0534_1.jpg,986,D:\deep-person-reid\reid-data\msmt17\MSMT17_V1\test\0635/0635_012_01_0303afternoon_1625_0.jpg,635
2299,D:\deep-person-reid\reid-data\msmt17\MSMT17_V1\test\0637/0637_005_05_0303afternoon_1637_2.jpg,637,wrong_to_correct,D:\deep-person-reid\reid-data\msmt17\MSMT17_V1\test\0289/0289_000_01_0303morning_1672_1.jpg,289,D:\deep-person-reid\reid-data\msmt17\MSMT17_V1\test\0637/0637_016_01_0303afternoon_1650_3.jpg,637
2329,D:\deep-person-reid\reid-data\msmt17\MSMT17_V1\test\0647/0647_002_14_0303afternoon_1475_0.jpg,647,wrong_to_correct,D:\deep-person-reid\reid-data\msmt17\MSMT17_V1\test\0612/0612_004_14_0303afternoon_1271_1.jpg,612,D:\deep-person-reid\reid-data\msmt17\MSMT17_V1\test\0647/0647_020_01_0303afternoon_1740_5_ex.jpg,647
2330,D:\deep-person-reid\reid-data\msmt17\MSMT17_V1\test\0647/0647_003_14_0303afternoon_1475_0_ex.jpg,647,wrong_to_correct,D:\deep-person-reid\reid-data\msmt17\MSMT17_V1\test\0612/0612_004_14_0303afternoon_1271_1.jpg,612,D:\deep-person-reid\reid-data\msmt17\MSMT17_V1\test\0647/0647_020_01_0303afternoon_1740_5_ex.jpg,647
2337,D:\deep-person-reid\reid-data\msmt17\MSMT17_V1\test\0650/0650_002_14_0303afternoon_1498_0.jpg,650,wrong_to_correct,D:\deep-person-reid\reid-data\msmt17\MSMT17_V1\test\2954/2954_019_01_0114afternoon_1501_0.jpg,2954,D:\deep-person-reid\reid-data\msmt17\MSMT17_V1\test\0650/0650_007_01_0303afternoon_1749_8.jpg,650
2350,D:\deep-person-reid\reid-data\msmt17\MSMT17_V1\test\0653/0653_005_14_0303afternoon_1533_0_ex.jpg,653,wrong_to_correct,D:\deep-person-reid\reid-data\msmt17\MSMT17_V1\test\1596/1596_016_09_0113afternoon_0496_3.jpg,1596,D:\deep-person-reid\reid-data\msmt17\MSMT17_V1\test\0653/0653_017_01_0303afternoon_1806_1.jpg,653
2358,D:\deep-person-reid\reid-data\msmt17\MSMT17_V1\test\0657/0657_016_01_0303afternoon_1817_7.jpg,657,wrong_to_correct,D:\deep-person-reid\reid-data\msmt17\MSMT17_V1\test\0520/0520_021_01_0303afternoon_0633_1.jpg,520,D:\deep-person-reid\reid-data\msmt17\MSMT17_V1\test\0657/0657_003_14_0303afternoon_1566_1_ex.jpg,657
2453,D:\deep-person-reid\reid-data\msmt17\MSMT17_V1\test\0675/0675_033_07_0303afternoon_0241_3.jpg,675,wrong_to_correct,D:\deep-person-reid\reid-data\msmt17\MSMT17_V1\test\2889/2889_005_01_0114afternoon_1053_1.jpg,2889,D:\deep-person-reid\reid-data\msmt17\MSMT17_V1\test\0675/0675_062_14_0303afternoon_0307_1.jpg,675
2556,D:\deep-person-reid\reid-data\msmt17\MSMT17_V1\test\0694/0694_036_04_0303afternoon_0477_1.jpg,694,wrong_to_correct,D:\deep-person-reid\reid-data\msmt17\MSMT17_V1\test\1868/1868_053_05_0302morning_1222_0.jpg,1868,D:\deep-person-reid\reid-data\msmt17\MSMT17_V1\test\0694/0694_043_07_0303afternoon_0469_2.jpg,694
2609,D:\deep-person-reid\reid-data\msmt17\MSMT17_V1\test\0702/0702_095_04_0303afternoon_0597_0_ex.jpg,702,correct_to_wrong,D:\deep-person-reid\reid-data\msmt17\MSMT17_V1\test\0702/0702_148_07_0303afternoon_0608_2_ex.jpg,702,D:\deep-person-reid\reid-data\msmt17\MSMT17_V1\test\2978/2978_007_05_0114afternoon_1644_2.jpg,2978
2611,D:\deep-person-reid\reid-data\msmt17\MSMT17_V1\test\0702/0702_107_04_0303afternoon_0603_0_ex.jpg,702,correct_to_wrong,D:\deep-person-reid\reid-data\msmt17\MSMT17_V1\test\0702/0702_147_07_0303afternoon_0608_2.jpg,702,D:\deep-person-reid\reid-data\msmt17\MSMT17_V1\test\1587/1587_021_10_0113afternoon_0308_1.jpg,1587
2614,D:\deep-person-reid\reid-data\msmt17\MSMT17_V1\test\0702/0702_059_09_0303afternoon_0498_0_ex.jpg,702,wrong_to_correct,D:\deep-person-reid\reid-data\msmt17\MSMT17_V1\test\1691/1691_024_08_0113afternoon_1822_2.jpg,1691,D:\deep-person-reid\reid-data\msmt17\MSMT17_V1\test\0702/0702_116_04_0303afternoon_0608_0_ex.jpg,702
2617,D:\deep-person-reid\reid-data\msmt17\MSMT17_V1\test\0702/0702_149_05_0303afternoon_0622_0.jpg,702,correct_to_wrong,D:\deep-person-reid\reid-data\msmt17\MSMT17_V1\test\0702/0702_087_04_0303afternoon_0593_0_ex.jpg,702,D:\deep-person-reid\reid-data\msmt17\MSMT17_V1\test\0479/0479_009_14_0303afternoon_0339_2_ex.jpg,479
2637,D:\deep-person-reid\reid-data\msmt17\MSMT17_V1\test\0705/0705_028_13_0302afternoon_1309_0.jpg,705,wrong_to_correct,D:\deep-person-reid\reid-data\msmt17\MSMT17_V1\test\0475/0475_010_14_0303afternoon_0294_3.jpg,475,D:\deep-person-reid\reid-data\msmt17\MSMT17_V1\test\0705/0705_049_08_0302afternoon_1471_0_ex.jpg,705
2673,D:\deep-person-reid\reid-data\msmt17\MSMT17_V1\test\0709/0709_049_06_0303afternoon_0677_0.jpg,709,wrong_to_correct,D:\deep-person-reid\reid-data\msmt17\MSMT17_V1\test\3048/3048_080_05_0114afternoon_1670_0.jpg,3048,D:\deep-person-reid\reid-data\msmt17\MSMT17_V1\test\0709/0709_068_07_0303afternoon_0675_1.jpg,709
2687,D:\deep-person-reid\reid-data\msmt17\MSMT17_V1\test\0711/0711_006_13_0303afternoon_0668_2.jpg,711,correct_to_wrong,D:\deep-person-reid\reid-data\msmt17\MSMT17_V1\test\0711/0711_013_11_0303afternoon_0664_2.jpg,711,D:\deep-person-reid\reid-data\msmt17\MSMT17_V1\test\1893/1893_008_12_0302noon_0166_1.jpg,1893
2719,D:\deep-person-reid\reid-data\msmt17\MSMT17_V1\test\0716/0716_057_07_0303afternoon_0711_0_ex.jpg,716,wrong_to_correct,D:\deep-person-reid\reid-data\msmt17\MSMT17_V1\test\2150/2150_028_01_0302afternoon_1577_4_ex.jpg,2150,D:\deep-person-reid\reid-data\msmt17\MSMT17_V1\test\0716/0716_006_12_0303afternoon_0693_0_ex.jpg,716
2734,D:\deep-person-reid\reid-data\msmt17\MSMT17_V1\test\0718/0718_035_12_0302afternoon_1290_2.jpg,718,correct_to_wrong,D:\deep-person-reid\reid-data\msmt17\MSMT17_V1\test\0718/0718_045_08_0302afternoon_1210_1.jpg,718,D:\deep-person-reid\reid-data\msmt17\MSMT17_V1\test\1179/1179_004_13_0113morning_1420_0_ex.jpg,1179
2754,D:\deep-person-reid\reid-data\msmt17\MSMT17_V1\test\0722/0722_052_07_0303afternoon_0739_4_ex.jpg,722,wrong_to_correct,D:\deep-person-reid\reid-data\msmt17\MSMT17_V1\test\0286/0286_018_07_0303morning_1660_0_ex.jpg,286,D:\deep-person-reid\reid-data\msmt17\MSMT17_V1\test\0722/0722_059_14_0303afternoon_0798_3.jpg,722
2795,D:\deep-person-reid\reid-data\msmt17\MSMT17_V1\test\0732/0732_063_07_0303afternoon_0818_2_ex.jpg,732,wrong_to_correct,D:\deep-person-reid\reid-data\msmt17\MSMT17_V1\test\0674/0674_035_07_0303afternoon_0229_2_ex.jpg,674,D:\deep-person-reid\reid-data\msmt17\MSMT17_V1\test\0732/0732_039_06_0303afternoon_0821_0_ex.jpg,732
2820,D:\deep-person-reid\reid-data\msmt17\MSMT17_V1\test\0736/0736_041_04_0303afternoon_0824_0.jpg,736,wrong_to_correct,D:\deep-person-reid\reid-data\msmt17\MSMT17_V1\test\0274/0274_006_01_0303morning_1589_2_ex.jpg,274,D:\deep-person-reid\reid-data\msmt17\MSMT17_V1\test\0736/0736_066_01_0303afternoon_0848_0.jpg,736
2863,D:\deep-person-reid\reid-data\msmt17\MSMT17_V1\test\0743/0743_001_13_0303afternoon_0858_1_ex.jpg,743,wrong_to_correct,D:\deep-person-reid\reid-data\msmt17\MSMT17_V1\test\0691/0691_010_11_0303afternoon_0431_0.jpg,691,D:\deep-person-reid\reid-data\msmt17\MSMT17_V1\test\0743/0743_065_15_0303afternoon_0911_0_ex.jpg,743
2916,D:\deep-person-reid\reid-data\msmt17\MSMT17_V1\test\0752/0752_034_04_0303afternoon_0897_1_ex.jpg,752,wrong_to_correct,D:\deep-person-reid\reid-data\msmt17\MSMT17_V1\test\2204/2204_009_01_0302afternoon_0451_2_ex.jpg,2204,D:\deep-person-reid\reid-data\msmt17\MSMT17_V1\test\0752/0752_006_12_0303afternoon_0881_1.jpg,752
2954,D:\deep-person-reid\reid-data\msmt17\MSMT17_V1\test\0760/0760_014_13_0303afternoon_0915_0.jpg,760,wrong_to_correct,D:\deep-person-reid\reid-data\msmt17\MSMT17_V1\test\0672/0672_037_06_0303afternoon_0257_0.jpg,672,D:\deep-person-reid\reid-data\msmt17\MSMT17_V1\test\0760/0760_027_11_0303afternoon_0910_0_ex.jpg,760
2962,D:\deep-person-reid\reid-data\msmt17\MSMT17_V1\test\0763/0763_008_13_0303afternoon_0948_1.jpg,763,correct_to_wrong,D:\deep-person-reid\reid-data\msmt17\MSMT17_V1\test\0763/0763_018_11_0303afternoon_0944_1_ex.jpg,763,D:\deep-person-reid\reid-data\msmt17\MSMT17_V1\test\1192/1192_006_11_0113noon_0031_3.jpg,1192
2973,D:\deep-person-reid\reid-data\msmt17\MSMT17_V1\test\0765/0765_015_11_0303afternoon_0948_0_ex.jpg,765,wrong_to_correct,D:\deep-person-reid\reid-data\msmt17\MSMT17_V1\test\1997/1997_030_11_0302noon_1658_0_ex.jpg,1997,D:\deep-person-reid\reid-data\msmt17\MSMT17_V1\test\0765/0765_021_13_0302afternoon_1463_2.jpg,765
2977,D:\deep-person-reid\reid-data\msmt17\MSMT17_V1\test\0767/0767_004_13_0303afternoon_0953_0.jpg,767,wrong_to_correct,D:\deep-person-reid\reid-data\msmt17\MSMT17_V1\test\0719/0719_006_11_0303afternoon_0707_1.jpg,719,D:\deep-person-reid\reid-data\msmt17\MSMT17_V1\test\0767/0767_021_11_0303afternoon_0952_1.jpg,767
2997,D:\deep-person-reid\reid-data\msmt17\MSMT17_V1\test\0772/0772_027_11_0303afternoon_0970_0_ex.jpg,772,wrong_to_correct,D:\deep-person-reid\reid-data\msmt17\MSMT17_V1\test\0884/0884_011_11_0303afternoon_1729_0_ex.jpg,884,D:\deep-person-reid\reid-data\msmt17\MSMT17_V1\test\0772/0772_009_13_0303afternoon_0974_0_ex.jpg,772
3096,D:\deep-person-reid\reid-data\msmt17\MSMT17_V1\test\0793/0793_030_11_0303afternoon_1149_2.jpg,793,wrong_to_correct,D:\deep-person-reid\reid-data\msmt17\MSMT17_V1\test\0794/0794_020_09_0303afternoon_1066_0.jpg,794,D:\deep-person-reid\reid-data\msmt17\MSMT17_V1\test\0793/0793_022_13_0303afternoon_1155_3.jpg,793
3105,D:\deep-person-reid\reid-data\msmt17\MSMT17_V1\test\0794/0794_038_04_0303afternoon_1166_1_ex.jpg,794,correct_to_wrong,D:\deep-person-reid\reid-data\msmt17\MSMT17_V1\test\0794/0794_046_07_0303afternoon_1145_4.jpg,794,D:\deep-person-reid\reid-data\msmt17\MSMT17_V1\test\2989/2989_005_05_0114afternoon_1696_1_ex.jpg,2989
3106,D:\deep-person-reid\reid-data\msmt17\MSMT17_V1\test\0794/0794_044_07_0303afternoon_1143_2.jpg,794,wrong_to_correct,D:\deep-person-reid\reid-data\msmt17\MSMT17_V1\test\0825/0825_028_08_0303afternoon_1313_0.jpg,825,D:\deep-person-reid\reid-data\msmt17\MSMT17_V1\test\0794/0794_027_06_0303afternoon_1172_1.jpg,794
3123,D:\deep-person-reid\reid-data\msmt17\MSMT17_V1\test\0796/0796_047_07_0303afternoon_1148_2.jpg,796,correct_to_wrong,D:\deep-person-reid\reid-data\msmt17\MSMT17_V1\test\0796/0796_031_04_0303afternoon_1166_0_ex.jpg,796,D:\deep-person-reid\reid-data\msmt17\MSMT17_V1\test\2638/2638_000_01_0114noon_0565_3.jpg,2638
3132,D:\deep-person-reid\reid-data\msmt17\MSMT17_V1\test\0799/0799_003_13_0303afternoon_1161_1_ex.jpg,799,wrong_to_correct,D:\deep-person-reid\reid-data\msmt17\MSMT17_V1\test\0892/0892_004_13_0303afternoon_1780_1.jpg,892,D:\deep-person-reid\reid-data\msmt17\MSMT17_V1\test\0799/0799_019_11_0303afternoon_1157_1.jpg,799
3172,D:\deep-person-reid\reid-data\msmt17\MSMT17_V1\test\0809/0809_012_13_0303afternoon_1245_1.jpg,809,wrong_to_correct,D:\deep-person-reid\reid-data\msmt17\MSMT17_V1\test\2350/2350_008_13_0302afternoon_1478_2.jpg,2350,D:\deep-person-reid\reid-data\msmt17\MSMT17_V1\test\0809/0809_032_11_0303afternoon_1238_0_ex.jpg,809
3221,D:\deep-person-reid\reid-data\msmt17\MSMT17_V1\test\0821/0821_001_13_0303afternoon_1319_2_ex.jpg,821,wrong_to_correct,D:\deep-person-reid\reid-data\msmt17\MSMT17_V1\test\2342/2342_000_13_0302afternoon_1376_0.jpg,2342,D:\deep-person-reid\reid-data\msmt17\MSMT17_V1\test\0821/0821_012_12_0303afternoon_1316_1.jpg,821
3241,D:\deep-person-reid\reid-data\msmt17\MSMT17_V1\test\0826/0826_008_11_0303afternoon_1343_2_ex.jpg,826,wrong_to_correct,D:\deep-person-reid\reid-data\msmt17\MSMT17_V1\test\0842/0842_012_11_0303afternoon_1432_0_ex.jpg,842,D:\deep-person-reid\reid-data\msmt17\MSMT17_V1\test\0826/0826_002_13_0303afternoon_1349_3.jpg,826
3280,D:\deep-person-reid\reid-data\msmt17\MSMT17_V1\test\0838/0838_042_14_0303afternoon_1243_2.jpg,838,correct_to_wrong,D:\deep-person-reid\reid-data\msmt17\MSMT17_V1\test\0838/0838_038_07_0303afternoon_1414_0.jpg,838,D:\deep-person-reid\reid-data\msmt17\MSMT17_V1\test\0892/0892_062_07_0303afternoon_1764_5_ex.jpg,892
3287,D:\deep-person-reid\reid-data\msmt17\MSMT17_V1\test\0839/0839_005_04_0303afternoon_1429_0.jpg,839,correct_to_wrong,D:\deep-person-reid\reid-data\msmt17\MSMT17_V1\test\0839/0839_015_05_0303afternoon_1458_6.jpg,839,D:\deep-person-reid\reid-data\msmt17\MSMT17_V1\test\0241/0241_006_01_0303morning_1374_0.jpg,241
3290,D:\deep-person-reid\reid-data\msmt17\MSMT17_V1\test\0840/0840_011_13_0303afternoon_1427_0_ex.jpg,840,wrong_to_correct,D:\deep-person-reid\reid-data\msmt17\MSMT17_V1\test\0581/0581_033_01_0303afternoon_1379_0_ex.jpg,581,D:\deep-person-reid\reid-data\msmt17\MSMT17_V1\test\0840/0840_025_11_0303afternoon_1425_2_ex.jpg,840
3291,D:\deep-person-reid\reid-data\msmt17\MSMT17_V1\test\0840/0840_051_14_0303afternoon_1286_10.jpg,840,wrong_to_correct,D:\deep-person-reid\reid-data\msmt17\MSMT17_V1\test\0283/0283_016_05_0303morning_1663_4_ex.jpg,283,D:\deep-person-reid\reid-data\msmt17\MSMT17_V1\test\0840/0840_042_07_0303afternoon_1466_2_ex.jpg,840
3320,D:\deep-person-reid\reid-data\msmt17\MSMT17_V1\test\0846/0846_077_15_0303afternoon_1541_1.jpg,846,wrong_to_correct,D:\deep-person-reid\reid-data\msmt17\MSMT17_V1\test\2335/2335_046_10_0302afternoon_1337_0.jpg,2335,D:\deep-person-reid\reid-data\msmt17\MSMT17_V1\test\0846/0846_057_07_0303afternoon_1499_0_ex.jpg,846
3322,D:\deep-person-reid\reid-data\msmt17\MSMT17_V1\test\0846/0846_010_13_0303afternoon_1492_3.jpg,846,wrong_to_correct,D:\deep-person-reid\reid-data\msmt17\MSMT17_V1\test\2046/2046_026_01_0302afternoon_0582_0.jpg,2046,D:\deep-person-reid\reid-data\msmt17\MSMT17_V1\test\0846/0846_024_11_0303afternoon_1486_1.jpg,846
3323,D:\deep-person-reid\reid-data\msmt17\MSMT17_V1\test\0846/0846_011_13_0303afternoon_1492_3_ex.jpg,846,wrong_to_correct,D:\deep-person-reid\reid-data\msmt17\MSMT17_V1\test\2167/2167_011_01_0302afternoon_1685_1_ex.jpg,2167,D:\deep-person-reid\reid-data\msmt17\MSMT17_V1\test\0846/0846_024_11_0303afternoon_1486_1.jpg,846
3356,D:\deep-person-reid\reid-data\msmt17\MSMT17_V1\test\0851/0851_022_12_0303afternoon_1495_0_ex.jpg,851,wrong_to_correct,D:\deep-person-reid\reid-data\msmt17\MSMT17_V1\test\2439/2439_013_05_0114morning_0882_0_ex.jpg,2439,D:\deep-person-reid\reid-data\msmt17\MSMT17_V1\test\0851/0851_028_11_0303afternoon_1497_1.jpg,851
3362,D:\deep-person-reid\reid-data\msmt17\MSMT17_V1\test\0854/0854_041_04_0303afternoon_1610_1.jpg,854,wrong_to_correct,D:\deep-person-reid\reid-data\msmt17\MSMT17_V1\test\0270/0270_013_14_0303morning_1814_2_ex.jpg,270,D:\deep-person-reid\reid-data\msmt17\MSMT17_V1\test\0854/0854_055_07_0303afternoon_1597_1.jpg,854
3382,D:\deep-person-reid\reid-data\msmt17\MSMT17_V1\test\0858/0858_011_06_0303afternoon_1570_3_ex.jpg,858,wrong_to_correct,D:\deep-person-reid\reid-data\msmt17\MSMT17_V1\test\0952/0952_010_05_0113morning_0376_0_ex.jpg,952,D:\deep-person-reid\reid-data\msmt17\MSMT17_V1\test\0858/0858_034_01_0303afternoon_1599_6.jpg,858
3395,D:\deep-person-reid\reid-data\msmt17\MSMT17_V1\test\0861/0861_025_07_0303afternoon_1536_2.jpg,861,wrong_to_correct,D:\deep-person-reid\reid-data\msmt17\MSMT17_V1\test\1846/1846_012_07_0302morning_0828_0.jpg,1846,D:\deep-person-reid\reid-data\msmt17\MSMT17_V1\test\0861/0861_014_04_0303afternoon_1561_0_ex.jpg,861
3396,D:\deep-person-reid\reid-data\msmt17\MSMT17_V1\test\0861/0861_044_01_0303afternoon_1600_1.jpg,861,wrong_to_correct,D:\deep-person-reid\reid-data\msmt17\MSMT17_V1\test\0642/0642_015_01_0303afternoon_1692_0.jpg,642,D:\deep-person-reid\reid-data\msmt17\MSMT17_V1\test\0861/0861_022_04_0303afternoon_1565_0_ex.jpg,861
3400,D:\deep-person-reid\reid-data\msmt17\MSMT17_V1\test\0862/0862_001_12_0303afternoon_1552_4_ex.jpg,862,wrong_to_correct,D:\deep-person-reid\reid-data\msmt17\MSMT17_V1\test\0815/0815_023_07_0303afternoon_1275_2.jpg,815,D:\deep-person-reid\reid-data\msmt17\MSMT17_V1\test\0862/0862_020_07_0303afternoon_1563_1_ex.jpg,862
3405,D:\deep-person-reid\reid-data\msmt17\MSMT17_V1\test\0863/0863_039_04_0303afternoon_1575_0.jpg,863,wrong_to_correct,D:\deep-person-reid\reid-data\msmt17\MSMT17_V1\test\2654/2654_009_07_0114noon_1296_1_ex.jpg,2654,D:\deep-person-reid\reid-data\msmt17\MSMT17_V1\test\0863/0863_049_05_0303afternoon_1605_2.jpg,863
3424,D:\deep-person-reid\reid-data\msmt17\MSMT17_V1\test\0866/0866_005_13_0303afternoon_1597_1_ex.jpg,866,wrong_to_correct,D:\deep-person-reid\reid-data\msmt17\MSMT17_V1\test\0865/0865_003_13_0303afternoon_1583_0_ex.jpg,865,D:\deep-person-reid\reid-data\msmt17\MSMT17_V1\test\0866/0866_016_11_0303afternoon_1592_1.jpg,866
3439,D:\deep-person-reid\reid-data\msmt17\MSMT17_V1\test\0869/0869_006_13_0303afternoon_1611_1.jpg,869,wrong_to_correct,D:\deep-person-reid\reid-data\msmt17\MSMT17_V1\test\0723/0723_053_07_0303afternoon_0759_3.jpg,723,D:\deep-person-reid\reid-data\msmt17\MSMT17_V1\test\0869/0869_013_11_0303afternoon_1605_0.jpg,869
3447,D:\deep-person-reid\reid-data\msmt17\MSMT17_V1\test\0871/0871_040_03_0303afternoon_1663_1.jpg,871,correct_to_wrong,D:\deep-person-reid\reid-data\msmt17\MSMT17_V1\test\0871/0871_034_07_0303afternoon_1600_0_ex.jpg,871,D:\deep-person-reid\reid-data\msmt17\MSMT17_V1\test\1651/1651_017_04_0113afternoon_1303_0.jpg,1651
3470,D:\deep-person-reid\reid-data\msmt17\MSMT17_V1\test\0876/0876_023_06_0303afternoon_1681_0.jpg,876,wrong_to_correct,D:\deep-person-reid\reid-data\msmt17\MSMT17_V1\test\0717/0717_034_06_0303afternoon_0717_0_ex.jpg,717,D:\deep-person-reid\reid-data\msmt17\MSMT17_V1\test\0876/0876_008_09_0303afternoon_1261_2.jpg,876
3491,D:\deep-person-reid\reid-data\msmt17\MSMT17_V1\test\0882/0882_002_13_0303afternoon_1698_1.jpg,882,wrong_to_correct,D:\deep-person-reid\reid-data\msmt17\MSMT17_V1\test\0437/0437_019_01_0303afternoon_0058_0.jpg,437,D:\deep-person-reid\reid-data\msmt17\MSMT17_V1\test\0882/0882_012_11_0303afternoon_1693_0.jpg,882
3494,D:\deep-person-reid\reid-data\msmt17\MSMT17_V1\test\0882/0882_032_07_0303afternoon_1691_1.jpg,882,wrong_to_correct,D:\deep-person-reid\reid-data\msmt17\MSMT17_V1\test\2056/2056_016_07_0302afternoon_0646_0_ex.jpg,2056,D:\deep-person-reid\reid-data\msmt17\MSMT17_V1\test\0882/0882_027_06_0303afternoon_1728_0.jpg,882
3540,D:\deep-person-reid\reid-data\msmt17\MSMT17_V1\test\0893/0893_007_13_0303afternoon_1787_3_ex.jpg,893,wrong_to_correct,D:\deep-person-reid\reid-data\msmt17\MSMT17_V1\test\0115/0115_003_01_0303morning_0559_0_ex.jpg,115,D:\deep-person-reid\reid-data\msmt17\MSMT17_V1\test\0893/0893_016_11_0303afternoon_1780_1.jpg,893
3549,D:\deep-person-reid\reid-data\msmt17\MSMT17_V1\test\0895/0895_009_12_0303afternoon_1785_0_ex.jpg,895,correct_to_wrong,D:\deep-person-reid\reid-data\msmt17\MSMT17_V1\test\0895/0895_024_07_0303afternoon_1780_1_ex.jpg,895,D:\deep-person-reid\reid-data\msmt17\MSMT17_V1\test\0871/0871_008_12_0303afternoon_1611_0.jpg,871
3576,D:\deep-person-reid\reid-data\msmt17\MSMT17_V1\test\0901/0901_006_13_0303afternoon_1848_3.jpg,901,wrong_to_correct,D:\deep-person-reid\reid-data\msmt17\MSMT17_V1\test\0732/0732_004_13_0303afternoon_0805_3.jpg,732,D:\deep-person-reid\reid-data\msmt17\MSMT17_V1\test\0901/0901_012_12_0303afternoon_1841_2.jpg,901
3662,D:\deep-person-reid\reid-data\msmt17\MSMT17_V1\test\0931/0931_005_05_0113morning_0268_0.jpg,931,wrong_to_correct,D:\deep-person-reid\reid-data\msmt17\MSMT17_V1\test\0911/0911_003_01_0113morning_0303_0.jpg,911,D:\deep-person-reid\reid-data\msmt17\MSMT17_V1\test\0931/0931_002_01_0113morning_0408_0.jpg,931
3794,D:\deep-person-reid\reid-data\msmt17\MSMT17_V1\test\0972/0972_006_07_0113morning_0460_0.jpg,972,wrong_to_correct,D:\deep-person-reid\reid-data\msmt17\MSMT17_V1\test\1201/1201_157_07_0114morning_0384_0.jpg,1201,D:\deep-person-reid\reid-data\msmt17\MSMT17_V1\test\0972/0972_005_01_0113morning_0620_1.jpg,972
3807,D:\deep-person-reid\reid-data\msmt17\MSMT17_V1\test\0976/0976_007_07_0113morning_0489_1.jpg,976,correct_to_wrong,D:\deep-person-reid\reid-data\msmt17\MSMT17_V1\test\0976/0976_002_01_0113morning_0648_0.jpg,976,D:\deep-person-reid\reid-data\msmt17\MSMT17_V1\test\2197/2197_016_07_0302afternoon_0349_0.jpg,2197
4002,D:\deep-person-reid\reid-data\msmt17\MSMT17_V1\test\1037/1037_064_04_0113morning_1157_1_ex.jpg,1037,wrong_to_correct,D:\deep-person-reid\reid-data\msmt17\MSMT17_V1\test\1188/1188_047_04_0113morning_1692_0.jpg,1188,D:\deep-person-reid\reid-data\msmt17\MSMT17_V1\test\1037/1037_026_13_0113morning_1213_1.jpg,1037
4029,D:\deep-person-reid\reid-data\msmt17\MSMT17_V1\test\1045/1045_080_06_0113morning_1158_1.jpg,1045,correct_to_wrong,D:\deep-person-reid\reid-data\msmt17\MSMT17_V1\test\1045/1045_098_07_0113morning_1330_1_ex.jpg,1045,D:\deep-person-reid\reid-data\msmt17\MSMT17_V1\test\1186/1186_042_06_0113morning_1470_1.jpg,1186
4040,D:\deep-person-reid\reid-data\msmt17\MSMT17_V1\test\1045/1045_093_07_0113morning_1328_0.jpg,1045,wrong_to_correct,D:\deep-person-reid\reid-data\msmt17\MSMT17_V1\test\2497/2497_072_07_0114morning_1466_2_ex.jpg,2497,D:\deep-person-reid\reid-data\msmt17\MSMT17_V1\test\1045/1045_083_06_0113morning_1159_1_ex.jpg,1045
4125,D:\deep-person-reid\reid-data\msmt17\MSMT17_V1\test\1073/1073_006_07_0113morning_0909_0.jpg,1073,correct_to_wrong,D:\deep-person-reid\reid-data\msmt17\MSMT17_V1\test\1073/1073_005_01_0113morning_1073_0_ex.jpg,1073,D:\deep-person-reid\reid-data\msmt17\MSMT17_V1\test\2206/2206_009_07_0302afternoon_0430_0.jpg,2206
4184,D:\deep-person-reid\reid-data\msmt17\MSMT17_V1\test\1091/1091_018_11_0113morning_0934_0.jpg,1091,wrong_to_correct,D:\deep-person-reid\reid-data\msmt17\MSMT17_V1\test\1946/1946_003_13_0302noon_0882_0.jpg,1946,D:\deep-person-reid\reid-data\msmt17\MSMT17_V1\test\1091/1091_032_13_0113morning_1073_1_ex.jpg,1091
4306,D:\deep-person-reid\reid-data\msmt17\MSMT17_V1\test\1132/1132_003_01_0113morning_1746_2.jpg,1132,wrong_to_correct,D:\deep-person-reid\reid-data\msmt17\MSMT17_V1\test\2644/2644_000_01_0114noon_0614_0.jpg,2644,D:\deep-person-reid\reid-data\msmt17\MSMT17_V1\test\1132/1132_018_04_0113morning_1537_0_ex.jpg,1132
4337,D:\deep-person-reid\reid-data\msmt17\MSMT17_V1\test\1142/1142_007_04_0113morning_1567_2_ex.jpg,1142,wrong_to_correct,D:\deep-person-reid\reid-data\msmt17\MSMT17_V1\test\1629/1629_019_13_0113afternoon_1017_3_ex.jpg,1629,D:\deep-person-reid\reid-data\msmt17\MSMT17_V1\test\1142/1142_002_01_0113morning_1775_3.jpg,1142
4492,D:\deep-person-reid\reid-data\msmt17\MSMT17_V1\test\1175/1175_038_04_0113morning_1220_1.jpg,1175,correct_to_wrong,D:\deep-person-reid\reid-data\msmt17\MSMT17_V1\test\1175/1175_001_13_0113morning_1272_5.jpg,1175,D:\deep-person-reid\reid-data\msmt17\MSMT17_V1\test\3006/3006_015_13_0114afternoon_0283_5_ex.jpg,3006
4497,D:\deep-person-reid\reid-data\msmt17\MSMT17_V1\test\1176/1176_040_14_0113morning_1334_1_ex.jpg,1176,wrong_to_correct,D:\deep-person-reid\reid-data\msmt17\MSMT17_V1\test\1264/1264_007_07_0113noon_0391_1_ex.jpg,1264,D:\deep-person-reid\reid-data\msmt17\MSMT17_V1\test\1176/1176_024_07_0113morning_1318_2.jpg,1176
4556,D:\deep-person-reid\reid-data\msmt17\MSMT17_V1\test\1187/1187_045_07_0113morning_1650_2_ex.jpg,1187,correct_to_wrong,D:\deep-person-reid\reid-data\msmt17\MSMT17_V1\test\1187/1187_040_06_0113morning_1485_0_ex.jpg,1187,D:\deep-person-reid\reid-data\msmt17\MSMT17_V1\test\0681/0681_038_12_0302afternoon_1156_0.jpg,681
4620,D:\deep-person-reid\reid-data\msmt17\MSMT17_V1\test\1202/1202_027_07_0113noon_0314_0_ex.jpg,1202,wrong_to_correct,D:\deep-person-reid\reid-data\msmt17\MSMT17_V1\test\2064/2064_002_14_0302afternoon_0725_4.jpg,2064,D:\deep-person-reid\reid-data\msmt17\MSMT17_V1\test\1202/1202_020_06_0113noon_0306_0.jpg,1202
4672,D:\deep-person-reid\reid-data\msmt17\MSMT17_V1\test\1223/1223_013_07_0113noon_0188_1.jpg,1223,wrong_to_correct,D:\deep-person-reid\reid-data\msmt17\MSMT17_V1\test\0106/0106_025_14_0303morning_0741_0_ex.jpg,106,D:\deep-person-reid\reid-data\msmt17\MSMT17_V1\test\1223/1223_043_14_0113noon_0265_1_ex.jpg,1223
4676,D:\deep-person-reid\reid-data\msmt17\MSMT17_V1\test\1223/1223_000_01_0113noon_0176_2.jpg,1223,correct_to_wrong,D:\deep-person-reid\reid-data\msmt17\MSMT17_V1\test\1223/1223_016_07_0113noon_0190_0_ex.jpg,1223,D:\deep-person-reid\reid-data\msmt17\MSMT17_V1\test\2539/2539_000_01_0114morning_1692_0.jpg,2539
4710,D:\deep-person-reid\reid-data\msmt17\MSMT17_V1\test\1238/1238_008_07_0113noon_0241_1.jpg,1238,correct_to_wrong,D:\deep-person-reid\reid-data\msmt17\MSMT17_V1\test\1238/1238_020_14_0113noon_0235_0_ex.jpg,1238,D:\deep-person-reid\reid-data\msmt17\MSMT17_V1\test\2704/2704_012_07_0114noon_1709_0_ex.jpg,2704
4785,D:\deep-person-reid\reid-data\msmt17\MSMT17_V1\test\1271/1271_011_07_0113noon_0429_2.jpg,1271,wrong_to_correct,D:\deep-person-reid\reid-data\msmt17\MSMT17_V1\test\2559/2559_048_06_0114morning_0419_0_ex.jpg,2559,D:\deep-person-reid\reid-data\msmt17\MSMT17_V1\test\1271/1271_024_14_0113noon_0428_2.jpg,1271
4787,D:\deep-person-reid\reid-data\msmt17\MSMT17_V1\test\1271/1271_018_05_0113noon_0446_0.jpg,1271,correct_to_wrong,D:\deep-person-reid\reid-data\msmt17\MSMT17_V1\test\1271/1271_024_14_0113noon_0428_2.jpg,1271,D:\deep-person-reid\reid-data\msmt17\MSMT17_V1\test\1780/1780_026_14_0302morning_0257_0_ex.jpg,1780
4788,D:\deep-person-reid\reid-data\msmt17\MSMT17_V1\test\1271/1271_019_05_0113noon_0446_0_ex.jpg,1271,correct_to_wrong,D:\deep-person-reid\reid-data\msmt17\MSMT17_V1\test\1271/1271_024_14_0113noon_0428_2.jpg,1271,D:\deep-person-reid\reid-data\msmt17\MSMT17_V1\test\1362/1362_007_05_0113noon_0771_0.jpg,1362
5017,D:\deep-person-reid\reid-data\msmt17\MSMT17_V1\test\1361/1361_008_05_0113noon_0766_0.jpg,1361,correct_to_wrong,D:\deep-person-reid\reid-data\msmt17\MSMT17_V1\test\1361/1361_012_14_0113noon_0744_1_ex.jpg,1361,D:\deep-person-reid\reid-data\msmt17\MSMT17_V1\test\1511/1511_032_05_0113noon_1068_2_ex.jpg,1511
5020,D:\deep-person-reid\reid-data\msmt17\MSMT17_V1\test\1362/1362_006_05_0113noon_0770_4_ex.jpg,1362,wrong_to_correct,D:\deep-person-reid\reid-data\msmt17\MSMT17_V1\test\1780/1780_026_14_0302morning_0257_0_ex.jpg,1780,D:\deep-person-reid\reid-data\msmt17\MSMT17_V1\test\1362/1362_008_14_0113noon_0745_1.jpg,1362
5048,D:\deep-person-reid\reid-data\msmt17\MSMT17_V1\test\1371/1371_016_14_0113noon_0789_1_ex.jpg,1371,wrong_to_correct,D:\deep-person-reid\reid-data\msmt17\MSMT17_V1\test\1390/1390_013_14_0113noon_0848_3.jpg,1390,D:\deep-person-reid\reid-data\msmt17\MSMT17_V1\test\1371/1371_005_07_0113noon_0796_2_ex.jpg,1371
5107,D:\deep-person-reid\reid-data\msmt17\MSMT17_V1\test\1392/1392_008_07_0113noon_0855_0_ex.jpg,1392,wrong_to_correct,D:\deep-person-reid\reid-data\msmt17\MSMT17_V1\test\2992/2992_007_01_0114afternoon_1779_0_ex.jpg,2992,D:\deep-person-reid\reid-data\msmt17\MSMT17_V1\test\1392/1392_020_14_0113noon_0848_0_ex.jpg,1392
5206,D:\deep-person-reid\reid-data\msmt17\MSMT17_V1\test\1425/1425_013_14_0113noon_0996_1.jpg,1425,wrong_to_correct,D:\deep-person-reid\reid-data\msmt17\MSMT17_V1\test\1062/1062_039_14_0113morning_0995_1_ex.jpg,1062,D:\deep-person-reid\reid-data\msmt17\MSMT17_V1\test\1425/1425_005_07_0113noon_1002_1_ex.jpg,1425
5321,D:\deep-person-reid\reid-data\msmt17\MSMT17_V1\test\1461/1461_119_13_0114afternoon_1194_1.jpg,1461,wrong_to_correct,D:\deep-person-reid\reid-data\msmt17\MSMT17_V1\test\1139/1139_006_07_0113morning_1607_1.jpg,1139,D:\deep-person-reid\reid-data\msmt17\MSMT17_V1\test\1461/1461_132_11_0114afternoon_1202_0.jpg,1461
5450,D:\deep-person-reid\reid-data\msmt17\MSMT17_V1\test\1497/1497_081_11_0113noon_0810_4.jpg,1497,wrong_to_correct,D:\deep-person-reid\reid-data\msmt17\MSMT17_V1\test\2754/2754_047_11_0114noon_1168_0.jpg,2754,D:\deep-person-reid\reid-data\msmt17\MSMT17_V1\test\1497/1497_033_13_0113noon_0948_2_ex.jpg,1497
5456,D:\deep-person-reid\reid-data\msmt17\MSMT17_V1\test\1499/1499_017_06_0113noon_0911_0_ex.jpg,1499,wrong_to_correct,D:\deep-person-reid\reid-data\msmt17\MSMT17_V1\test\1892/1892_015_06_0302noon_0195_0_ex.jpg,1892,D:\deep-person-reid\reid-data\msmt17\MSMT17_V1\test\1499/1499_005_12_0113noon_0771_0_ex.jpg,1499
5537,D:\deep-person-reid\reid-data\msmt17\MSMT17_V1\test\1518/1518_010_13_0113noon_1091_1.jpg,1518,correct_to_wrong,D:\deep-person-reid\reid-data\msmt17\MSMT17_V1\test\1518/1518_020_11_0113noon_0942_0_ex.jpg,1518,D:\deep-person-reid\reid-data\msmt17\MSMT17_V1\test\1581/1581_015_13_0113afternoon_0294_6.jpg,1581
5569,D:\deep-person-reid\reid-data\msmt17\MSMT17_V1\test\1528/1528_035_11_0113noon_1039_2_ex.jpg,1528,correct_to_wrong,D:\deep-person-reid\reid-data\msmt17\MSMT17_V1\test\1528/1528_094_13_0113noon_1225_1_ex.jpg,1528,D:\deep-person-reid\reid-data\msmt17\MSMT17_V1\test\2809/2809_028_05_0114afternoon_0411_0_ex.jpg,2809
5576,D:\deep-person-reid\reid-data\msmt17\MSMT17_V1\test\1528/1528_097_13_0113noon_1227_0.jpg,1528,wrong_to_correct,D:\deep-person-reid\reid-data\msmt17\MSMT17_V1\test\1629/1629_016_13_0113afternoon_1016_1.jpg,1629,D:\deep-person-reid\reid-data\msmt17\MSMT17_V1\test\1528/1528_046_11_0113noon_1045_2.jpg,1528
5579,D:\deep-person-reid\reid-data\msmt17\MSMT17_V1\test\1528/1528_007_11_0113noon_1024_1_ex.jpg,1528,wrong_to_correct,D:\deep-person-reid\reid-data\msmt17\MSMT17_V1\test\1214/1214_007_11_0113noon_0259_1_ex.jpg,1214,D:\deep-person-reid\reid-data\msmt17\MSMT17_V1\test\1528/1528_099_13_0113noon_1228_1.jpg,1528
5783,D:\deep-person-reid\reid-data\msmt17\MSMT17_V1\test\1578/1578_053_04_0113afternoon_0261_1.jpg,1578,wrong_to_correct,D:\deep-person-reid\reid-data\msmt17\MSMT17_V1\test\1653/1653_062_04_0113afternoon_1323_0_ex.jpg,1653,D:\deep-person-reid\reid-data\msmt17\MSMT17_V1\test\1578/1578_069_07_0113afternoon_0240_1.jpg,1578
5831,D:\deep-person-reid\reid-data\msmt17\MSMT17_V1\test\1587/1587_014_11_0113afternoon_0163_1.jpg,1587,wrong_to_correct,D:\deep-person-reid\reid-data\msmt17\MSMT17_V1\test\1586/1586_034_11_0113afternoon_0174_2.jpg,1586,D:\deep-person-reid\reid-data\msmt17\MSMT17_V1\test\1587/1587_005_13_0113afternoon_0399_0.jpg,1587
5857,D:\deep-person-reid\reid-data\msmt17\MSMT17_V1\test\1592/1592_054_07_0113afternoon_0481_0_ex.jpg,1592,wrong_to_correct,D:\deep-person-reid\reid-data\msmt17\MSMT17_V1\test\1395/1395_006_07_0113noon_0859_2.jpg,1395,D:\deep-person-reid\reid-data\msmt17\MSMT17_V1\test\1592/1592_030_08_0113afternoon_0521_2_ex.jpg,1592
5877,D:\deep-person-reid\reid-data\msmt17\MSMT17_V1\test\1595/1595_113_05_0114afternoon_0517_1.jpg,1595,correct_to_wrong,D:\deep-person-reid\reid-data\msmt17\MSMT17_V1\test\1595/1595_103_07_0114afternoon_0500_0_ex.jpg,1595,D:\deep-person-reid\reid-data\msmt17\MSMT17_V1\test\2810/2810_021_05_0114afternoon_0427_0.jpg,2810
5921,D:\deep-person-reid\reid-data\msmt17\MSMT17_V1\test\1602/1602_019_11_0113afternoon_0326_1_ex.jpg,1602,wrong_to_correct,D:\deep-person-reid\reid-data\msmt17\MSMT17_V1\test\1611/1611_016_11_0113afternoon_0505_1_ex.jpg,1611,D:\deep-person-reid\reid-data\msmt17\MSMT17_V1\test\1602/1602_003_13_0113afternoon_0562_0.jpg,1602
5929,D:\deep-person-reid\reid-data\msmt17\MSMT17_V1\test\1603/1603_079_06_0113afternoon_0540_0.jpg,1603,correct_to_wrong,D:\deep-person-reid\reid-data\msmt17\MSMT17_V1\test\1603/1603_103_01_0113afternoon_0636_5.jpg,1603,D:\deep-person-reid\reid-data\msmt17\MSMT17_V1\test\1581/1581_082_06_0113afternoon_0265_0.jpg,1581
5945,D:\deep-person-reid\reid-data\msmt17\MSMT17_V1\test\1606/1606_097_06_0114afternoon_0376_0_ex.jpg,1606,wrong_to_correct,D:\deep-person-reid\reid-data\msmt17\MSMT17_V1\test\2163/2163_002_14_0302afternoon_1636_2.jpg,2163,D:\deep-person-reid\reid-data\msmt17\MSMT17_V1\test\1606/1606_127_07_0114afternoon_0372_0_ex.jpg,1606
5960,D:\deep-person-reid\reid-data\msmt17\MSMT17_V1\test\1607/1607_044_04_0113afternoon_0686_0.jpg,1607,correct_to_wrong,D:\deep-person-reid\reid-data\msmt17\MSMT17_V1\test\1607/1607_047_07_0113afternoon_0669_0.jpg,1607,D:\deep-person-reid\reid-data\msmt17\MSMT17_V1\test\1868/1868_058_15_0302morning_1165_0.jpg,1868
5966,D:\deep-person-reid\reid-data\msmt17\MSMT17_V1\test\1609/1609_013_11_0113afternoon_0470_1_ex.jpg,1609,wrong_to_correct,D:\deep-person-reid\reid-data\msmt17\MSMT17_V1\test\0426/0426_012_11_0303noon_1611_0_ex.jpg,426,D:\deep-person-reid\reid-data\msmt17\MSMT17_V1\test\1609/1609_002_13_0113afternoon_0707_3.jpg,1609
5984,D:\deep-person-reid\reid-data\msmt17\MSMT17_V1\test\1615/1615_116_05_0113afternoon_0827_1_ex.jpg,1615,wrong_to_correct,D:\deep-person-reid\reid-data\msmt17\MSMT17_V1\test\1595/1595_052_05_0113afternoon_0544_0_ex.jpg,1595,D:\deep-person-reid\reid-data\msmt17\MSMT17_V1\test\1615/1615_046_09_0113afternoon_0774_0_ex.jpg,1615
6026,D:\deep-person-reid\reid-data\msmt17\MSMT17_V1\test\1620/1620_032_08_0113afternoon_0936_0_ex.jpg,1620,correct_to_wrong,D:\deep-person-reid\reid-data\msmt17\MSMT17_V1\test\1620/1620_027_09_0113afternoon_0875_0_ex.jpg,1620,D:\deep-person-reid\reid-data\msmt17\MSMT17_V1\test\1590/1590_017_08_0113afternoon_0454_1_ex.jpg,1590
6038,D:\deep-person-reid\reid-data\msmt17\MSMT17_V1\test\1622/1622_040_08_0113afternoon_0979_0.jpg,1622,correct_to_wrong,D:\deep-person-reid\reid-data\msmt17\MSMT17_V1\test\1622/1622_029_09_0113afternoon_0913_0.jpg,1622,D:\deep-person-reid\reid-data\msmt17\MSMT17_V1\test\1628/1628_036_08_0113afternoon_1032_1.jpg,1628
6064,D:\deep-person-reid\reid-data\msmt17\MSMT17_V1\test\1627/1627_004_13_0113afternoon_0996_0_ex.jpg,1627,wrong_to_correct,D:\deep-person-reid\reid-data\msmt17\MSMT17_V1\test\1598/1598_009_13_0113afternoon_0532_2.jpg,1598,D:\deep-person-reid\reid-data\msmt17\MSMT17_V1\test\1627/1627_049_04_0113afternoon_1002_0.jpg,1627
6085,D:\deep-person-reid\reid-data\msmt17\MSMT17_V1\test\1629/1629_028_11_0113afternoon_0773_1.jpg,1629,wrong_to_correct,D:\deep-person-reid\reid-data\msmt17\MSMT17_V1\test\0914/0914_028_01_0114morning_0873_0.jpg,914,D:\deep-person-reid\reid-data\msmt17\MSMT17_V1\test\1629/1629_001_13_0113afternoon_1008_2_ex.jpg,1629
6086,D:\deep-person-reid\reid-data\msmt17\MSMT17_V1\test\1629/1629_029_11_0113afternoon_0773_1_ex.jpg,1629,wrong_to_correct,D:\deep-person-reid\reid-data\msmt17\MSMT17_V1\test\0914/0914_032_05_0114morning_0796_1.jpg,914,D:\deep-person-reid\reid-data\msmt17\MSMT17_V1\test\1629/1629_000_13_0113afternoon_1008_2.jpg,1629
6107,D:\deep-person-reid\reid-data\msmt17\MSMT17_V1\test\1635/1635_005_13_0113afternoon_1087_1.jpg,1635,wrong_to_correct,D:\deep-person-reid\reid-data\msmt17\MSMT17_V1\test\1576/1576_004_13_0113afternoon_0244_0.jpg,1576,D:\deep-person-reid\reid-data\msmt17\MSMT17_V1\test\1635/1635_023_11_0113afternoon_0850_0_ex.jpg,1635
6162,D:\deep-person-reid\reid-data\msmt17\MSMT17_V1\test\1643/1643_052_02_0113afternoon_1224_1_ex.jpg,1643,wrong_to_correct,D:\deep-person-reid\reid-data\msmt17\MSMT17_V1\test\1425/1425_005_07_0113noon_1002_1_ex.jpg,1425,D:\deep-person-reid\reid-data\msmt17\MSMT17_V1\test\1643/1643_034_11_0113afternoon_0972_0_ex.jpg,1643
6164,D:\deep-person-reid\reid-data\msmt17\MSMT17_V1\test\1643/1643_043_02_0113afternoon_1219_0_ex.jpg,1643,correct_to_wrong,D:\deep-person-reid\reid-data\msmt17\MSMT17_V1\test\1643/1643_023_11_0113afternoon_0966_0_ex.jpg,1643,D:\deep-person-reid\reid-data\msmt17\MSMT17_V1\test\2029/2029_004_14_0302afternoon_0438_5.jpg,2029
6196,D:\deep-person-reid\reid-data\msmt17\MSMT17_V1\test\1648/1648_015_09_0113afternoon_1199_0_ex.jpg,1648,correct_to_wrong,D:\deep-person-reid\reid-data\msmt17\MSMT17_V1\test\1648/1648_026_08_0113afternoon_1272_0.jpg,1648,D:\deep-person-reid\reid-data\msmt17\MSMT17_V1\test\3021/3021_035_09_0114afternoon_0646_1.jpg,3021
6209,D:\deep-person-reid\reid-data\msmt17\MSMT17_V1\test\1650/1650_061_07_0113afternoon_1266_1.jpg,1650,wrong_to_correct,D:\deep-person-reid\reid-data\msmt17\MSMT17_V1\test\0154/0154_014_14_0303morning_1013_2.jpg,154,D:\deep-person-reid\reid-data\msmt17\MSMT17_V1\test\1650/1650_072_06_0113afternoon_1255_0.jpg,1650
6216,D:\deep-person-reid\reid-data\msmt17\MSMT17_V1\test\1651/1651_066_05_0113afternoon_1307_0.jpg,1651,wrong_to_correct,D:\deep-person-reid\reid-data\msmt17\MSMT17_V1\test\2083/2083_005_05_0302afternoon_0871_0.jpg,2083,D:\deep-person-reid\reid-data\msmt17\MSMT17_V1\test\1651/1651_037_07_0113afternoon_1282_2_ex.jpg,1651
6223,D:\deep-person-reid\reid-data\msmt17\MSMT17_V1\test\1651/1651_068_05_0113afternoon_1308_0.jpg,1651,wrong_to_correct,D:\deep-person-reid\reid-data\msmt17\MSMT17_V1\test\2008/2008_008_05_0302afternoon_0208_2.jpg,2008,D:\deep-person-reid\reid-data\msmt17\MSMT17_V1\test\1651/1651_037_07_0113afternoon_1282_2_ex.jpg,1651
6237,D:\deep-person-reid\reid-data\msmt17\MSMT17_V1\test\1653/1653_053_08_0113afternoon_1358_1_ex.jpg,1653,correct_to_wrong,D:\deep-person-reid\reid-data\msmt17\MSMT17_V1\test\1653/1653_020_11_0113afternoon_1100_1.jpg,1653,D:\deep-person-reid\reid-data\msmt17\MSMT17_V1\test\2873/2873_004_05_0114afternoon_0875_1.jpg,2873
6238,D:\deep-person-reid\reid-data\msmt17\MSMT17_V1\test\1653/1653_028_09_0113afternoon_1282_1.jpg,1653,wrong_to_correct,D:\deep-person-reid\reid-data\msmt17\MSMT17_V1\test\2807/2807_036_14_0114afternoon_0473_2_ex.jpg,2807,D:\deep-person-reid\reid-data\msmt17\MSMT17_V1\test\1653/1653_082_07_0113afternoon_1302_0_ex.jpg,1653
6315,D:\deep-person-reid\reid-data\msmt17\MSMT17_V1\test\1665/1665_013_11_0113afternoon_1321_3_ex.jpg,1665,correct_to_wrong,D:\deep-person-reid\reid-data\msmt17\MSMT17_V1\test\1665/1665_003_13_0113afternoon_1540_1_ex.jpg,1665,D:\deep-person-reid\reid-data\msmt17\MSMT17_V1\test\3053/3053_013_11_0114afternoon_1756_0.jpg,3053
6318,D:\deep-person-reid\reid-data\msmt17\MSMT17_V1\test\1666/1666_088_07_0113afternoon_1526_0.jpg,1666,wrong_to_correct,D:\deep-person-reid\reid-data\msmt17\MSMT17_V1\test\0627/0627_002_14_0303afternoon_1351_2.jpg,627,D:\deep-person-reid\reid-data\msmt17\MSMT17_V1\test\1666/1666_101_06_0113afternoon_1514_1_ex.jpg,1666
6321,D:\deep-person-reid\reid-data\msmt17\MSMT17_V1\test\1666/1666_083_07_0113afternoon_1523_0_ex.jpg,1666,wrong_to_correct,D:\deep-person-reid\reid-data\msmt17\MSMT17_V1\test\0926/0926_000_01_0113morning_0378_0.jpg,926,D:\deep-person-reid\reid-data\msmt17\MSMT17_V1\test\1666/1666_101_06_0113afternoon_1514_1_ex.jpg,1666
6325,D:\deep-person-reid\reid-data\msmt17\MSMT17_V1\test\1666/1666_107_03_0113afternoon_1568_3_ex.jpg,1666,correct_to_wrong,D:\deep-person-reid\reid-data\msmt17\MSMT17_V1\test\1666/1666_103_06_0113afternoon_1515_1_ex.jpg,1666,D:\deep-person-reid\reid-data\msmt17\MSMT17_V1\test\1642/1642_086_03_0113afternoon_1199_2.jpg,1642
6329,D:\deep-person-reid\reid-data\msmt17\MSMT17_V1\test\1666/1666_079_07_0113afternoon_1521_2_ex.jpg,1666,wrong_to_correct,D:\deep-person-reid\reid-data\msmt17\MSMT17_V1\test\1201/1201_175_07_0114afternoon_1376_1.jpg,1201,D:\deep-person-reid\reid-data\msmt17\MSMT17_V1\test\1666/1666_062_04_0113afternoon_1543_0.jpg,1666
6336,D:\deep-person-reid\reid-data\msmt17\MSMT17_V1\test\1668/1668_009_13_0113afternoon_1553_0_ex.jpg,1668,wrong_to_correct,D:\deep-person-reid\reid-data\msmt17\MSMT17_V1\test\1675/1675_002_13_0113afternoon_1608_0.jpg,1675,D:\deep-person-reid\reid-data\msmt17\MSMT17_V1\test\1668/1668_019_11_0113afternoon_1317_1.jpg,1668
6388,D:\deep-person-reid\reid-data\msmt17\MSMT17_V1\test\1678/1678_042_13_0302afternoon_1259_0.jpg,1678,wrong_to_correct,D:\deep-person-reid\reid-data\msmt17\MSMT17_V1\test\3037/3037_008_13_0114afternoon_1316_2.jpg,3037,D:\deep-person-reid\reid-data\msmt17\MSMT17_V1\test\1678/1678_039_11_0114afternoon_1429_2_ex.jpg,1678
6390,D:\deep-person-reid\reid-data\msmt17\MSMT17_V1\test\1678/1678_037_13_0114afternoon_1426_4.jpg,1678,correct_to_wrong,D:\deep-person-reid\reid-data\msmt17\MSMT17_V1\test\1678/1678_041_11_0114afternoon_1430_2_ex.jpg,1678,D:\deep-person-reid\reid-data\msmt17\MSMT17_V1\test\3021/3021_004_13_0114afternoon_0582_0_ex.jpg,3021
6422,D:\deep-person-reid\reid-data\msmt17\MSMT17_V1\test\1683/1683_061_04_0113afternoon_1698_0_ex.jpg,1683,correct_to_wrong,D:\deep-person-reid\reid-data\msmt17\MSMT17_V1\test\1683/1683_034_09_0113afternoon_1653_0_ex.jpg,1683,D:\deep-person-reid\reid-data\msmt17\MSMT17_V1\test\1654/1654_069_04_0113afternoon_1332_0_ex.jpg,1654
6430,D:\deep-person-reid\reid-data\msmt17\MSMT17_V1\test\1685/1685_019_07_0113afternoon_1719_3.jpg,1685,wrong_to_correct,D:\deep-person-reid\reid-data\msmt17\MSMT17_V1\test\0143/0143_020_15_0303morning_0924_1.jpg,143,D:\deep-person-reid\reid-data\msmt17\MSMT17_V1\test\1685/1685_034_06_0113afternoon_1715_3.jpg,1685
6443,D:\deep-person-reid\reid-data\msmt17\MSMT17_V1\test\1687/1687_043_06_0113afternoon_1710_0_ex.jpg,1687,wrong_to_correct,D:\deep-person-reid\reid-data\msmt17\MSMT17_V1\test\3035/3035_004_12_0114afternoon_1210_0.jpg,3035,D:\deep-person-reid\reid-data\msmt17\MSMT17_V1\test\1687/1687_001_12_0113afternoon_1606_0_ex.jpg,1687
6476,D:\deep-person-reid\reid-data\msmt17\MSMT17_V1\test\1692/1692_010_04_0113afternoon_1775_0.jpg,1692,correct_to_wrong,D:\deep-person-reid\reid-data\msmt17\MSMT17_V1\test\1692/1692_006_09_0113afternoon_1739_2.jpg,1692,D:\deep-person-reid\reid-data\msmt17\MSMT17_V1\test\3032/3032_037_04_0114afternoon_1083_1.jpg,3032
6478,D:\deep-person-reid\reid-data\msmt17\MSMT17_V1\test\1692/1692_061_04_0114afternoon_1303_1.jpg,1692,correct_to_wrong,D:\deep-person-reid\reid-data\msmt17\MSMT17_V1\test\1692/1692_049_09_0114afternoon_1339_0.jpg,1692,D:\deep-person-reid\reid-data\msmt17\MSMT17_V1\test\1595/1595_090_04_0114afternoon_0488_0_ex.jpg,1595
6487,D:\deep-person-reid\reid-data\msmt17\MSMT17_V1\test\1693/1693_041_06_0113afternoon_1760_0_ex.jpg,1693,correct_to_wrong,D:\deep-person-reid\reid-data\msmt17\MSMT17_V1\test\1693/1693_000_12_0113afternoon_1659_1.jpg,1693,D:\deep-person-reid\reid-data\msmt17\MSMT17_V1\test\1674/1674_081_06_0113afternoon_1578_0_ex.jpg,1674
6512,D:\deep-person-reid\reid-data\msmt17\MSMT17_V1\test\1698/1698_006_07_0302morning_0115_3.jpg,1698,wrong_to_correct,D:\deep-person-reid\reid-data\msmt17\MSMT17_V1\test\0199/0199_010_05_0303morning_1078_0.jpg,199,D:\deep-person-reid\reid-data\msmt17\MSMT17_V1\test\1698/1698_010_05_0302morning_0215_0.jpg,1698
6532,D:\deep-person-reid\reid-data\msmt17\MSMT17_V1\test\1703/1703_014_04_0302morning_0051_1.jpg,1703,wrong_to_correct,D:\deep-person-reid\reid-data\msmt17\MSMT17_V1\test\0305/0305_009_07_0303morning_1730_0_ex.jpg,305,D:\deep-person-reid\reid-data\msmt17\MSMT17_V1\test\1703/1703_010_07_0302morning_0156_1_ex.jpg,1703
6595,D:\deep-person-reid\reid-data\msmt17\MSMT17_V1\test\1720/1720_007_05_0302morning_0337_0_ex.jpg,1720,wrong_to_correct,D:\deep-person-reid\reid-data\msmt17\MSMT17_V1\test\2555/2555_008_05_0114morning_1682_2.jpg,2555,D:\deep-person-reid\reid-data\msmt17\MSMT17_V1\test\1720/1720_003_07_0302morning_0237_1.jpg,1720
6881,D:\deep-person-reid\reid-data\msmt17\MSMT17_V1\test\1809/1809_020_05_0302morning_0709_4.jpg,1809,correct_to_wrong,D:\deep-person-reid\reid-data\msmt17\MSMT17_V1\test\1809/1809_010_07_0302morning_0607_2.jpg,1809,D:\deep-person-reid\reid-data\msmt17\MSMT17_V1\test\0182/0182_010_07_0303morning_0992_0_ex.jpg,182
6902,D:\deep-person-reid\reid-data\msmt17\MSMT17_V1\test\1814/1814_006_07_0302morning_0621_2.jpg,1814,wrong_to_correct,D:\deep-person-reid\reid-data\msmt17\MSMT17_V1\test\1318/1318_004_01_0113noon_0571_0.jpg,1318,D:\deep-person-reid\reid-data\msmt17\MSMT17_V1\test\1814/1814_016_05_0302morning_0722_0.jpg,1814
6909,D:\deep-person-reid\reid-data\msmt17\MSMT17_V1\test\1815/1815_017_04_0302morning_0521_0_ex.jpg,1815,wrong_to_correct,D:\deep-person-reid\reid-data\msmt17\MSMT17_V1\test\2274/2274_042_04_0302afternoon_1004_2_ex.jpg,2274,D:\deep-person-reid\reid-data\msmt17\MSMT17_V1\test\1815/1815_009_01_0302morning_0517_0_ex.jpg,1815
6916,D:\deep-person-reid\reid-data\msmt17\MSMT17_V1\test\1817/1817_010_07_0302morning_0638_1.jpg,1817,wrong_to_correct,D:\deep-person-reid\reid-data\msmt17\MSMT17_V1\test\2726/2726_035_07_0114noon_0553_4_ex.jpg,2726,D:\deep-person-reid\reid-data\msmt17\MSMT17_V1\test\1817/1817_025_06_0302morning_0540_2_ex.jpg,1817
6926,D:\deep-person-reid\reid-data\msmt17\MSMT17_V1\test\1821/1821_018_07_0302morning_0645_0_ex.jpg,1821,wrong_to_correct,D:\deep-person-reid\reid-data\msmt17\MSMT17_V1\test\1285/1285_004_01_0113noon_0470_1_ex.jpg,1285,D:\deep-person-reid\reid-data\msmt17\MSMT17_V1\test\1821/1821_022_05_0302morning_0745_1_ex.jpg,1821
7079,D:\deep-person-reid\reid-data\msmt17\MSMT17_V1\test\1861/1861_005_13_0302morning_0518_0_ex.jpg,1861,wrong_to_correct,D:\deep-person-reid\reid-data\msmt17\MSMT17_V1\test\0800/0800_004_13_0303afternoon_1174_0.jpg,800,D:\deep-person-reid\reid-data\msmt17\MSMT17_V1\test\1861/1861_062_11_0302morning_0525_1_ex.jpg,1861
7111,D:\deep-person-reid\reid-data\msmt17\MSMT17_V1\test\1864/1864_007_13_0302morning_0725_2_ex.jpg,1864,correct_to_wrong,D:\deep-person-reid\reid-data\msmt17\MSMT17_V1\test\1864/1864_019_11_0302morning_0724_1.jpg,1864,D:\deep-person-reid\reid-data\msmt17\MSMT17_V1\test\1186/1186_014_11_0113morning_1542_2_ex.jpg,1186
7139,D:\deep-person-reid\reid-data\msmt17\MSMT17_V1\test\1869/1869_048_06_0302morning_1108_1.jpg,1869,wrong_to_correct,D:\deep-person-reid\reid-data\msmt17\MSMT17_V1\test\0385/0385_017_10_0303noon_0861_0.jpg,385,D:\deep-person-reid\reid-data\msmt17\MSMT17_V1\test\1869/1869_032_09_0302morning_1058_0_ex.jpg,1869
7154,D:\deep-person-reid\reid-data\msmt17\MSMT17_V1\test\1871/1871_055_07_0302morning_1207_2_ex.jpg,1871,wrong_to_correct,D:\deep-person-reid\reid-data\msmt17\MSMT17_V1\test\1461/1461_088_07_0302noon_0922_3_ex.jpg,1461,D:\deep-person-reid\reid-data\msmt17\MSMT17_V1\test\1871/1871_002_13_0302morning_1230_1.jpg,1871
7183,D:\deep-person-reid\reid-data\msmt17\MSMT17_V1\test\1877/1877_008_12_0302noon_0059_1.jpg,1877,wrong_to_correct,D:\deep-person-reid\reid-data\msmt17\MSMT17_V1\test\0330/0330_026_13_0302noon_0162_0.jpg,330,D:\deep-person-reid\reid-data\msmt17\MSMT17_V1\test\1877/1877_002_13_0302noon_0063_2.jpg,1877
7220,D:\deep-person-reid\reid-data\msmt17\MSMT17_V1\test\1885/1885_103_08_0302noon_0106_1_ex.jpg,1885,wrong_to_correct,D:\deep-person-reid\reid-data\msmt17\MSMT17_V1\test\1610/1610_007_13_0113afternoon_0731_3_ex.jpg,1610,D:\deep-person-reid\reid-data\msmt17\MSMT17_V1\test\1885/1885_041_09_0302noon_0120_0_ex.jpg,1885
7235,D:\deep-person-reid\reid-data\msmt17\MSMT17_V1\test\1886/1886_048_15_0302noon_0297_1.jpg,1886,wrong_to_correct,D:\deep-person-reid\reid-data\msmt17\MSMT17_V1\test\1897/1897_056_15_0302noon_0352_0.jpg,1897,D:\deep-person-reid\reid-data\msmt17\MSMT17_V1\test\1886/1886_039_05_0302noon_0173_6_ex.jpg,1886
7236,D:\deep-person-reid\reid-data\msmt17\MSMT17_V1\test\1886/1886_049_15_0302noon_0297_1_ex.jpg,1886,correct_to_wrong,D:\deep-person-reid\reid-data\msmt17\MSMT17_V1\test\1886/1886_032_05_0302noon_0170_2.jpg,1886,D:\deep-person-reid\reid-data\msmt17\MSMT17_V1\test\1945/1945_058_15_0302noon_1028_0_ex.jpg,1945
7260,D:\deep-person-reid\reid-data\msmt17\MSMT17_V1\test\1891/1891_031_09_0302noon_0160_1_ex.jpg,1891,wrong_to_correct,D:\deep-person-reid\reid-data\msmt17\MSMT17_V1\test\2608/2608_034_09_0114noon_0388_2.jpg,2608,D:\deep-person-reid\reid-data\msmt17\MSMT17_V1\test\1891/1891_019_11_0302noon_0168_0_ex.jpg,1891
7287,D:\deep-person-reid\reid-data\msmt17\MSMT17_V1\test\1894/1894_032_06_0302noon_0217_0.jpg,1894,correct_to_wrong,D:\deep-person-reid\reid-data\msmt17\MSMT17_V1\test\1894/1894_046_07_0302noon_0206_5.jpg,1894,D:\deep-person-reid\reid-data\msmt17\MSMT17_V1\test\2753/2753_029_06_0114noon_1074_1_ex.jpg,2753
7311,D:\deep-person-reid\reid-data\msmt17\MSMT17_V1\test\1896/1896_124_15_0302noon_0363_2.jpg,1896,wrong_to_correct,D:\deep-person-reid\reid-data\msmt17\MSMT17_V1\test\1930/1930_007_12_0302noon_0799_0_ex.jpg,1930,D:\deep-person-reid\reid-data\msmt17\MSMT17_V1\test\1896/1896_066_07_0302noon_0212_0.jpg,1896
7312,D:\deep-person-reid\reid-data\msmt17\MSMT17_V1\test\1896/1896_125_15_0302noon_0363_2_ex.jpg,1896,correct_to_wrong,D:\deep-person-reid\reid-data\msmt17\MSMT17_V1\test\1896/1896_004_12_0302noon_0184_1.jpg,1896,D:\deep-person-reid\reid-data\msmt17\MSMT17_V1\test\0310/0310_013_14_0303noon_0244_0.jpg,310
7331,D:\deep-person-reid\reid-data\msmt17\MSMT17_V1\test\1898/1898_018_11_0302noon_0219_3.jpg,1898,wrong_to_correct,D:\deep-person-reid\reid-data\msmt17\MSMT17_V1\test\0765/0765_028_11_0302afternoon_1704_1_ex.jpg,765,D:\deep-person-reid\reid-data\msmt17\MSMT17_V1\test\1898/1898_004_13_0302noon_0216_2.jpg,1898
7332,D:\deep-person-reid\reid-data\msmt17\MSMT17_V1\test\1898/1898_019_11_0302noon_0219_3_ex.jpg,1898,wrong_to_correct,D:\deep-person-reid\reid-data\msmt17\MSMT17_V1\test\0765/0765_028_11_0302afternoon_1704_1_ex.jpg,765,D:\deep-person-reid\reid-data\msmt17\MSMT17_V1\test\1898/1898_004_13_0302noon_0216_2.jpg,1898
7371,D:\deep-person-reid\reid-data\msmt17\MSMT17_V1\test\1906/1906_037_07_0302noon_0294_4.jpg,1906,wrong_to_correct,D:\deep-person-reid\reid-data\msmt17\MSMT17_V1\test\1982/1982_052_06_0302noon_1154_1_ex.jpg,1982,D:\deep-person-reid\reid-data\msmt17\MSMT17_V1\test\1906/1906_033_06_0302noon_0310_0.jpg,1906
7420,D:\deep-person-reid\reid-data\msmt17\MSMT17_V1\test\1918/1918_022_13_0302noon_0472_2_ex.jpg,1918,wrong_to_correct,D:\deep-person-reid\reid-data\msmt17\MSMT17_V1\test\0111/0111_024_14_0303morning_0766_4.jpg,111,D:\deep-person-reid\reid-data\msmt17\MSMT17_V1\test\1918/1918_016_11_0302noon_0475_1.jpg,1918
7447,D:\deep-person-reid\reid-data\msmt17\MSMT17_V1\test\1925/1925_008_12_0302noon_0585_2.jpg,1925,wrong_to_correct,D:\deep-person-reid\reid-data\msmt17\MSMT17_V1\test\0682/0682_056_12_0302afternoon_1052_1_ex.jpg,682,D:\deep-person-reid\reid-data\msmt17\MSMT17_V1\test\1925/1925_014_11_0302noon_0593_0.jpg,1925
7485,D:\deep-person-reid\reid-data\msmt17\MSMT17_V1\test\1934/1934_028_10_0302noon_0916_2.jpg,1934,wrong_to_correct,D:\deep-person-reid\reid-data\msmt17\MSMT17_V1\test\2277/2277_044_08_0302afternoon_0969_1.jpg,2277,D:\deep-person-reid\reid-data\msmt17\MSMT17_V1\test\1934/1934_010_12_0302noon_0842_2_ex.jpg,1934
7526,D:\deep-person-reid\reid-data\msmt17\MSMT17_V1\test\1944/1944_037_06_0302noon_0600_0.jpg,1944,correct_to_wrong,D:\deep-person-reid\reid-data\msmt17\MSMT17_V1\test\1944/1944_056_05_0302noon_0918_0.jpg,1944,D:\deep-person-reid\reid-data\msmt17\MSMT17_V1\test\1940/1940_027_06_0302noon_0590_2.jpg,1940
7527,D:\deep-person-reid\reid-data\msmt17\MSMT17_V1\test\1944/1944_038_06_0302noon_0600_0_ex.jpg,1944,wrong_to_correct,D:\deep-person-reid\reid-data\msmt17\MSMT17_V1\test\0717/0717_043_04_0303afternoon_0714_0.jpg,717,D:\deep-person-reid\reid-data\msmt17\MSMT17_V1\test\1944/1944_054_07_0302noon_0902_1.jpg,1944
7540,D:\deep-person-reid\reid-data\msmt17\MSMT17_V1\test\1946/1946_021_11_0302noon_0887_0_ex.jpg,1946,wrong_to_correct,D:\deep-person-reid\reid-data\msmt17\MSMT17_V1\test\1880/1880_018_11_0302noon_0084_0.jpg,1880,D:\deep-person-reid\reid-data\msmt17\MSMT17_V1\test\1946/1946_008_13_0302noon_0884_0_ex.jpg,1946
7645,D:\deep-person-reid\reid-data\msmt17\MSMT17_V1\test\1969/1969_028_06_0302noon_1010_3_ex.jpg,1969,correct_to_wrong,D:\deep-person-reid\reid-data\msmt17\MSMT17_V1\test\1969/1969_042_07_0302noon_1306_3.jpg,1969,D:\deep-person-reid\reid-data\msmt17\MSMT17_V1\test\1885/1885_066_06_0302noon_0154_0.jpg,1885
7652,D:\deep-person-reid\reid-data\msmt17\MSMT17_V1\test\1971/1971_023_06_0302noon_1017_1_ex.jpg,1971,wrong_to_correct,D:\deep-person-reid\reid-data\msmt17\MSMT17_V1\test\0102/0102_001_01_0303morning_0502_0.jpg,102,D:\deep-person-reid\reid-data\msmt17\MSMT17_V1\test\1971/1971_025_07_0302noon_1308_1.jpg,1971
7794,D:\deep-person-reid\reid-data\msmt17\MSMT17_V1\test\2005/2005_018_01_0302afternoon_0206_6.jpg,2005,wrong_to_correct,D:\deep-person-reid\reid-data\msmt17\MSMT17_V1\test\2378/2378_004_01_0114morning_0392_0.jpg,2378,D:\deep-person-reid\reid-data\msmt17\MSMT17_V1\test\2005/2005_013_03_0302afternoon_0218_0.jpg,2005
7795,D:\deep-person-reid\reid-data\msmt17\MSMT17_V1\test\2005/2005_014_01_0302afternoon_0202_3.jpg,2005,wrong_to_correct,D:\deep-person-reid\reid-data\msmt17\MSMT17_V1\test\2098/2098_019_01_0302afternoon_1071_1.jpg,2098,D:\deep-person-reid\reid-data\msmt17\MSMT17_V1\test\2005/2005_003_14_0302afternoon_0183_4.jpg,2005
7811,D:\deep-person-reid\reid-data\msmt17\MSMT17_V1\test\2008/2008_067_01_0302afternoon_0276_0.jpg,2008,wrong_to_correct,D:\deep-person-reid\reid-data\msmt17\MSMT17_V1\test\2165/2165_007_01_0302afternoon_1675_3_ex.jpg,2165,D:\deep-person-reid\reid-data\msmt17\MSMT17_V1\test\2008/2008_049_07_0302afternoon_0218_1.jpg,2008
7879,D:\deep-person-reid\reid-data\msmt17\MSMT17_V1\test\2025/2025_000_14_0302afternoon_0384_1.jpg,2025,wrong_to_correct,D:\deep-person-reid\reid-data\msmt17\MSMT17_V1\test\0590/0590_022_01_0303afternoon_1324_3_ex.jpg,590,D:\deep-person-reid\reid-data\msmt17\MSMT17_V1\test\2025/2025_008_07_0302afternoon_0364_0_ex.jpg,2025
8009,D:\deep-person-reid\reid-data\msmt17\MSMT17_V1\test\2062/2062_000_14_0302afternoon_0695_2.jpg,2062,wrong_to_correct,D:\deep-person-reid\reid-data\msmt17\MSMT17_V1\test\2474/2474_008_01_0114morning_1227_0.jpg,2474,D:\deep-person-reid\reid-data\msmt17\MSMT17_V1\test\2062/2062_011_07_0302afternoon_0680_1_ex.jpg,2062
8010,D:\deep-person-reid\reid-data\msmt17\MSMT17_V1\test\2062/2062_001_14_0302afternoon_0695_2_ex.jpg,2062,wrong_to_correct,D:\deep-person-reid\reid-data\msmt17\MSMT17_V1\test\2474/2474_008_01_0114morning_1227_0.jpg,2474,D:\deep-person-reid\reid-data\msmt17\MSMT17_V1\test\2062/2062_012_07_0302afternoon_0681_2.jpg,2062
8125,D:\deep-person-reid\reid-data\msmt17\MSMT17_V1\test\2089/2089_011_07_0302afternoon_0938_0.jpg,2089,wrong_to_correct,D:\deep-person-reid\reid-data\msmt17\MSMT17_V1\test\2619/2619_039_15_0114noon_0485_0_ex.jpg,2619,D:\deep-person-reid\reid-data\msmt17\MSMT17_V1\test\2089/2089_000_14_0302afternoon_0953_0.jpg,2089
8145,D:\deep-person-reid\reid-data\msmt17\MSMT17_V1\test\2095/2095_015_01_0302afternoon_1047_3.jpg,2095,correct_to_wrong,D:\deep-person-reid\reid-data\msmt17\MSMT17_V1\test\2095/2095_004_14_0302afternoon_0991_0_ex.jpg,2095,D:\deep-person-reid\reid-data\msmt17\MSMT17_V1\test\2033/2033_019_01_0302afternoon_0516_3.jpg,2033
8154,D:\deep-person-reid\reid-data\msmt17\MSMT17_V1\test\2098/2098_000_14_0302afternoon_1033_0.jpg,2098,wrong_to_correct,D:\deep-person-reid\reid-data\msmt17\MSMT17_V1\test\0141/0141_007_07_0303morning_0717_0_ex.jpg,141,D:\deep-person-reid\reid-data\msmt17\MSMT17_V1\test\2098/2098_013_07_0302afternoon_1019_0_ex.jpg,2098
8161,D:\deep-person-reid\reid-data\msmt17\MSMT17_V1\test\2101/2101_000_14_0302afternoon_1059_0.jpg,2101,wrong_to_correct,D:\deep-person-reid\reid-data\msmt17\MSMT17_V1\test\0434/0434_023_07_0303noon_1788_3.jpg,434,D:\deep-person-reid\reid-data\msmt17\MSMT17_V1\test\2101/2101_012_01_0302afternoon_1093_3.jpg,2101
8194,D:\deep-person-reid\reid-data\msmt17\MSMT17_V1\test\2110/2110_015_01_0302afternoon_1219_1.jpg,2110,wrong_to_correct,D:\deep-person-reid\reid-data\msmt17\MSMT17_V1\test\2007/2007_020_03_0302afternoon_0246_0.jpg,2007,D:\deep-person-reid\reid-data\msmt17\MSMT17_V1\test\2110/2110_004_14_0302afternoon_1180_0.jpg,2110
8198,D:\deep-person-reid\reid-data\msmt17\MSMT17_V1\test\2111/2111_000_14_0302afternoon_1205_0.jpg,2111,correct_to_wrong,D:\deep-person-reid\reid-data\msmt17\MSMT17_V1\test\2111/2111_013_07_0302afternoon_1189_0.jpg,2111,D:\deep-person-reid\reid-data\msmt17\MSMT17_V1\test\2433/2433_002_07_0114morning_0815_1.jpg,2433
8222,D:\deep-person-reid\reid-data\msmt17\MSMT17_V1\test\2117/2117_000_14_0302afternoon_1240_1.jpg,2117,correct_to_wrong,D:\deep-person-reid\reid-data\msmt17\MSMT17_V1\test\2117/2117_012_07_0302afternoon_1225_1.jpg,2117,D:\deep-person-reid\reid-data\msmt17\MSMT17_V1\test\2605/2605_014_07_0114noon_0289_3.jpg,2605
8231,D:\deep-person-reid\reid-data\msmt17\MSMT17_V1\test\2119/2119_029_01_0302afternoon_1315_0_ex.jpg,2119,correct_to_wrong,D:\deep-person-reid\reid-data\msmt17\MSMT17_V1\test\2119/2119_012_07_0302afternoon_1256_1.jpg,2119,D:\deep-person-reid\reid-data\msmt17\MSMT17_V1\test\1376/1376_003_01_0113noon_0809_10_ex.jpg,1376
8287,D:\deep-person-reid\reid-data\msmt17\MSMT17_V1\test\2135/2135_002_14_0302afternoon_1396_2_ex.jpg,2135,wrong_to_correct,D:\deep-person-reid\reid-data\msmt17\MSMT17_V1\test\1518/1518_037_04_0113noon_1020_1.jpg,1518,D:\deep-person-reid\reid-data\msmt17\MSMT17_V1\test\2135/2135_020_01_0302afternoon_1437_1_ex.jpg,2135
8398,D:\deep-person-reid\reid-data\msmt17\MSMT17_V1\test\2177/2177_012_07_0302afternoon_1666_0.jpg,2177,correct_to_wrong,D:\deep-person-reid\reid-data\msmt17\MSMT17_V1\test\2177/2177_017_01_0302afternoon_1715_2.jpg,2177,D:\deep-person-reid\reid-data\msmt17\MSMT17_V1\test\2238/2238_006_01_0302afternoon_0786_0.jpg,2238
8399,D:\deep-person-reid\reid-data\msmt17\MSMT17_V1\test\2177/2177_013_07_0302afternoon_1666_0_ex.jpg,2177,correct_to_wrong,D:\deep-person-reid\reid-data\msmt17\MSMT17_V1\test\2177/2177_015_01_0302afternoon_1714_1.jpg,2177,D:\deep-person-reid\reid-data\msmt17\MSMT17_V1\test\2238/2238_007_01_0302afternoon_0786_0_ex.jpg,2238
8406,D:\deep-person-reid\reid-data\msmt17\MSMT17_V1\test\2180/2180_009_07_0302afternoon_0158_1_ex.jpg,2180,correct_to_wrong,D:\deep-person-reid\reid-data\msmt17\MSMT17_V1\test\2180/2180_023_14_0302afternoon_0202_3_ex.jpg,2180,D:\deep-person-reid\reid-data\msmt17\MSMT17_V1\test\1313/1313_004_01_0113noon_0560_1.jpg,1313
8410,D:\deep-person-reid\reid-data\msmt17\MSMT17_V1\test\2181/2181_019_14_0302afternoon_0215_0.jpg,2181,wrong_to_correct,D:\deep-person-reid\reid-data\msmt17\MSMT17_V1\test\0839/0839_013_07_0303afternoon_1414_3.jpg,839,D:\deep-person-reid\reid-data\msmt17\MSMT17_V1\test\2181/2181_010_07_0302afternoon_0171_2.jpg,2181
8411,D:\deep-person-reid\reid-data\msmt17\MSMT17_V1\test\2181/2181_020_14_0302afternoon_0215_0_ex.jpg,2181,correct_to_wrong,D:\deep-person-reid\reid-data\msmt17\MSMT17_V1\test\2181/2181_010_07_0302afternoon_0171_2.jpg,2181,D:\deep-person-reid\reid-data\msmt17\MSMT17_V1\test\1332/1332_007_07_0113noon_0630_0_ex.jpg,1332
8432,D:\deep-person-reid\reid-data\msmt17\MSMT17_V1\test\2189/2189_017_14_0302afternoon_0281_0_ex.jpg,2189,wrong_to_correct,D:\deep-person-reid\reid-data\msmt17\MSMT17_V1\test\1073/1073_014_05_0113morning_0935_0.jpg,1073,D:\deep-person-reid\reid-data\msmt17\MSMT17_V1\test\2189/2189_004_07_0302afternoon_0239_1.jpg,2189
8448,D:\deep-person-reid\reid-data\msmt17\MSMT17_V1\test\2196/2196_014_07_0302afternoon_0348_0.jpg,2196,wrong_to_correct,D:\deep-person-reid\reid-data\msmt17\MSMT17_V1\test\2500/2500_001_07_0114morning_1335_2.jpg,2500,D:\deep-person-reid\reid-data\msmt17\MSMT17_V1\test\2196/2196_016_14_0302afternoon_0385_0.jpg,2196
8504,D:\deep-person-reid\reid-data\msmt17\MSMT17_V1\test\2213/2213_022_14_0302afternoon_0582_1_ex.jpg,2213,correct_to_wrong,D:\deep-person-reid\reid-data\msmt17\MSMT17_V1\test\2213/2213_010_01_0302afternoon_0556_4_ex.jpg,2213,D:\deep-person-reid\reid-data\msmt17\MSMT17_V1\test\2654/2654_067_01_0114afternoon_1217_1.jpg,2654
8556,D:\deep-person-reid\reid-data\msmt17\MSMT17_V1\test\2233/2233_004_01_0302afternoon_0717_1.jpg,2233,wrong_to_correct,D:\deep-person-reid\reid-data\msmt17\MSMT17_V1\test\2150/2150_026_01_0302afternoon_1576_3.jpg,2150,D:\deep-person-reid\reid-data\msmt17\MSMT17_V1\test\2233/2233_019_14_0302afternoon_0739_0.jpg,2233
8557,D:\deep-person-reid\reid-data\msmt17\MSMT17_V1\test\2233/2233_005_01_0302afternoon_0717_1_ex.jpg,2233,wrong_to_correct,D:\deep-person-reid\reid-data\msmt17\MSMT17_V1\test\1781/1781_005_01_0302morning_0393_1_ex.jpg,1781,D:\deep-person-reid\reid-data\msmt17\MSMT17_V1\test\2233/2233_019_14_0302afternoon_0739_0.jpg,2233
8699,D:\deep-person-reid\reid-data\msmt17\MSMT17_V1\test\2269/2269_004_13_0302afternoon_0677_3.jpg,2269,correct_to_wrong,D:\deep-person-reid\reid-data\msmt17\MSMT17_V1\test\2269/2269_011_11_0302afternoon_0921_1.jpg,2269,D:\deep-person-reid\reid-data\msmt17\MSMT17_V1\test\0854/0854_006_13_0303afternoon_1508_3.jpg,854
8709,D:\deep-person-reid\reid-data\msmt17\MSMT17_V1\test\2271/2271_092_13_0302afternoon_0729_0.jpg,2271,wrong_to_correct,D:\deep-person-reid\reid-data\msmt17\MSMT17_V1\test\1201/1201_132_06_0114morning_0295_0.jpg,1201,D:\deep-person-reid\reid-data\msmt17\MSMT17_V1\test\2271/2271_059_12_0302afternoon_0930_0.jpg,2271
8790,D:\deep-person-reid\reid-data\msmt17\MSMT17_V1\test\2287/2287_033_13_0302afternoon_0940_3.jpg,2287,wrong_to_correct,D:\deep-person-reid\reid-data\msmt17\MSMT17_V1\test\2286/2286_005_13_0302afternoon_0925_0_ex.jpg,2286,D:\deep-person-reid\reid-data\msmt17\MSMT17_V1\test\2287/2287_068_11_0302afternoon_1177_2.jpg,2287
8794,D:\deep-person-reid\reid-data\msmt17\MSMT17_V1\test\2287/2287_013_13_0302afternoon_0930_2.jpg,2287,wrong_to_correct,D:\deep-person-reid\reid-data\msmt17\MSMT17_V1\test\2286/2286_004_13_0302afternoon_0925_0.jpg,2286,D:\deep-person-reid\reid-data\msmt17\MSMT17_V1\test\2287/2287_057_11_0302afternoon_1171_2_ex.jpg,2287
8815,D:\deep-person-reid\reid-data\msmt17\MSMT17_V1\test\2291/2291_011_12_0302afternoon_1209_0_ex.jpg,2291,wrong_to_correct,D:\deep-person-reid\reid-data\msmt17\MSMT17_V1\test\1511/1511_041_12_0113afternoon_1185_1.jpg,1511,D:\deep-person-reid\reid-data\msmt17\MSMT17_V1\test\2291/2291_001_13_0302afternoon_0971_0_ex.jpg,2291
8817,D:\deep-person-reid\reid-data\msmt17\MSMT17_V1\test\2291/2291_009_13_0302afternoon_0975_3_ex.jpg,2291,wrong_to_correct,D:\deep-person-reid\reid-data\msmt17\MSMT17_V1\test\0411/0411_011_11_0303noon_1364_0_ex.jpg,411,D:\deep-person-reid\reid-data\msmt17\MSMT17_V1\test\2291/2291_019_11_0302afternoon_1217_2.jpg,2291
8869,D:\deep-person-reid\reid-data\msmt17\MSMT17_V1\test\2302/2302_000_13_0302afternoon_1021_0.jpg,2302,wrong_to_correct,D:\deep-person-reid\reid-data\msmt17\MSMT17_V1\test\2295/2295_020_11_0302afternoon_1222_0.jpg,2295,D:\deep-person-reid\reid-data\msmt17\MSMT17_V1\test\2302/2302_011_11_0302afternoon_1264_0_ex.jpg,2302
8914,D:\deep-person-reid\reid-data\msmt17\MSMT17_V1\test\2311/2311_021_11_0302afternoon_1371_0.jpg,2311,wrong_to_correct,D:\deep-person-reid\reid-data\msmt17\MSMT17_V1\test\2088/2088_148_11_0302afternoon_1295_0_ex.jpg,2088,D:\deep-person-reid\reid-data\msmt17\MSMT17_V1\test\2311/2311_012_13_0302afternoon_1129_0.jpg,2311
8918,D:\deep-person-reid\reid-data\msmt17\MSMT17_V1\test\2312/2312_034_06_0302afternoon_1438_2_ex.jpg,2312,correct_to_wrong,D:\deep-person-reid\reid-data\msmt17\MSMT17_V1\test\2312/2312_026_11_0302afternoon_1431_0_ex.jpg,2312,D:\deep-person-reid\reid-data\msmt17\MSMT17_V1\test\2297/2297_038_06_0302afternoon_1267_3_ex.jpg,2297
8941,D:\deep-person-reid\reid-data\msmt17\MSMT17_V1\test\2317/2317_015_11_0302afternoon_1459_1.jpg,2317,wrong_to_correct,D:\deep-person-reid\reid-data\msmt17\MSMT17_V1\test\1678/1678_064_11_0302afternoon_1506_1.jpg,1678,D:\deep-person-reid\reid-data\msmt17\MSMT17_V1\test\2317/2317_006_13_0302afternoon_1218_3.jpg,2317
9024,D:\deep-person-reid\reid-data\msmt17\MSMT17_V1\test\2336/2336_030_08_0302afternoon_1530_1_ex.jpg,2336,wrong_to_correct,D:\deep-person-reid\reid-data\msmt17\MSMT17_V1\test\1580/1580_033_07_0113afternoon_0274_2.jpg,1580,D:\deep-person-reid\reid-data\msmt17\MSMT17_V1\test\2336/2336_007_11_0302afternoon_1608_1.jpg,2336
9059,D:\deep-person-reid\reid-data\msmt17\MSMT17_V1\test\2344/2344_011_13_0302afternoon_1393_0_ex.jpg,2344,wrong_to_correct,D:\deep-person-reid\reid-data\msmt17\MSMT17_V1\test\1781/1781_013_11_0302morning_0449_0.jpg,1781,D:\deep-person-reid\reid-data\msmt17\MSMT17_V1\test\2344/2344_020_11_0302afternoon_1633_0_ex.jpg,2344
9063,D:\deep-person-reid\reid-data\msmt17\MSMT17_V1\test\2344/2344_009_13_0302afternoon_1392_2_ex.jpg,2344,wrong_to_correct,D:\deep-person-reid\reid-data\msmt17\MSMT17_V1\test\1970/1970_004_13_0302noon_1287_4.jpg,1970,D:\deep-person-reid\reid-data\msmt17\MSMT17_V1\test\2344/2344_021_11_0302afternoon_1634_0.jpg,2344
9097,D:\deep-person-reid\reid-data\msmt17\MSMT17_V1\test\2356/2356_002_01_0114morning_0195_1_ex.jpg,2356,wrong_to_correct,D:\deep-person-reid\reid-data\msmt17\MSMT17_V1\test\2457/2457_004_01_0114morning_1068_1.jpg,2457,D:\deep-person-reid\reid-data\msmt17\MSMT17_V1\test\2356/2356_004_07_0114morning_0096_2.jpg,2356
9197,D:\deep-person-reid\reid-data\msmt17\MSMT17_V1\test\2385/2385_003_01_0114morning_0473_0_ex.jpg,2385,wrong_to_correct,D:\deep-person-reid\reid-data\msmt17\MSMT17_V1\test\2402/2402_002_01_0114morning_0652_0.jpg,2402,D:\deep-person-reid\reid-data\msmt17\MSMT17_V1\test\2385/2385_005_07_0114morning_0373_1_ex.jpg,2385
9202,D:\deep-person-reid\reid-data\msmt17\MSMT17_V1\test\2387/2387_007_05_0114morning_0411_0.jpg,2387,wrong_to_correct,D:\deep-person-reid\reid-data\msmt17\MSMT17_V1\test\2407/2407_003_07_0114morning_0631_0_ex.jpg,2407,D:\deep-person-reid\reid-data\msmt17\MSMT17_V1\test\2387/2387_002_07_0114morning_0390_0.jpg,2387
9204,D:\deep-person-reid\reid-data\msmt17\MSMT17_V1\test\2387/2387_009_05_0114morning_0412_1.jpg,2387,wrong_to_correct,D:\deep-person-reid\reid-data\msmt17\MSMT17_V1\test\0936/0936_014_05_0113morning_0340_3.jpg,936,D:\deep-person-reid\reid-data\msmt17\MSMT17_V1\test\2387/2387_002_07_0114morning_0390_0.jpg,2387
9268,D:\deep-person-reid\reid-data\msmt17\MSMT17_V1\test\2406/2406_002_07_0114morning_0617_2.jpg,2406,wrong_to_correct,D:\deep-person-reid\reid-data\msmt17\MSMT17_V1\test\1445/1445_005_01_0113noon_1091_4.jpg,1445,D:\deep-person-reid\reid-data\msmt17\MSMT17_V1\test\2406/2406_001_01_0114morning_0715_1_ex.jpg,2406
9269,D:\deep-person-reid\reid-data\msmt17\MSMT17_V1\test\2406/2406_003_07_0114morning_0617_2_ex.jpg,2406,wrong_to_correct,D:\deep-person-reid\reid-data\msmt17\MSMT17_V1\test\2243/2243_035_06_0302afternoon_0164_0.jpg,2243,D:\deep-person-reid\reid-data\msmt17\MSMT17_V1\test\2406/2406_001_01_0114morning_0715_1_ex.jpg,2406
9315,D:\deep-person-reid\reid-data\msmt17\MSMT17_V1\test\2424/2424_025_15_0114morning_0771_0.jpg,2424,wrong_to_correct,D:\deep-person-reid\reid-data\msmt17\MSMT17_V1\test\2730/2730_045_06_0114noon_0604_0_ex.jpg,2730,D:\deep-person-reid\reid-data\msmt17\MSMT17_V1\test\2424/2424_006_01_0114morning_0853_1.jpg,2424
9350,D:\deep-person-reid\reid-data\msmt17\MSMT17_V1\test\2438/2438_005_07_0114morning_0850_1.jpg,2438,wrong_to_correct,D:\deep-person-reid\reid-data\msmt17\MSMT17_V1\test\0110/0110_019_05_0303morning_0551_0.jpg,110,D:\deep-person-reid\reid-data\msmt17\MSMT17_V1\test\2438/2438_004_01_0114morning_0949_0.jpg,2438
9384,D:\deep-person-reid\reid-data\msmt17\MSMT17_V1\test\2448/2448_012_15_0114morning_0929_2.jpg,2448,wrong_to_correct,D:\deep-person-reid\reid-data\msmt17\MSMT17_V1\test\1629/1629_090_05_0113afternoon_1063_6.jpg,1629,D:\deep-person-reid\reid-data\msmt17\MSMT17_V1\test\2448/2448_008_05_0114morning_0925_4_ex.jpg,2448
9405,D:\deep-person-reid\reid-data\msmt17\MSMT17_V1\test\2453/2453_009_05_0114morning_0968_0.jpg,2453,wrong_to_correct,D:\deep-person-reid\reid-data\msmt17\MSMT17_V1\test\0200/0200_014_05_0303morning_1084_0.jpg,200,D:\deep-person-reid\reid-data\msmt17\MSMT17_V1\test\2453/2453_002_01_0114morning_1046_4.jpg,2453
9415,D:\deep-person-reid\reid-data\msmt17\MSMT17_V1\test\2457/2457_016_05_0114morning_0995_0_ex.jpg,2457,correct_to_wrong,D:\deep-person-reid\reid-data\msmt17\MSMT17_V1\test\2457/2457_009_01_0114morning_1071_1.jpg,2457,D:\deep-person-reid\reid-data\msmt17\MSMT17_V1\test\0181/0181_017_05_0303morning_1003_0.jpg,181
9538,D:\deep-person-reid\reid-data\msmt17\MSMT17_V1\test\2495/2495_009_01_0114morning_1399_0_ex.jpg,2495,correct_to_wrong,D:\deep-person-reid\reid-data\msmt17\MSMT17_V1\test\2495/2495_013_07_0114morning_1299_0_ex.jpg,2495,D:\deep-person-reid\reid-data\msmt17\MSMT17_V1\test\1407/1407_004_01_0113noon_0947_2.jpg,1407
9551,D:\deep-person-reid\reid-data\msmt17\MSMT17_V1\test\2497/2497_040_09_0114morning_1485_0_ex.jpg,2497,wrong_to_correct,D:\deep-person-reid\reid-data\msmt17\MSMT17_V1\test\2523/2523_012_09_0114morning_1501_0_ex.jpg,2523,D:\deep-person-reid\reid-data\msmt17\MSMT17_V1\test\2497/2497_055_04_0114morning_1252_0.jpg,2497
9619,D:\deep-person-reid\reid-data\msmt17\MSMT17_V1\test\2521/2521_056_11_0114morning_1531_0.jpg,2521,wrong_to_correct,D:\deep-person-reid\reid-data\msmt17\MSMT17_V1\test\0785/0785_004_13_0303afternoon_1060_0.jpg,785,D:\deep-person-reid\reid-data\msmt17\MSMT17_V1\test\2521/2521_060_13_0114morning_1604_0.jpg,2521
9620,D:\deep-person-reid\reid-data\msmt17\MSMT17_V1\test\2521/2521_057_11_0114morning_1531_0_ex.jpg,2521,wrong_to_correct,D:\deep-person-reid\reid-data\msmt17\MSMT17_V1\test\1171/1171_009_11_0113morning_0997_2.jpg,1171,D:\deep-person-reid\reid-data\msmt17\MSMT17_V1\test\2521/2521_061_13_0114morning_1604_0_ex.jpg,2521
9739,D:\deep-person-reid\reid-data\msmt17\MSMT17_V1\test\2557/2557_037_04_0114morning_0040_2.jpg,2557,wrong_to_correct,D:\deep-person-reid\reid-data\msmt17\MSMT17_V1\test\1857/1857_021_11_0302morning_0269_0_ex.jpg,1857,D:\deep-person-reid\reid-data\msmt17\MSMT17_V1\test\2557/2557_051_05_0114morning_0271_0.jpg,2557
9750,D:\deep-person-reid\reid-data\msmt17\MSMT17_V1\test\2559/2559_072_07_0114morning_0452_2.jpg,2559,wrong_to_correct,D:\deep-person-reid\reid-data\msmt17\MSMT17_V1\test\2387/2387_002_07_0114morning_0390_0.jpg,2387,D:\deep-person-reid\reid-data\msmt17\MSMT17_V1\test\2559/2559_045_06_0114morning_0418_0.jpg,2559
9751,D:\deep-person-reid\reid-data\msmt17\MSMT17_V1\test\2559/2559_073_07_0114morning_0452_2_ex.jpg,2559,wrong_to_correct,D:\deep-person-reid\reid-data\msmt17\MSMT17_V1\test\0037/0037_007_07_0303morning_0150_0_ex.jpg,37,D:\deep-person-reid\reid-data\msmt17\MSMT17_V1\test\2559/2559_045_06_0114morning_0418_0.jpg,2559
9799,D:\deep-person-reid\reid-data\msmt17\MSMT17_V1\test\2572/2572_014_07_0114morning_1122_0_ex.jpg,2572,correct_to_wrong,D:\deep-person-reid\reid-data\msmt17\MSMT17_V1\test\2572/2572_007_06_0114morning_1069_1.jpg,2572,D:\deep-person-reid\reid-data\msmt17\MSMT17_V1\test\2539/2539_008_01_0114morning_1697_1.jpg,2539
9806,D:\deep-person-reid\reid-data\msmt17\MSMT17_V1\test\2573/2573_003_12_0114morning_1090_2_ex.jpg,2573,wrong_to_correct,D:\deep-person-reid\reid-data\msmt17\MSMT17_V1\test\0194/0194_016_15_0303morning_1260_0_ex.jpg,194,D:\deep-person-reid\reid-data\msmt17\MSMT17_V1\test\2573/2573_004_13_0114morning_1173_1.jpg,2573
9825,D:\deep-person-reid\reid-data\msmt17\MSMT17_V1\test\2577/2577_023_09_0114morning_1525_0.jpg,2577,wrong_to_correct,D:\deep-person-reid\reid-data\msmt17\MSMT17_V1\test\2497/2497_042_09_0114morning_1486_0_ex.jpg,2497,D:\deep-person-reid\reid-data\msmt17\MSMT17_V1\test\2577/2577_053_04_0114morning_1290_0.jpg,2577
9847,D:\deep-person-reid\reid-data\msmt17\MSMT17_V1\test\2581/2581_014_11_0114morning_1662_0_ex.jpg,2581,wrong_to_correct,D:\deep-person-reid\reid-data\msmt17\MSMT17_V1\test\0832/0832_004_13_0303afternoon_1379_0.jpg,832,D:\deep-person-reid\reid-data\msmt17\MSMT17_V1\test\2581/2581_004_13_0114morning_1729_0_ex.jpg,2581
9890,D:\deep-person-reid\reid-data\msmt17\MSMT17_V1\test\2593/2593_004_05_0114noon_0282_0.jpg,2593,wrong_to_correct,D:\deep-person-reid\reid-data\msmt17\MSMT17_V1\test\1921/1921_021_05_0302noon_0538_2.jpg,1921,D:\deep-person-reid\reid-data\msmt17\MSMT17_V1\test\2593/2593_014_14_0114noon_0298_0_ex.jpg,2593
9895,D:\deep-person-reid\reid-data\msmt17\MSMT17_V1\test\2595/2595_005_01_0114noon_0348_1.jpg,2595,wrong_to_correct,D:\deep-person-reid\reid-data\msmt17\MSMT17_V1\test\2652/2652_000_01_0114noon_0697_1.jpg,2652,D:\deep-person-reid\reid-data\msmt17\MSMT17_V1\test\2595/2595_036_15_0114noon_0366_2.jpg,2595
9924,D:\deep-person-reid\reid-data\msmt17\MSMT17_V1\test\2602/2602_014_14_0114noon_0331_2_ex.jpg,2602,correct_to_wrong,D:\deep-person-reid\reid-data\msmt17\MSMT17_V1\test\2602/2602_008_05_0114noon_0314_2_ex.jpg,2602,D:\deep-person-reid\reid-data\msmt17\MSMT17_V1\test\2883/2883_008_14_0114afternoon_0966_0.jpg,2883
9947,D:\deep-person-reid\reid-data\msmt17\MSMT17_V1\test\2608/2608_082_07_0114noon_1670_1.jpg,2608,wrong_to_correct,D:\deep-person-reid\reid-data\msmt17\MSMT17_V1\test\1869/1869_035_09_0302morning_1060_2.jpg,1869,D:\deep-person-reid\reid-data\msmt17\MSMT17_V1\test\2608/2608_062_01_0114noon_1086_1_ex.jpg,2608
9981,D:\deep-person-reid\reid-data\msmt17\MSMT17_V1\test\2616/2616_025_14_0114noon_0392_5_ex.jpg,2616,wrong_to_correct,D:\deep-person-reid\reid-data\msmt17\MSMT17_V1\test\2528/2528_012_14_0114morning_1546_2.jpg,2528,D:\deep-person-reid\reid-data\msmt17\MSMT17_V1\test\2616/2616_008_07_0114noon_0334_0.jpg,2616
9983,D:\deep-person-reid\reid-data\msmt17\MSMT17_V1\test\2617/2617_013_05_0114noon_0377_1_ex.jpg,2617,wrong_to_correct,D:\deep-person-reid\reid-data\msmt17\MSMT17_V1\test\2635/2635_074_05_0114noon_1402_0.jpg,2635,D:\deep-person-reid\reid-data\msmt17\MSMT17_V1\test\2617/2617_023_14_0114noon_0396_2_ex.jpg,2617
10014,D:\deep-person-reid\reid-data\msmt17\MSMT17_V1\test\2626/2626_012_05_0114noon_1101_0.jpg,2626,wrong_to_correct,D:\deep-person-reid\reid-data\msmt17\MSMT17_V1\test\2690/2690_018_05_0114noon_1637_0_ex.jpg,2690,D:\deep-person-reid\reid-data\msmt17\MSMT17_V1\test\2626/2626_016_14_0114noon_1100_3.jpg,2626
10101,D:\deep-person-reid\reid-data\msmt17\MSMT17_V1\test\2654/2654_058_01_0114afternoon_1212_1_ex.jpg,2654,correct_to_wrong,D:\deep-person-reid\reid-data\msmt17\MSMT17_V1\test\2654/2654_055_05_0114afternoon_1153_1.jpg,2654,D:\deep-person-reid\reid-data\msmt17\MSMT17_V1\test\0834/0834_017_12_0303afternoon_1394_1.jpg,834
10137,D:\deep-person-reid\reid-data\msmt17\MSMT17_V1\test\2663/2663_028_15_0114noon_1440_1.jpg,2663,correct_to_wrong,D:\deep-person-reid\reid-data\msmt17\MSMT17_V1\test\2663/2663_014_05_0114noon_1404_0.jpg,2663,D:\deep-person-reid\reid-data\msmt17\MSMT17_V1\test\2416/2416_009_05_0114morning_0734_0.jpg,2416
10186,D:\deep-person-reid\reid-data\msmt17\MSMT17_V1\test\2676/2676_003_01_0114noon_0906_2_ex.jpg,2676,correct_to_wrong,D:\deep-person-reid\reid-data\msmt17\MSMT17_V1\test\2676/2676_012_15_0114noon_1544_0.jpg,2676,D:\deep-person-reid\reid-data\msmt17\MSMT17_V1\test\0235/0235_013_01_0303morning_1342_1_ex.jpg,235
10200,D:\deep-person-reid\reid-data\msmt17\MSMT17_V1\test\2682/2682_006_05_0114noon_1560_0.jpg,2682,wrong_to_correct,D:\deep-person-reid\reid-data\msmt17\MSMT17_V1\test\1461/1461_054_05_0113noon_0594_1_ex.jpg,1461,D:\deep-person-reid\reid-data\msmt17\MSMT17_V1\test\2682/2682_012_14_0114noon_1552_3_ex.jpg,2682
10201,D:\deep-person-reid\reid-data\msmt17\MSMT17_V1\test\2682/2682_007_05_0114noon_1560_0_ex.jpg,2682,wrong_to_correct,D:\deep-person-reid\reid-data\msmt17\MSMT17_V1\test\2658/2658_014_05_0114noon_1370_0.jpg,2658,D:\deep-person-reid\reid-data\msmt17\MSMT17_V1\test\2682/2682_012_14_0114noon_1552_3_ex.jpg,2682
10227,D:\deep-person-reid\reid-data\msmt17\MSMT17_V1\test\2691/2691_023_15_0114noon_1666_2_ex.jpg,2691,wrong_to_correct,D:\deep-person-reid\reid-data\msmt17\MSMT17_V1\test\1578/1578_064_07_0113afternoon_0236_2.jpg,1578,D:\deep-person-reid\reid-data\msmt17\MSMT17_V1\test\2691/2691_013_05_0114noon_1631_0_ex.jpg,2691
10257,D:\deep-person-reid\reid-data\msmt17\MSMT17_V1\test\2700/2700_008_05_0114noon_1720_1.jpg,2700,wrong_to_correct,D:\deep-person-reid\reid-data\msmt17\MSMT17_V1\test\2947/2947_001_14_0114afternoon_1397_0_ex.jpg,2947,D:\deep-person-reid\reid-data\msmt17\MSMT17_V1\test\2700/2700_002_07_0114noon_1675_1.jpg,2700
10264,D:\deep-person-reid\reid-data\msmt17\MSMT17_V1\test\2704/2704_020_05_0114noon_1755_2_ex.jpg,2704,correct_to_wrong,D:\deep-person-reid\reid-data\msmt17\MSMT17_V1\test\2704/2704_031_14_0114noon_1754_0.jpg,2704,D:\deep-person-reid\reid-data\msmt17\MSMT17_V1\test\1238/1238_015_05_0113noon_0259_0.jpg,1238
10290,D:\deep-person-reid\reid-data\msmt17\MSMT17_V1\test\2710/2710_089_06_0114noon_0281_0_ex.jpg,2710,wrong_to_correct,D:\deep-person-reid\reid-data\msmt17\MSMT17_V1\test\2740/2740_050_06_0114noon_0828_0.jpg,2740,D:\deep-person-reid\reid-data\msmt17\MSMT17_V1\test\2710/2710_072_07_0114noon_0261_2.jpg,2710
10323,D:\deep-person-reid\reid-data\msmt17\MSMT17_V1\test\2717/2717_004_12_0114noon_0534_0_ex.jpg,2717,wrong_to_correct,D:\deep-person-reid\reid-data\msmt17\MSMT17_V1\test\2713/2713_002_12_0114noon_0375_1.jpg,2713,D:\deep-person-reid\reid-data\msmt17\MSMT17_V1\test\2717/2717_045_07_0114noon_0487_1.jpg,2717
10337,D:\deep-person-reid\reid-data\msmt17\MSMT17_V1\test\2718/2718_079_06_0114noon_0500_0.jpg,2718,wrong_to_correct,D:\deep-person-reid\reid-data\msmt17\MSMT17_V1\test\2855/2855_015_07_0114afternoon_0727_0.jpg,2855,D:\deep-person-reid\reid-data\msmt17\MSMT17_V1\test\2718/2718_002_12_0114noon_0533_0.jpg,2718
10351,D:\deep-person-reid\reid-data\msmt17\MSMT17_V1\test\2720/2720_002_12_0114noon_0552_0.jpg,2720,correct_to_wrong,D:\deep-person-reid\reid-data\msmt17\MSMT17_V1\test\2720/2720_035_06_0114noon_0511_3_ex.jpg,2720,D:\deep-person-reid\reid-data\msmt17\MSMT17_V1\test\1760/1760_019_04_0302morning_0336_1_ex.jpg,1760
10514,D:\deep-person-reid\reid-data\msmt17\MSMT17_V1\test\2753/2753_030_06_0114noon_1075_1.jpg,2753,wrong_to_correct,D:\deep-person-reid\reid-data\msmt17\MSMT17_V1\test\2951/2951_005_05_0114afternoon_1402_0.jpg,2951,D:\deep-person-reid\reid-data\msmt17\MSMT17_V1\test\2753/2753_024_07_0114noon_1051_3.jpg,2753
10535,D:\deep-person-reid\reid-data\msmt17\MSMT17_V1\test\2756/2756_002_12_0114noon_1231_1.jpg,2756,correct_to_wrong,D:\deep-person-reid\reid-data\msmt17\MSMT17_V1\test\2756/2756_034_10_0114noon_1257_0_ex.jpg,2756,D:\deep-person-reid\reid-data\msmt17\MSMT17_V1\test\0063/0063_037_01_0302morning_0201_0_ex.jpg,63
10588,D:\deep-person-reid\reid-data\msmt17\MSMT17_V1\test\2771/2771_071_04_0114noon_1478_1_ex.jpg,2771,wrong_to_correct,D:\deep-person-reid\reid-data\msmt17\MSMT17_V1\test\1506/1506_020_04_0113noon_0967_0_ex.jpg,1506,D:\deep-person-reid\reid-data\msmt17\MSMT17_V1\test\2771/2771_053_06_0114noon_1596_0.jpg,2771
10600,D:\deep-person-reid\reid-data\msmt17\MSMT17_V1\test\2772/2772_066_04_0114noon_1474_0_ex.jpg,2772,wrong_to_correct,D:\deep-person-reid\reid-data\msmt17\MSMT17_V1\test\1895/1895_110_15_0302noon_0355_0.jpg,1895,D:\deep-person-reid\reid-data\msmt17\MSMT17_V1\test\2772/2772_092_14_0114noon_1629_3.jpg,2772
10624,D:\deep-person-reid\reid-data\msmt17\MSMT17_V1\test\2778/2778_000_01_0114afternoon_0182_0.jpg,2778,wrong_to_correct,D:\deep-person-reid\reid-data\msmt17\MSMT17_V1\test\2777/2777_002_01_0114afternoon_0176_0.jpg,2777,D:\deep-person-reid\reid-data\msmt17\MSMT17_V1\test\2778/2778_018_07_0114afternoon_0138_1_ex.jpg,2778
10658,D:\deep-person-reid\reid-data\msmt17\MSMT17_V1\test\2786/2786_019_05_0114afternoon_0233_3.jpg,2786,wrong_to_correct,D:\deep-person-reid\reid-data\msmt17\MSMT17_V1\test\1328/1328_013_05_0113noon_0627_0_ex.jpg,1328,D:\deep-person-reid\reid-data\msmt17\MSMT17_V1\test\2786/2786_000_01_0114afternoon_0265_1.jpg,2786
10695,D:\deep-person-reid\reid-data\msmt17\MSMT17_V1\test\2794/2794_015_05_0114afternoon_0273_4_ex.jpg,2794,correct_to_wrong,D:\deep-person-reid\reid-data\msmt17\MSMT17_V1\test\2794/2794_004_01_0114afternoon_0302_2.jpg,2794,D:\deep-person-reid\reid-data\msmt17\MSMT17_V1\test\1274/1274_023_05_0114noon_1503_0.jpg,1274
10698,D:\deep-person-reid\reid-data\msmt17\MSMT17_V1\test\2795/2795_017_05_0114afternoon_0280_0.jpg,2795,wrong_to_correct,D:\deep-person-reid\reid-data\msmt17\MSMT17_V1\test\0626/0626_022_01_0303afternoon_1587_2.jpg,626,D:\deep-person-reid\reid-data\msmt17\MSMT17_V1\test\2795/2795_001_01_0114afternoon_0314_3_ex.jpg,2795
10703,D:\deep-person-reid\reid-data\msmt17\MSMT17_V1\test\2796/2796_019_05_0114afternoon_0282_0_ex.jpg,2796,wrong_to_correct,D:\deep-person-reid\reid-data\msmt17\MSMT17_V1\test\1554/1554_005_06_0113noon_1519_2.jpg,1554,D:\deep-person-reid\reid-data\msmt17\MSMT17_V1\test\2796/2796_003_01_0114afternoon_0317_1_ex.jpg,2796
10733,D:\deep-person-reid\reid-data\msmt17\MSMT17_V1\test\2803/2803_001_01_0114afternoon_0396_1_ex.jpg,2803,wrong_to_correct,D:\deep-person-reid\reid-data\msmt17\MSMT17_V1\test\1395/1395_011_05_0113noon_0875_2_ex.jpg,1395,D:\deep-person-reid\reid-data\msmt17\MSMT17_V1\test\2803/2803_033_14_0114afternoon_0411_0_ex.jpg,2803
10754,D:\deep-person-reid\reid-data\msmt17\MSMT17_V1\test\2809/2809_002_01_0114afternoon_0439_1_ex.jpg,2809,wrong_to_correct,D:\deep-person-reid\reid-data\msmt17\MSMT17_V1\test\1629/1629_044_09_0113afternoon_0967_0_ex.jpg,1629,D:\deep-person-reid\reid-data\msmt17\MSMT17_V1\test\2809/2809_025_05_0114afternoon_0410_0.jpg,2809
10788,D:\deep-person-reid\reid-data\msmt17\MSMT17_V1\test\2819/2819_014_05_0114afternoon_0509_0.jpg,2819,correct_to_wrong,D:\deep-person-reid\reid-data\msmt17\MSMT17_V1\test\2819/2819_011_07_0114afternoon_0496_0.jpg,2819,D:\deep-person-reid\reid-data\msmt17\MSMT17_V1\test\1875/1875_030_04_0302noon_0096_2.jpg,1875
10811,D:\deep-person-reid\reid-data\msmt17\MSMT17_V1\test\2825/2825_026_05_0114afternoon_1227_1.jpg,2825,wrong_to_correct,D:\deep-person-reid\reid-data\msmt17\MSMT17_V1\test\2524/2524_035_15_0114morning_1504_2.jpg,2524,D:\deep-person-reid\reid-data\msmt17\MSMT17_V1\test\2825/2825_008_07_0114afternoon_0545_0.jpg,2825
10832,D:\deep-person-reid\reid-data\msmt17\MSMT17_V1\test\2832/2832_001_01_0114afternoon_0640_5_ex.jpg,2832,wrong_to_correct,D:\deep-person-reid\reid-data\msmt17\MSMT17_V1\test\2833/2833_003_01_0114afternoon_0641_4_ex.jpg,2833,D:\deep-person-reid\reid-data\msmt17\MSMT17_V1\test\2832/2832_044_05_0114afternoon_1540_2.jpg,2832
10895,D:\deep-person-reid\reid-data\msmt17\MSMT17_V1\test\2850/2850_009_01_0114afternoon_0775_1_ex.jpg,2850,correct_to_wrong,D:\deep-person-reid\reid-data\msmt17\MSMT17_V1\test\2850/2850_005_03_0114afternoon_0750_0.jpg,2850,D:\deep-person-reid\reid-data\msmt17\MSMT17_V1\test\2385/2385_024_15_0114morning_0401_1.jpg,2385
10907,D:\deep-person-reid\reid-data\msmt17\MSMT17_V1\test\2853/2853_039_01_0114afternoon_1608_0_ex.jpg,2853,wrong_to_correct,D:\deep-person-reid\reid-data\msmt17\MSMT17_V1\test\1839/1839_026_15_0302morning_0790_0_ex.jpg,1839,D:\deep-person-reid\reid-data\msmt17\MSMT17_V1\test\2853/2853_006_05_0114afternoon_0726_2_ex.jpg,2853
10931,D:\deep-person-reid\reid-data\msmt17\MSMT17_V1\test\2861/2861_009_07_0114afternoon_0779_0.jpg,2861,wrong_to_correct,D:\deep-person-reid\reid-data\msmt17\MSMT17_V1\test\2799/2799_016_07_0114afternoon_0302_0_ex.jpg,2799,D:\deep-person-reid\reid-data\msmt17\MSMT17_V1\test\2861/2861_018_01_0114afternoon_0849_1.jpg,2861
10936,D:\deep-person-reid\reid-data\msmt17\MSMT17_V1\test\2863/2863_028_01_0114afternoon_0864_2.jpg,2863,wrong_to_correct,D:\deep-person-reid\reid-data\msmt17\MSMT17_V1\test\2961/2961_011_01_0114afternoon_1554_7.jpg,2961,D:\deep-person-reid\reid-data\msmt17\MSMT17_V1\test\2863/2863_016_05_0114afternoon_0799_1_ex.jpg,2863
10946,D:\deep-person-reid\reid-data\msmt17\MSMT17_V1\test\2865/2865_033_01_0114afternoon_0896_1.jpg,2865,wrong_to_correct,D:\deep-person-reid\reid-data\msmt17\MSMT17_V1\test\2613/2613_004_01_0114noon_0425_2.jpg,2613,D:\deep-person-reid\reid-data\msmt17\MSMT17_V1\test\2865/2865_025_07_0114afternoon_0818_2_ex.jpg,2865
11002,D:\deep-person-reid\reid-data\msmt17\MSMT17_V1\test\2883/2883_021_05_0114afternoon_0956_1_ex.jpg,2883,correct_to_wrong,D:\deep-person-reid\reid-data\msmt17\MSMT17_V1\test\2883/2883_025_07_0114afternoon_0943_0_ex.jpg,2883,D:\deep-person-reid\reid-data\msmt17\MSMT17_V1\test\0568/0568_000_14_0303afternoon_0966_0.jpg,568
11049,D:\deep-person-reid\reid-data\msmt17\MSMT17_V1\test\2897/2897_011_05_0114afternoon_1027_0_ex.jpg,2897,correct_to_wrong,D:\deep-person-reid\reid-data\msmt17\MSMT17_V1\test\2897/2897_024_01_0114afternoon_1085_0_ex.jpg,2897,D:\deep-person-reid\reid-data\msmt17\MSMT17_V1\test\0581/0581_036_01_0303afternoon_1381_1.jpg,581
11089,D:\deep-person-reid\reid-data\msmt17\MSMT17_V1\test\2910/2910_012_07_0114afternoon_1061_0.jpg,2910,wrong_to_correct,D:\deep-person-reid\reid-data\msmt17\MSMT17_V1\test\2154/2154_006_07_0302afternoon_1547_1.jpg,2154,D:\deep-person-reid\reid-data\msmt17\MSMT17_V1\test\2910/2910_000_14_0114afternoon_1080_0.jpg,2910
11093,D:\deep-person-reid\reid-data\msmt17\MSMT17_V1\test\2911/2911_012_05_0114afternoon_1081_1_ex.jpg,2911,wrong_to_correct,D:\deep-person-reid\reid-data\msmt17\MSMT17_V1\test\0601/0601_010_05_0303afternoon_1463_2.jpg,601,D:\deep-person-reid\reid-data\msmt17\MSMT17_V1\test\2911/2911_018_01_0114afternoon_1145_1.jpg,2911
11103,D:\deep-person-reid\reid-data\msmt17\MSMT17_V1\test\2915/2915_051_13_0114afternoon_1419_1.jpg,2915,wrong_to_correct,D:\deep-person-reid\reid-data\msmt17\MSMT17_V1\test\1632/1632_005_13_0113afternoon_1052_1.jpg,1632,D:\deep-person-reid\reid-data\msmt17\MSMT17_V1\test\2915/2915_058_11_0114afternoon_1424_1_ex.jpg,2915
11155,D:\deep-person-reid\reid-data\msmt17\MSMT17_V1\test\2931/2931_000_14_0114afternoon_1269_0.jpg,2931,wrong_to_correct,D:\deep-person-reid\reid-data\msmt17\MSMT17_V1\test\0288/0288_025_14_0303morning_1888_0_ex.jpg,288,D:\deep-person-reid\reid-data\msmt17\MSMT17_V1\test\2931/2931_005_07_0114afternoon_1247_0.jpg,2931
11164,D:\deep-person-reid\reid-data\msmt17\MSMT17_V1\test\2935/2935_007_05_0114afternoon_1277_3_ex.jpg,2935,correct_to_wrong,D:\deep-person-reid\reid-data\msmt17\MSMT17_V1\test\2935/2935_015_07_0114afternoon_1267_0.jpg,2935,D:\deep-person-reid\reid-data\msmt17\MSMT17_V1\test\0499/0499_019_05_0303afternoon_0461_1_ex.jpg,499
11213,D:\deep-person-reid\reid-data\msmt17\MSMT17_V1\test\2951/2951_009_05_0114afternoon_1404_0.jpg,2951,wrong_to_correct,D:\deep-person-reid\reid-data\msmt17\MSMT17_V1\test\1519/1519_015_12_0114noon_0944_0_ex.jpg,1519,D:\deep-person-reid\reid-data\msmt17\MSMT17_V1\test\2951/2951_011_01_0114afternoon_1462_2.jpg,2951
11247,D:\deep-person-reid\reid-data\msmt17\MSMT17_V1\test\2964/2964_006_05_0114afternoon_1541_4_ex.jpg,2964,wrong_to_correct,D:\deep-person-reid\reid-data\msmt17\MSMT17_V1\test\1752/1752_010_01_0302morning_0292_3_ex.jpg,1752,D:\deep-person-reid\reid-data\msmt17\MSMT17_V1\test\2964/2964_014_01_0114afternoon_1600_0.jpg,2964
11308,D:\deep-person-reid\reid-data\msmt17\MSMT17_V1\test\2989/2989_017_01_0114afternoon_1759_1.jpg,2989,wrong_to_correct,D:\deep-person-reid\reid-data\msmt17\MSMT17_V1\test\2988/2988_013_01_0114afternoon_1756_0.jpg,2988,D:\deep-person-reid\reid-data\msmt17\MSMT17_V1\test\2989/2989_000_14_0114afternoon_1708_0.jpg,2989
11352,D:\deep-person-reid\reid-data\msmt17\MSMT17_V1\test\3005/3005_071_05_0114afternoon_0259_1_ex.jpg,3005,wrong_to_correct,D:\deep-person-reid\reid-data\msmt17\MSMT17_V1\test\2790/2790_012_07_0114afternoon_0230_0.jpg,2790,D:\deep-person-reid\reid-data\msmt17\MSMT17_V1\test\3005/3005_036_06_0114afternoon_0238_1_ex.jpg,3005
11353,D:\deep-person-reid\reid-data\msmt17\MSMT17_V1\test\3005/3005_047_04_0114afternoon_0250_1.jpg,3005,wrong_to_correct,D:\deep-person-reid\reid-data\msmt17\MSMT17_V1\test\0496/0496_022_03_0303afternoon_0482_1.jpg,496,D:\deep-person-reid\reid-data\msmt17\MSMT17_V1\test\3005/3005_027_09_0114afternoon_0302_1.jpg,3005
11362,D:\deep-person-reid\reid-data\msmt17\MSMT17_V1\test\3006/3006_000_12_0114afternoon_0284_0.jpg,3006,correct_to_wrong,D:\deep-person-reid\reid-data\msmt17\MSMT17_V1\test\3006/3006_054_10_0114afternoon_0304_1.jpg,3006,D:\deep-person-reid\reid-data\msmt17\MSMT17_V1\test\1540/1540_009_12_0113noon_1159_1.jpg,1540
11365,D:\deep-person-reid\reid-data\msmt17\MSMT17_V1\test\3006/3006_060_13_0114afternoon_0573_5_ex.jpg,3006,correct_to_wrong,D:\deep-person-reid\reid-data\msmt17\MSMT17_V1\test\3006/3006_025_11_0114afternoon_0289_1_ex.jpg,3006,D:\deep-person-reid\reid-data\msmt17\MSMT17_V1\test\3021/3021_006_13_0114afternoon_0583_0_ex.jpg,3021
11373,D:\deep-person-reid\reid-data\msmt17\MSMT17_V1\test\3007/3007_026_09_0114afternoon_0339_0_ex.jpg,3007,wrong_to_correct,D:\deep-person-reid\reid-data\msmt17\MSMT17_V1\test\3032/3032_014_09_0114afternoon_1102_1_ex.jpg,3032,D:\deep-person-reid\reid-data\msmt17\MSMT17_V1\test\3007/3007_045_08_0114afternoon_0157_0.jpg,3007
11438,D:\deep-person-reid\reid-data\msmt17\MSMT17_V1\test\3019/3019_032_09_0114afternoon_0613_1.jpg,3019,wrong_to_correct,D:\deep-person-reid\reid-data\msmt17\MSMT17_V1\test\2384/2384_017_15_0114morning_0382_2.jpg,2384,D:\deep-person-reid\reid-data\msmt17\MSMT17_V1\test\3019/3019_051_01_0114afternoon_0612_0_ex.jpg,3019
11443,D:\deep-person-reid\reid-data\msmt17\MSMT17_V1\test\3020/3020_003_12_0114afternoon_0563_0_ex.jpg,3020,wrong_to_correct,D:\deep-person-reid\reid-data\msmt17\MSMT17_V1\test\1042/1042_024_05_0114morning_0975_1.jpg,1042,D:\deep-person-reid\reid-data\msmt17\MSMT17_V1\test\3020/3020_004_13_0114afternoon_0556_0.jpg,3020
11445,D:\deep-person-reid\reid-data\msmt17\MSMT17_V1\test\3020/3020_060_05_0114afternoon_0563_2_ex.jpg,3020,wrong_to_correct,D:\deep-person-reid\reid-data\msmt17\MSMT17_V1\test\2922/2922_017_01_0114afternoon_1263_0.jpg,2922,D:\deep-person-reid\reid-data\msmt17\MSMT17_V1\test\3020/3020_026_09_0114afternoon_0613_0_ex.jpg,3020
11462,D:\deep-person-reid\reid-data\msmt17\MSMT17_V1\test\3023/3023_032_11_0114afternoon_0785_0_ex.jpg,3023,wrong_to_correct,D:\deep-person-reid\reid-data\msmt17\MSMT17_V1\test\1792/1792_004_11_0302morning_0472_1_ex.jpg,1792,D:\deep-person-reid\reid-data\msmt17\MSMT17_V1\test\3023/3023_019_13_0114afternoon_0780_3.jpg,3023
11464,D:\deep-person-reid\reid-data\msmt17\MSMT17_V1\test\3023/3023_003_12_0114afternoon_0781_1_ex.jpg,3023,correct_to_wrong,D:\deep-person-reid\reid-data\msmt17\MSMT17_V1\test\3023/3023_011_13_0114afternoon_0776_0.jpg,3023,D:\deep-person-reid\reid-data\msmt17\MSMT17_V1\test\1426/1426_002_01_0113noon_1011_2.jpg,1426
11465,D:\deep-person-reid\reid-data\msmt17\MSMT17_V1\test\3023/3023_004_12_0114afternoon_0782_0.jpg,3023,correct_to_wrong,D:\deep-person-reid\reid-data\msmt17\MSMT17_V1\test\3023/3023_011_13_0114afternoon_0776_0.jpg,3023,D:\deep-person-reid\reid-data\msmt17\MSMT17_V1\test\2054/2054_000_14_0302afternoon_0630_0.jpg,2054
11478,D:\deep-person-reid\reid-data\msmt17\MSMT17_V1\test\3028/3028_014_11_0114afternoon_1016_0.jpg,3028,correct_to_wrong,D:\deep-person-reid\reid-data\msmt17\MSMT17_V1\test\3028/3028_007_13_0114afternoon_1011_5.jpg,3028,D:\deep-person-reid\reid-data\msmt17\MSMT17_V1\test\0363/0363_013_11_0303noon_0401_0.jpg,363
11497,D:\deep-person-reid\reid-data\msmt17\MSMT17_V1\test\3031/3031_051_01_0114afternoon_1204_0.jpg,3031,wrong_to_correct,D:\deep-person-reid\reid-data\msmt17\MSMT17_V1\test\0119/0119_005_07_0303morning_0586_0_ex.jpg,119,D:\deep-person-reid\reid-data\msmt17\MSMT17_V1\test\3031/3031_033_04_0114afternoon_1085_1_ex.jpg,3031
11527,D:\deep-person-reid\reid-data\msmt17\MSMT17_V1\test\3036/3036_001_12_0114afternoon_1285_0_ex.jpg,3036,wrong_to_correct,D:\deep-person-reid\reid-data\msmt17\MSMT17_V1\test\1624/1624_001_12_0113afternoon_0834_1.jpg,1624,D:\deep-person-reid\reid-data\msmt17\MSMT17_V1\test\3036/3036_016_11_0114afternoon_1285_1.jpg,3036
11566,D:\deep-person-reid\reid-data\msmt17\MSMT17_V1\test\3044/3044_002_12_0114afternoon_1498_0.jpg,3044,wrong_to_correct,D:\deep-person-reid\reid-data\msmt17\MSMT17_V1\test\3035/3035_000_12_0114afternoon_1208_0.jpg,3035,D:\deep-person-reid\reid-data\msmt17\MSMT17_V1\test\3044/3044_023_06_0114afternoon_1484_0_ex.jpg,3044
11567,D:\deep-person-reid\reid-data\msmt17\MSMT17_V1\test\3044/3044_010_11_0114afternoon_1496_0.jpg,3044,correct_to_wrong,D:\deep-person-reid\reid-data\msmt17\MSMT17_V1\test\3044/3044_000_12_0114afternoon_1497_0.jpg,3044,D:\deep-person-reid\reid-data\msmt17\MSMT17_V1\test\2264/2264_011_11_0302afternoon_0808_0.jpg,2264
11570,D:\deep-person-reid\reid-data\msmt17\MSMT17_V1\test\3045/3045_000_12_0114afternoon_1490_0.jpg,3045,wrong_to_correct,D:\deep-person-reid\reid-data\msmt17\MSMT17_V1\test\0568/0568_000_14_0303afternoon_0966_0.jpg,568,D:\deep-person-reid\reid-data\msmt17\MSMT17_V1\test\3045/3045_003_13_0114afternoon_1483_0.jpg,3045
11574,D:\deep-person-reid\reid-data\msmt17\MSMT17_V1\test\3045/3045_013_13_0114afternoon_1488_2.jpg,3045,wrong_to_correct,D:\deep-person-reid\reid-data\msmt17\MSMT17_V1\test\1641/1641_050_13_0113afternoon_1198_2.jpg,1641,D:\deep-person-reid\reid-data\msmt17\MSMT17_V1\test\3045/3045_038_09_0114afternoon_1569_0_ex.jpg,3045
11597,D:\deep-person-reid\reid-data\msmt17\MSMT17_V1\test\3048/3048_016_11_0114afternoon_1664_2.jpg,3048,correct_to_wrong,D:\deep-person-reid\reid-data\msmt17\MSMT17_V1\test\3048/3048_060_04_0114afternoon_1642_0_ex.jpg,3048,D:\deep-person-reid\reid-data\msmt17\MSMT17_V1\test\3045/3045_003_13_0114afternoon_1483_0.jpg,3045
11602,D:\deep-person-reid\reid-data\msmt17\MSMT17_V1\test\3049/3049_012_11_0114afternoon_1692_0_ex.jpg,3049,correct_to_wrong,D:\deep-person-reid\reid-data\msmt17\MSMT17_V1\test\3049/3049_005_13_0114afternoon_1691_2.jpg,3049,D:\deep-person-reid\reid-data\msmt17\MSMT17_V1\test\2283/2283_004_13_0302afternoon_0878_1.jpg,2283
11625,D:\deep-person-reid\reid-data\msmt17\MSMT17_V1\test\3052/3052_022_09_0114afternoon_1733_2_ex.jpg,3052,wrong_to_correct,D:\deep-person-reid\reid-data\msmt17\MSMT17_V1\test\1690/1690_033_09_0113afternoon_1739_1.jpg,1690,D:\deep-person-reid\reid-data\msmt17\MSMT17_V1\test\3052/3052_015_11_0114afternoon_1727_3.jpg,3052
